
ECDLM001_V7.elf:     file format elf32-avr

Sections:
Idx Name          Size      VMA       LMA       File off  Algn
  0 .text         000043c8  00000000  00000000  00000094  2**1
                  CONTENTS, ALLOC, LOAD, READONLY, CODE
  1 .data         00000dd6  00802000  000043c8  0000445c  2**0
                  CONTENTS, ALLOC, LOAD, DATA
  2 .bss          000002fc  00802dd6  00802dd6  00005232  2**0
                  ALLOC
  3 .comment      0000005c  00000000  00000000  00005232  2**0
                  CONTENTS, READONLY
  4 .note.gnu.avr.deviceinfo 00000040  00000000  00000000  00005290  2**2
                  CONTENTS, READONLY
  5 .debug_aranges 000002c0  00000000  00000000  000052d0  2**3
                  CONTENTS, READONLY, DEBUGGING
  6 .debug_info   0000a066  00000000  00000000  00005590  2**0
                  CONTENTS, READONLY, DEBUGGING
  7 .debug_abbrev 000041b9  00000000  00000000  0000f5f6  2**0
                  CONTENTS, READONLY, DEBUGGING
  8 .debug_line   00004544  00000000  00000000  000137af  2**0
                  CONTENTS, READONLY, DEBUGGING
  9 .debug_frame  00000a84  00000000  00000000  00017cf4  2**2
                  CONTENTS, READONLY, DEBUGGING
 10 .debug_str    0002fa1d  00000000  00000000  00018778  2**0
                  CONTENTS, READONLY, DEBUGGING
 11 .debug_loc    00003920  00000000  00000000  00048195  2**0
                  CONTENTS, READONLY, DEBUGGING
 12 .debug_ranges 000002d0  00000000  00000000  0004bab5  2**0
                  CONTENTS, READONLY, DEBUGGING
 13 .debug_macro  0000a4fb  00000000  00000000  0004bd85  2**0
                  CONTENTS, READONLY, DEBUGGING

Disassembly of section .text:

00000000 <__vectors>:
       0:	85 c2       	rjmp	.+1290   	; 0x50c <__ctors_end>
       2:	00 00       	nop
       4:	a4 c2       	rjmp	.+1352   	; 0x54e <__bad_interrupt>
       6:	00 00       	nop
       8:	a2 c2       	rjmp	.+1348   	; 0x54e <__bad_interrupt>
       a:	00 00       	nop
       c:	a0 c2       	rjmp	.+1344   	; 0x54e <__bad_interrupt>
       e:	00 00       	nop
      10:	0c 94 a8 19 	jmp	0x3350	; 0x3350 <__vector_4>
      14:	9c c2       	rjmp	.+1336   	; 0x54e <__bad_interrupt>
      16:	00 00       	nop
      18:	9a c2       	rjmp	.+1332   	; 0x54e <__bad_interrupt>
      1a:	00 00       	nop
      1c:	98 c2       	rjmp	.+1328   	; 0x54e <__bad_interrupt>
      1e:	00 00       	nop
      20:	96 c2       	rjmp	.+1324   	; 0x54e <__bad_interrupt>
      22:	00 00       	nop
      24:	94 c2       	rjmp	.+1320   	; 0x54e <__bad_interrupt>
      26:	00 00       	nop
      28:	0c 94 71 09 	jmp	0x12e2	; 0x12e2 <__vector_10>
      2c:	90 c2       	rjmp	.+1312   	; 0x54e <__bad_interrupt>
      2e:	00 00       	nop
      30:	8e c2       	rjmp	.+1308   	; 0x54e <__bad_interrupt>
      32:	00 00       	nop
      34:	8c c2       	rjmp	.+1304   	; 0x54e <__bad_interrupt>
      36:	00 00       	nop
      38:	0c 94 77 0d 	jmp	0x1aee	; 0x1aee <__vector_14>
      3c:	88 c2       	rjmp	.+1296   	; 0x54e <__bad_interrupt>
      3e:	00 00       	nop
      40:	86 c2       	rjmp	.+1292   	; 0x54e <__bad_interrupt>
      42:	00 00       	nop
      44:	84 c2       	rjmp	.+1288   	; 0x54e <__bad_interrupt>
      46:	00 00       	nop
      48:	82 c2       	rjmp	.+1284   	; 0x54e <__bad_interrupt>
      4a:	00 00       	nop
      4c:	80 c2       	rjmp	.+1280   	; 0x54e <__bad_interrupt>
      4e:	00 00       	nop
      50:	17 c6       	rjmp	.+3118   	; 0xc80 <__vector_20>
      52:	00 00       	nop
      54:	7c c2       	rjmp	.+1272   	; 0x54e <__bad_interrupt>
      56:	00 00       	nop
      58:	7a c2       	rjmp	.+1268   	; 0x54e <__bad_interrupt>
      5a:	00 00       	nop
      5c:	78 c2       	rjmp	.+1264   	; 0x54e <__bad_interrupt>
      5e:	00 00       	nop
      60:	76 c2       	rjmp	.+1260   	; 0x54e <__bad_interrupt>
      62:	00 00       	nop
      64:	74 c2       	rjmp	.+1256   	; 0x54e <__bad_interrupt>
      66:	00 00       	nop
      68:	72 c2       	rjmp	.+1252   	; 0x54e <__bad_interrupt>
      6a:	00 00       	nop
      6c:	70 c2       	rjmp	.+1248   	; 0x54e <__bad_interrupt>
      6e:	00 00       	nop
      70:	6e c2       	rjmp	.+1244   	; 0x54e <__bad_interrupt>
      72:	00 00       	nop
      74:	6c c2       	rjmp	.+1240   	; 0x54e <__bad_interrupt>
      76:	00 00       	nop
      78:	6a c2       	rjmp	.+1236   	; 0x54e <__bad_interrupt>
      7a:	00 00       	nop
      7c:	68 c2       	rjmp	.+1232   	; 0x54e <__bad_interrupt>
      7e:	00 00       	nop
      80:	66 c2       	rjmp	.+1228   	; 0x54e <__bad_interrupt>
      82:	00 00       	nop
      84:	64 c2       	rjmp	.+1224   	; 0x54e <__bad_interrupt>
      86:	00 00       	nop
      88:	62 c2       	rjmp	.+1220   	; 0x54e <__bad_interrupt>
      8a:	00 00       	nop
      8c:	60 c2       	rjmp	.+1216   	; 0x54e <__bad_interrupt>
      8e:	00 00       	nop
      90:	5e c2       	rjmp	.+1212   	; 0x54e <__bad_interrupt>
      92:	00 00       	nop
      94:	5c c2       	rjmp	.+1208   	; 0x54e <__bad_interrupt>
      96:	00 00       	nop
      98:	5a c2       	rjmp	.+1204   	; 0x54e <__bad_interrupt>
      9a:	00 00       	nop
      9c:	58 c2       	rjmp	.+1200   	; 0x54e <__bad_interrupt>
      9e:	00 00       	nop
      a0:	56 c2       	rjmp	.+1196   	; 0x54e <__bad_interrupt>
      a2:	00 00       	nop
      a4:	54 c2       	rjmp	.+1192   	; 0x54e <__bad_interrupt>
      a6:	00 00       	nop
      a8:	52 c2       	rjmp	.+1188   	; 0x54e <__bad_interrupt>
      aa:	00 00       	nop
      ac:	50 c2       	rjmp	.+1184   	; 0x54e <__bad_interrupt>
      ae:	00 00       	nop
      b0:	4e c2       	rjmp	.+1180   	; 0x54e <__bad_interrupt>
      b2:	00 00       	nop
      b4:	4c c2       	rjmp	.+1176   	; 0x54e <__bad_interrupt>
      b6:	00 00       	nop
      b8:	4a c2       	rjmp	.+1172   	; 0x54e <__bad_interrupt>
      ba:	00 00       	nop
      bc:	0c 94 6e 16 	jmp	0x2cdc	; 0x2cdc <__vector_47>
      c0:	46 c2       	rjmp	.+1164   	; 0x54e <__bad_interrupt>
      c2:	00 00       	nop
      c4:	44 c2       	rjmp	.+1160   	; 0x54e <__bad_interrupt>
      c6:	00 00       	nop
      c8:	42 c2       	rjmp	.+1156   	; 0x54e <__bad_interrupt>
      ca:	00 00       	nop
      cc:	40 c2       	rjmp	.+1152   	; 0x54e <__bad_interrupt>
      ce:	00 00       	nop
      d0:	3e c2       	rjmp	.+1148   	; 0x54e <__bad_interrupt>
      d2:	00 00       	nop
      d4:	0c 94 73 0a 	jmp	0x14e6	; 0x14e6 <__vector_53>
      d8:	3a c2       	rjmp	.+1140   	; 0x54e <__bad_interrupt>
      da:	00 00       	nop
      dc:	38 c2       	rjmp	.+1136   	; 0x54e <__bad_interrupt>
      de:	00 00       	nop
      e0:	36 c2       	rjmp	.+1132   	; 0x54e <__bad_interrupt>
      e2:	00 00       	nop
      e4:	34 c2       	rjmp	.+1128   	; 0x54e <__bad_interrupt>
      e6:	00 00       	nop
      e8:	32 c2       	rjmp	.+1124   	; 0x54e <__bad_interrupt>
      ea:	00 00       	nop
      ec:	30 c2       	rjmp	.+1120   	; 0x54e <__bad_interrupt>
      ee:	00 00       	nop
      f0:	2e c2       	rjmp	.+1116   	; 0x54e <__bad_interrupt>
      f2:	00 00       	nop
      f4:	2c c2       	rjmp	.+1112   	; 0x54e <__bad_interrupt>
      f6:	00 00       	nop
      f8:	2a c2       	rjmp	.+1108   	; 0x54e <__bad_interrupt>
      fa:	00 00       	nop
      fc:	28 c2       	rjmp	.+1104   	; 0x54e <__bad_interrupt>
      fe:	00 00       	nop
     100:	0c 94 ea 19 	jmp	0x33d4	; 0x33d4 <__vector_64>
     104:	24 c2       	rjmp	.+1096   	; 0x54e <__bad_interrupt>
     106:	00 00       	nop
     108:	22 c2       	rjmp	.+1092   	; 0x54e <__bad_interrupt>
     10a:	00 00       	nop
     10c:	20 c2       	rjmp	.+1088   	; 0x54e <__bad_interrupt>
     10e:	00 00       	nop
     110:	1e c2       	rjmp	.+1084   	; 0x54e <__bad_interrupt>
     112:	00 00       	nop
     114:	1c c2       	rjmp	.+1080   	; 0x54e <__bad_interrupt>
     116:	00 00       	nop
     118:	1a c2       	rjmp	.+1076   	; 0x54e <__bad_interrupt>
     11a:	00 00       	nop
     11c:	18 c2       	rjmp	.+1072   	; 0x54e <__bad_interrupt>
     11e:	00 00       	nop
     120:	16 c2       	rjmp	.+1068   	; 0x54e <__bad_interrupt>
     122:	00 00       	nop
     124:	14 c2       	rjmp	.+1064   	; 0x54e <__bad_interrupt>
     126:	00 00       	nop
     128:	12 c2       	rjmp	.+1060   	; 0x54e <__bad_interrupt>
     12a:	00 00       	nop
     12c:	10 c2       	rjmp	.+1056   	; 0x54e <__bad_interrupt>
     12e:	00 00       	nop
     130:	0e c2       	rjmp	.+1052   	; 0x54e <__bad_interrupt>
     132:	00 00       	nop
     134:	85 c6       	rjmp	.+3338   	; 0xe40 <__vector_77>
     136:	00 00       	nop
     138:	0a c2       	rjmp	.+1044   	; 0x54e <__bad_interrupt>
     13a:	00 00       	nop
     13c:	08 c2       	rjmp	.+1040   	; 0x54e <__bad_interrupt>
     13e:	00 00       	nop
     140:	06 c2       	rjmp	.+1036   	; 0x54e <__bad_interrupt>
     142:	00 00       	nop
     144:	04 c2       	rjmp	.+1032   	; 0x54e <__bad_interrupt>
     146:	00 00       	nop
     148:	02 c2       	rjmp	.+1028   	; 0x54e <__bad_interrupt>
     14a:	00 00       	nop
     14c:	00 c2       	rjmp	.+1024   	; 0x54e <__bad_interrupt>
     14e:	00 00       	nop
     150:	fe c1       	rjmp	.+1020   	; 0x54e <__bad_interrupt>
     152:	00 00       	nop
     154:	fc c1       	rjmp	.+1016   	; 0x54e <__bad_interrupt>
     156:	00 00       	nop
     158:	fa c1       	rjmp	.+1012   	; 0x54e <__bad_interrupt>
     15a:	00 00       	nop
     15c:	f8 c1       	rjmp	.+1008   	; 0x54e <__bad_interrupt>
     15e:	00 00       	nop
     160:	0c 94 bc 0a 	jmp	0x1578	; 0x1578 <__vector_88>
     164:	f4 c1       	rjmp	.+1000   	; 0x54e <__bad_interrupt>
     166:	00 00       	nop
     168:	f2 c1       	rjmp	.+996    	; 0x54e <__bad_interrupt>
     16a:	00 00       	nop
     16c:	f0 c1       	rjmp	.+992    	; 0x54e <__bad_interrupt>
     16e:	00 00       	nop
     170:	ee c1       	rjmp	.+988    	; 0x54e <__bad_interrupt>
     172:	00 00       	nop
     174:	ec c1       	rjmp	.+984    	; 0x54e <__bad_interrupt>
     176:	00 00       	nop
     178:	ea c1       	rjmp	.+980    	; 0x54e <__bad_interrupt>
     17a:	00 00       	nop
     17c:	e8 c1       	rjmp	.+976    	; 0x54e <__bad_interrupt>
     17e:	00 00       	nop
     180:	e6 c1       	rjmp	.+972    	; 0x54e <__bad_interrupt>
     182:	00 00       	nop
     184:	e4 c1       	rjmp	.+968    	; 0x54e <__bad_interrupt>
     186:	00 00       	nop
     188:	e2 c1       	rjmp	.+964    	; 0x54e <__bad_interrupt>
     18a:	00 00       	nop
     18c:	e0 c1       	rjmp	.+960    	; 0x54e <__bad_interrupt>
     18e:	00 00       	nop
     190:	de c1       	rjmp	.+956    	; 0x54e <__bad_interrupt>
     192:	00 00       	nop
     194:	dc c1       	rjmp	.+952    	; 0x54e <__bad_interrupt>
     196:	00 00       	nop
     198:	da c1       	rjmp	.+948    	; 0x54e <__bad_interrupt>
     19a:	00 00       	nop
     19c:	d8 c1       	rjmp	.+944    	; 0x54e <__bad_interrupt>
     19e:	00 00       	nop
     1a0:	d6 c1       	rjmp	.+940    	; 0x54e <__bad_interrupt>
     1a2:	00 00       	nop
     1a4:	d4 c1       	rjmp	.+936    	; 0x54e <__bad_interrupt>
     1a6:	00 00       	nop
     1a8:	d2 c1       	rjmp	.+932    	; 0x54e <__bad_interrupt>
     1aa:	00 00       	nop
     1ac:	d0 c1       	rjmp	.+928    	; 0x54e <__bad_interrupt>
     1ae:	00 00       	nop
     1b0:	ce c1       	rjmp	.+924    	; 0x54e <__bad_interrupt>
     1b2:	00 00       	nop
     1b4:	cc c1       	rjmp	.+920    	; 0x54e <__bad_interrupt>
     1b6:	00 00       	nop
     1b8:	ca c1       	rjmp	.+916    	; 0x54e <__bad_interrupt>
     1ba:	00 00       	nop
     1bc:	c8 c1       	rjmp	.+912    	; 0x54e <__bad_interrupt>
     1be:	00 00       	nop
     1c0:	c6 c1       	rjmp	.+908    	; 0x54e <__bad_interrupt>
     1c2:	00 00       	nop
     1c4:	c4 c1       	rjmp	.+904    	; 0x54e <__bad_interrupt>
     1c6:	00 00       	nop
     1c8:	c2 c1       	rjmp	.+900    	; 0x54e <__bad_interrupt>
     1ca:	00 00       	nop
     1cc:	c0 c1       	rjmp	.+896    	; 0x54e <__bad_interrupt>
     1ce:	00 00       	nop
     1d0:	be c1       	rjmp	.+892    	; 0x54e <__bad_interrupt>
     1d2:	00 00       	nop
     1d4:	bc c1       	rjmp	.+888    	; 0x54e <__bad_interrupt>
     1d6:	00 00       	nop
     1d8:	ba c1       	rjmp	.+884    	; 0x54e <__bad_interrupt>
     1da:	00 00       	nop
     1dc:	b8 c1       	rjmp	.+880    	; 0x54e <__bad_interrupt>
     1de:	00 00       	nop
     1e0:	b6 c1       	rjmp	.+876    	; 0x54e <__bad_interrupt>
     1e2:	00 00       	nop
     1e4:	b4 c1       	rjmp	.+872    	; 0x54e <__bad_interrupt>
     1e6:	00 00       	nop
     1e8:	b2 c1       	rjmp	.+868    	; 0x54e <__bad_interrupt>
     1ea:	00 00       	nop
     1ec:	b0 c1       	rjmp	.+864    	; 0x54e <__bad_interrupt>
     1ee:	00 00       	nop
     1f0:	ae c1       	rjmp	.+860    	; 0x54e <__bad_interrupt>
     1f2:	00 00       	nop
     1f4:	ac c1       	rjmp	.+856    	; 0x54e <__bad_interrupt>
     1f6:	00 00       	nop
     1f8:	aa c1       	rjmp	.+852    	; 0x54e <__bad_interrupt>
     1fa:	00 00       	nop
     1fc:	ad 03       	fmulsu	r18, r21
     1fe:	cb 03       	fmulsu	r20, r19
     200:	d5 03       	fmuls	r21, r21
     202:	df 03       	fmulsu	r21, r23
     204:	e9 03       	fmulsu	r22, r17
     206:	f3 03       	fmuls	r23, r19
     208:	fd 03       	fmulsu	r23, r21
     20a:	b7 03       	fmuls	r19, r23
     20c:	c1 03       	fmuls	r20, r17
     20e:	f0 07       	cpc	r31, r16
     210:	81 07       	cpc	r24, r17
     212:	81 07       	cpc	r24, r17
     214:	e4 07       	cpc	r30, r20
     216:	e4 07       	cpc	r30, r20
     218:	74 07       	cpc	r23, r20
     21a:	7b 07       	cpc	r23, r27
     21c:	c6 0d       	add	r28, r6
     21e:	ff 0d       	add	r31, r15
     220:	1a 0e       	add	r1, r26
     222:	3b 0e       	add	r3, r27
     224:	5c 0e       	add	r5, r28
     226:	7d 0e       	add	r7, r29
     228:	9e 0e       	add	r9, r30
     22a:	bf 0e       	add	r11, r31
     22c:	e0 0e       	add	r14, r16
     22e:	7d 0f       	add	r23, r29
     230:	01 0f       	add	r16, r17
     232:	22 0f       	add	r18, r18
     234:	47 0f       	add	r20, r23
     236:	62 0f       	add	r22, r18
     238:	9e 0f       	add	r25, r30
     23a:	bf 0f       	add	r27, r31
     23c:	e0 0f       	add	r30, r16
     23e:	01 10       	cpse	r0, r1
     240:	22 10       	cpse	r2, r2
     242:	43 10       	cpse	r4, r3
     244:	64 10       	cpse	r6, r4
     246:	85 10       	cpse	r8, r5
     248:	a6 10       	cpse	r10, r6
     24a:	c7 10       	cpse	r12, r7
     24c:	e8 10       	cpse	r14, r8
     24e:	09 11       	cpse	r16, r9
     250:	2a 11       	cpse	r18, r10
     252:	4b 11       	cpse	r20, r11
     254:	6c 11       	cpse	r22, r12
     256:	8d 11       	cpse	r24, r13
     258:	ae 11       	cpse	r26, r14
     25a:	cf 11       	cpse	r28, r15
     25c:	11 12       	cpse	r1, r17
     25e:	f0 11       	cpse	r31, r0
     260:	32 12       	cpse	r3, r18
     262:	69 12       	cpse	r6, r25
     264:	68 13       	cpse	r22, r24
     266:	54 13       	cpse	r21, r20
     268:	c5 13       	cpse	r28, r21
     26a:	18 13       	cpse	r17, r24
     26c:	2c 13       	cpse	r18, r28
     26e:	40 13       	cpse	r20, r16
     270:	c5 13       	cpse	r28, r21
     272:	c5 13       	cpse	r28, r21
     274:	c5 13       	cpse	r28, r21
     276:	c5 13       	cpse	r28, r21
     278:	c5 13       	cpse	r28, r21
     27a:	c5 13       	cpse	r28, r21
     27c:	c5 13       	cpse	r28, r21
     27e:	c5 13       	cpse	r28, r21
     280:	c5 13       	cpse	r28, r21
     282:	c5 13       	cpse	r28, r21
     284:	c5 13       	cpse	r28, r21
     286:	c5 13       	cpse	r28, r21
     288:	c5 13       	cpse	r28, r21
     28a:	c5 13       	cpse	r28, r21
     28c:	c5 13       	cpse	r28, r21
     28e:	c5 13       	cpse	r28, r21
     290:	c5 13       	cpse	r28, r21
     292:	c5 13       	cpse	r28, r21
     294:	c5 13       	cpse	r28, r21
     296:	c5 13       	cpse	r28, r21
     298:	c5 13       	cpse	r28, r21
     29a:	c5 13       	cpse	r28, r21
     29c:	c5 13       	cpse	r28, r21
     29e:	c5 13       	cpse	r28, r21
     2a0:	c5 13       	cpse	r28, r21
     2a2:	c5 13       	cpse	r28, r21
     2a4:	c5 13       	cpse	r28, r21
     2a6:	c5 13       	cpse	r28, r21
     2a8:	c5 13       	cpse	r28, r21
     2aa:	c5 13       	cpse	r28, r21
     2ac:	c5 13       	cpse	r28, r21
     2ae:	c5 13       	cpse	r28, r21
     2b0:	c5 13       	cpse	r28, r21
     2b2:	c5 13       	cpse	r28, r21
     2b4:	c5 13       	cpse	r28, r21
     2b6:	c5 13       	cpse	r28, r21
     2b8:	c5 13       	cpse	r28, r21
     2ba:	c5 13       	cpse	r28, r21
     2bc:	c5 13       	cpse	r28, r21
     2be:	c5 13       	cpse	r28, r21
     2c0:	c5 13       	cpse	r28, r21
     2c2:	c5 13       	cpse	r28, r21
     2c4:	c5 13       	cpse	r28, r21
     2c6:	c5 13       	cpse	r28, r21
     2c8:	c5 13       	cpse	r28, r21
     2ca:	c5 13       	cpse	r28, r21
     2cc:	c5 13       	cpse	r28, r21
     2ce:	c5 13       	cpse	r28, r21
     2d0:	c5 13       	cpse	r28, r21
     2d2:	c5 13       	cpse	r28, r21
     2d4:	c5 13       	cpse	r28, r21
     2d6:	c5 13       	cpse	r28, r21
     2d8:	c5 13       	cpse	r28, r21
     2da:	c5 13       	cpse	r28, r21
     2dc:	c5 13       	cpse	r28, r21
     2de:	c5 13       	cpse	r28, r21
     2e0:	c5 13       	cpse	r28, r21
     2e2:	c5 13       	cpse	r28, r21
     2e4:	c5 13       	cpse	r28, r21
     2e6:	c5 13       	cpse	r28, r21
     2e8:	c5 13       	cpse	r28, r21
     2ea:	a0 12       	cpse	r10, r16
     2ec:	c8 12       	cpse	r12, r24
     2ee:	dc 12       	cpse	r13, r28
     2f0:	f0 12       	cpse	r15, r16
     2f2:	04 13       	cpse	r16, r20
     2f4:	c5 13       	cpse	r28, r21
     2f6:	b4 12       	cpse	r11, r20
     2f8:	c5 13       	cpse	r28, r21
     2fa:	c5 13       	cpse	r28, r21
     2fc:	c5 13       	cpse	r28, r21
     2fe:	c5 13       	cpse	r28, r21
     300:	c5 13       	cpse	r28, r21
     302:	c5 13       	cpse	r28, r21
     304:	c5 13       	cpse	r28, r21
     306:	c5 13       	cpse	r28, r21
     308:	c5 13       	cpse	r28, r21
     30a:	c5 13       	cpse	r28, r21
     30c:	c5 13       	cpse	r28, r21
     30e:	c5 13       	cpse	r28, r21
     310:	c5 13       	cpse	r28, r21
     312:	c5 13       	cpse	r28, r21
     314:	c5 13       	cpse	r28, r21
     316:	c5 13       	cpse	r28, r21
     318:	c5 13       	cpse	r28, r21
     31a:	c5 13       	cpse	r28, r21
     31c:	c5 13       	cpse	r28, r21
     31e:	c5 13       	cpse	r28, r21
     320:	c5 13       	cpse	r28, r21
     322:	c5 13       	cpse	r28, r21
     324:	c5 13       	cpse	r28, r21
     326:	c5 13       	cpse	r28, r21
     328:	c5 13       	cpse	r28, r21
     32a:	c5 13       	cpse	r28, r21
     32c:	c5 13       	cpse	r28, r21
     32e:	c5 13       	cpse	r28, r21
     330:	c5 13       	cpse	r28, r21
     332:	c5 13       	cpse	r28, r21
     334:	c5 13       	cpse	r28, r21
     336:	c5 13       	cpse	r28, r21
     338:	c5 13       	cpse	r28, r21
     33a:	c5 13       	cpse	r28, r21
     33c:	c5 13       	cpse	r28, r21
     33e:	c5 13       	cpse	r28, r21
     340:	c5 13       	cpse	r28, r21
     342:	c5 13       	cpse	r28, r21
     344:	c5 13       	cpse	r28, r21
     346:	c5 13       	cpse	r28, r21
     348:	c5 13       	cpse	r28, r21
     34a:	c5 13       	cpse	r28, r21
     34c:	c5 13       	cpse	r28, r21
     34e:	c5 13       	cpse	r28, r21
     350:	c5 13       	cpse	r28, r21
     352:	c5 13       	cpse	r28, r21
     354:	c5 13       	cpse	r28, r21
     356:	c5 13       	cpse	r28, r21
     358:	c5 13       	cpse	r28, r21
     35a:	c5 13       	cpse	r28, r21
     35c:	c5 13       	cpse	r28, r21
     35e:	c5 13       	cpse	r28, r21
     360:	c5 13       	cpse	r28, r21
     362:	c5 13       	cpse	r28, r21
     364:	c5 13       	cpse	r28, r21
     366:	c5 13       	cpse	r28, r21
     368:	c5 13       	cpse	r28, r21
     36a:	c5 13       	cpse	r28, r21
     36c:	c5 13       	cpse	r28, r21
     36e:	c5 13       	cpse	r28, r21
     370:	c5 13       	cpse	r28, r21
     372:	c5 13       	cpse	r28, r21
     374:	c5 13       	cpse	r28, r21
     376:	c5 13       	cpse	r28, r21
     378:	c5 13       	cpse	r28, r21
     37a:	c5 13       	cpse	r28, r21
     37c:	c5 13       	cpse	r28, r21
     37e:	c5 13       	cpse	r28, r21
     380:	c5 13       	cpse	r28, r21
     382:	c5 13       	cpse	r28, r21
     384:	c5 13       	cpse	r28, r21
     386:	c5 13       	cpse	r28, r21
     388:	c5 13       	cpse	r28, r21
     38a:	c5 13       	cpse	r28, r21
     38c:	c5 13       	cpse	r28, r21
     38e:	c5 13       	cpse	r28, r21
     390:	c5 13       	cpse	r28, r21
     392:	c5 13       	cpse	r28, r21
     394:	c5 13       	cpse	r28, r21
     396:	c5 13       	cpse	r28, r21
     398:	c5 13       	cpse	r28, r21
     39a:	c5 13       	cpse	r28, r21
     39c:	c5 13       	cpse	r28, r21
     39e:	c5 13       	cpse	r28, r21
     3a0:	c5 13       	cpse	r28, r21
     3a2:	c5 13       	cpse	r28, r21
     3a4:	c5 13       	cpse	r28, r21
     3a6:	c5 13       	cpse	r28, r21
     3a8:	c5 13       	cpse	r28, r21
     3aa:	c5 13       	cpse	r28, r21
     3ac:	c5 13       	cpse	r28, r21
     3ae:	7c 13       	cpse	r23, r28
     3b0:	7c 13       	cpse	r23, r28
     3b2:	7c 13       	cpse	r23, r28
     3b4:	7c 13       	cpse	r23, r28
     3b6:	7c 13       	cpse	r23, r28
     3b8:	7c 13       	cpse	r23, r28
     3ba:	7c 13       	cpse	r23, r28
     3bc:	7c 13       	cpse	r23, r28
     3be:	7c 13       	cpse	r23, r28
     3c0:	7c 13       	cpse	r23, r28
     3c2:	7c 13       	cpse	r23, r28
     3c4:	7c 13       	cpse	r23, r28
     3c6:	7c 13       	cpse	r23, r28
     3c8:	7c 13       	cpse	r23, r28
     3ca:	7c 13       	cpse	r23, r28
     3cc:	7c 13       	cpse	r23, r28
     3ce:	7c 13       	cpse	r23, r28
     3d0:	7c 13       	cpse	r23, r28
     3d2:	7c 13       	cpse	r23, r28
     3d4:	7c 13       	cpse	r23, r28
     3d6:	c5 13       	cpse	r28, r21
     3d8:	c5 13       	cpse	r28, r21
     3da:	c5 13       	cpse	r28, r21
     3dc:	c5 13       	cpse	r28, r21
     3de:	c5 13       	cpse	r28, r21
     3e0:	c5 13       	cpse	r28, r21
     3e2:	c5 13       	cpse	r28, r21
     3e4:	c5 13       	cpse	r28, r21
     3e6:	c5 13       	cpse	r28, r21
     3e8:	c5 13       	cpse	r28, r21
     3ea:	c5 13       	cpse	r28, r21
     3ec:	c5 13       	cpse	r28, r21
     3ee:	c5 13       	cpse	r28, r21
     3f0:	c5 13       	cpse	r28, r21
     3f2:	c5 13       	cpse	r28, r21
     3f4:	c5 13       	cpse	r28, r21
     3f6:	c5 13       	cpse	r28, r21
     3f8:	c5 13       	cpse	r28, r21
     3fa:	c5 13       	cpse	r28, r21
     3fc:	c5 13       	cpse	r28, r21
     3fe:	c5 13       	cpse	r28, r21
     400:	c5 13       	cpse	r28, r21
     402:	c5 13       	cpse	r28, r21
     404:	c5 13       	cpse	r28, r21
     406:	c5 13       	cpse	r28, r21
     408:	c5 13       	cpse	r28, r21
     40a:	c5 13       	cpse	r28, r21
     40c:	c5 13       	cpse	r28, r21
     40e:	c5 13       	cpse	r28, r21
     410:	c5 13       	cpse	r28, r21
     412:	c5 13       	cpse	r28, r21
     414:	c5 13       	cpse	r28, r21
     416:	c5 13       	cpse	r28, r21
     418:	c5 13       	cpse	r28, r21
     41a:	c5 13       	cpse	r28, r21
     41c:	c5 13       	cpse	r28, r21
     41e:	c5 13       	cpse	r28, r21
     420:	c5 13       	cpse	r28, r21
     422:	c5 13       	cpse	r28, r21
     424:	c5 13       	cpse	r28, r21
     426:	c5 13       	cpse	r28, r21
     428:	c5 13       	cpse	r28, r21
     42a:	c5 13       	cpse	r28, r21
     42c:	c5 13       	cpse	r28, r21
     42e:	c5 13       	cpse	r28, r21
     430:	c5 13       	cpse	r28, r21
     432:	c5 13       	cpse	r28, r21
     434:	c5 13       	cpse	r28, r21
     436:	c5 13       	cpse	r28, r21
     438:	c5 13       	cpse	r28, r21
     43a:	c5 13       	cpse	r28, r21
     43c:	c5 13       	cpse	r28, r21
     43e:	c5 13       	cpse	r28, r21
     440:	c5 13       	cpse	r28, r21
     442:	c5 13       	cpse	r28, r21
     444:	c5 13       	cpse	r28, r21
     446:	c5 13       	cpse	r28, r21
     448:	c5 13       	cpse	r28, r21
     44a:	c5 13       	cpse	r28, r21
     44c:	c5 13       	cpse	r28, r21
     44e:	c5 13       	cpse	r28, r21
     450:	c5 13       	cpse	r28, r21
     452:	c5 13       	cpse	r28, r21
     454:	c5 13       	cpse	r28, r21
     456:	c5 13       	cpse	r28, r21
     458:	c5 13       	cpse	r28, r21
     45a:	c5 13       	cpse	r28, r21
     45c:	c5 13       	cpse	r28, r21
     45e:	c5 13       	cpse	r28, r21
     460:	c5 13       	cpse	r28, r21
     462:	c5 13       	cpse	r28, r21
     464:	c5 13       	cpse	r28, r21
     466:	c5 13       	cpse	r28, r21
     468:	c5 13       	cpse	r28, r21
     46a:	c5 13       	cpse	r28, r21
     46c:	c5 13       	cpse	r28, r21
     46e:	c5 13       	cpse	r28, r21
     470:	c5 13       	cpse	r28, r21
     472:	c5 13       	cpse	r28, r21
     474:	c5 13       	cpse	r28, r21
     476:	a1 13       	cpse	r26, r17
     478:	a1 13       	cpse	r26, r17
     47a:	a1 13       	cpse	r26, r17
     47c:	a1 13       	cpse	r26, r17
     47e:	a1 13       	cpse	r26, r17
     480:	a1 13       	cpse	r26, r17
     482:	a1 13       	cpse	r26, r17
     484:	a1 13       	cpse	r26, r17
     486:	a1 13       	cpse	r26, r17
     488:	a1 13       	cpse	r26, r17
     48a:	a1 13       	cpse	r26, r17
     48c:	a1 13       	cpse	r26, r17
     48e:	a1 13       	cpse	r26, r17
     490:	a1 13       	cpse	r26, r17
     492:	a1 13       	cpse	r26, r17
     494:	a1 13       	cpse	r26, r17
     496:	a1 13       	cpse	r26, r17
     498:	a1 13       	cpse	r26, r17
     49a:	a1 13       	cpse	r26, r17
     49c:	a1 13       	cpse	r26, r17
     49e:	d2 16       	cp	r13, r18
     4a0:	09 17       	cp	r16, r25
     4a2:	1a 17       	cp	r17, r26
     4a4:	33 17       	cp	r19, r19
     4a6:	4c 17       	cp	r20, r28
     4a8:	65 17       	cp	r22, r21
     4aa:	7e 17       	cp	r23, r30
     4ac:	97 17       	cp	r25, r23
     4ae:	c7 17       	cp	r28, r23
     4b0:	b0 17       	cp	r27, r16
     4b2:	b1 18       	sub	r11, r1
     4b4:	c1 18       	sub	r12, r1
     4b6:	49 19       	sub	r20, r9
     4b8:	df 17       	cp	r29, r31
     4ba:	f0 17       	cp	r31, r16
     4bc:	01 18       	sub	r0, r1
     4be:	12 18       	sub	r1, r2
     4c0:	23 18       	sub	r2, r3
     4c2:	34 18       	sub	r3, r4
     4c4:	45 18       	sub	r4, r5
     4c6:	57 18       	sub	r5, r7
     4c8:	69 18       	sub	r6, r9
     4ca:	7b 18       	sub	r7, r11
     4cc:	8d 18       	sub	r8, r13
     4ce:	9f 18       	sub	r9, r15
     4d0:	d1 18       	sub	r13, r1
     4d2:	e5 18       	sub	r14, r5
     4d4:	f9 18       	sub	r15, r9
     4d6:	0d 19       	sub	r16, r13
     4d8:	21 19       	sub	r18, r1
     4da:	35 19       	sub	r19, r5
     4dc:	f2 16       	cp	r15, r18
     4de:	e2 16       	cp	r14, r18

000004e0 <__trampolines_end>:
     4e0:	c8 2b       	or	r28, r24
     4e2:	d4 2b       	or	r29, r20

000004e4 <curveNames>:
     4e4:	e0 2b ec 2b f8 2b 04 2c                             .+.+.+.,

000004ec <animationTriggerNames>:
     4ec:	10 2c 1e 2c 2c 2c 3a 2c 48 2c 56 2c 64 2c           .,.,,,:,H,V,d,

000004fa <animationNames>:
     4fa:	72 2c 82 2c 92 2c a2 2c b2 2c c2 2c d2 2c e2 2c     r,.,.,.,.,.,.,.,
     50a:	f2 2c                                               .,

0000050c <__ctors_end>:
     50c:	11 24       	eor	r1, r1
     50e:	1f be       	out	0x3f, r1	; 63
     510:	cf ef       	ldi	r28, 0xFF	; 255
     512:	cd bf       	out	0x3d, r28	; 61
     514:	df e5       	ldi	r29, 0x5F	; 95
     516:	de bf       	out	0x3e, r29	; 62
     518:	00 e0       	ldi	r16, 0x00	; 0
     51a:	0c bf       	out	0x3c, r16	; 60

0000051c <__do_copy_data>:
     51c:	1d e2       	ldi	r17, 0x2D	; 45
     51e:	a0 e0       	ldi	r26, 0x00	; 0
     520:	b0 e2       	ldi	r27, 0x20	; 32
     522:	e8 ec       	ldi	r30, 0xC8	; 200
     524:	f3 e4       	ldi	r31, 0x43	; 67
     526:	00 e0       	ldi	r16, 0x00	; 0
     528:	0b bf       	out	0x3b, r16	; 59
     52a:	02 c0       	rjmp	.+4      	; 0x530 <__do_copy_data+0x14>
     52c:	07 90       	elpm	r0, Z+
     52e:	0d 92       	st	X+, r0
     530:	a6 3d       	cpi	r26, 0xD6	; 214
     532:	b1 07       	cpc	r27, r17
     534:	d9 f7       	brne	.-10     	; 0x52c <__do_copy_data+0x10>

00000536 <__do_clear_bss>:
     536:	20 e3       	ldi	r18, 0x30	; 48
     538:	a6 ed       	ldi	r26, 0xD6	; 214
     53a:	bd e2       	ldi	r27, 0x2D	; 45
     53c:	01 c0       	rjmp	.+2      	; 0x540 <.do_clear_bss_start>

0000053e <.do_clear_bss_loop>:
     53e:	1d 92       	st	X+, r1

00000540 <.do_clear_bss_start>:
     540:	a2 3d       	cpi	r26, 0xD2	; 210
     542:	b2 07       	cpc	r27, r18
     544:	e1 f7       	brne	.-8      	; 0x53e <.do_clear_bss_loop>
     546:	0e 94 a4 0b 	call	0x1748	; 0x1748 <main>
     54a:	0c 94 e2 21 	jmp	0x43c4	; 0x43c4 <_exit>

0000054e <__bad_interrupt>:
     54e:	58 cd       	rjmp	.-1360   	; 0x0 <__vectors>

00000550 <clipValue>:
	if (currentAnimationValue < 0){
		currentAnimationValue = 0;
	}
	
	return currentAnimationValue;
}
     550:	42 30       	cpi	r20, 0x02	; 2
     552:	51 05       	cpc	r21, r1
     554:	c1 f0       	breq	.+48     	; 0x586 <clipValue+0x36>
     556:	3c f4       	brge	.+14     	; 0x566 <clipValue+0x16>
     558:	41 15       	cp	r20, r1
     55a:	51 05       	cpc	r21, r1
     55c:	61 f0       	breq	.+24     	; 0x576 <clipValue+0x26>
     55e:	41 30       	cpi	r20, 0x01	; 1
     560:	51 05       	cpc	r21, r1
     562:	69 f0       	breq	.+26     	; 0x57e <clipValue+0x2e>
     564:	20 c0       	rjmp	.+64     	; 0x5a6 <clipValue+0x56>
     566:	44 30       	cpi	r20, 0x04	; 4
     568:	51 05       	cpc	r21, r1
     56a:	a9 f0       	breq	.+42     	; 0x596 <clipValue+0x46>
     56c:	84 f0       	brlt	.+32     	; 0x58e <clipValue+0x3e>
     56e:	45 30       	cpi	r20, 0x05	; 5
     570:	51 05       	cpc	r21, r1
     572:	a9 f0       	breq	.+42     	; 0x59e <clipValue+0x4e>
     574:	18 c0       	rjmp	.+48     	; 0x5a6 <clipValue+0x56>
     576:	20 91 06 24 	lds	r18, 0x2406	; 0x802406 <inputSens1>
     57a:	30 e0       	ldi	r19, 0x00	; 0
     57c:	16 c0       	rjmp	.+44     	; 0x5aa <clipValue+0x5a>
     57e:	20 91 05 24 	lds	r18, 0x2405	; 0x802405 <inputSens2>
     582:	30 e0       	ldi	r19, 0x00	; 0
     584:	12 c0       	rjmp	.+36     	; 0x5aa <clipValue+0x5a>
     586:	20 91 04 24 	lds	r18, 0x2404	; 0x802404 <inputSens3>
     58a:	30 e0       	ldi	r19, 0x00	; 0
     58c:	0e c0       	rjmp	.+28     	; 0x5aa <clipValue+0x5a>
     58e:	20 91 03 24 	lds	r18, 0x2403	; 0x802403 <inputSens4>
     592:	30 e0       	ldi	r19, 0x00	; 0
     594:	0a c0       	rjmp	.+20     	; 0x5aa <clipValue+0x5a>
     596:	20 91 02 24 	lds	r18, 0x2402	; 0x802402 <inputSens5>
     59a:	30 e0       	ldi	r19, 0x00	; 0
     59c:	06 c0       	rjmp	.+12     	; 0x5aa <clipValue+0x5a>
     59e:	20 91 01 24 	lds	r18, 0x2401	; 0x802401 <inputSens6>
     5a2:	30 e0       	ldi	r19, 0x00	; 0
     5a4:	02 c0       	rjmp	.+4      	; 0x5aa <clipValue+0x5a>
     5a6:	20 e0       	ldi	r18, 0x00	; 0
     5a8:	30 e0       	ldi	r19, 0x00	; 0
     5aa:	dc 01       	movw	r26, r24
     5ac:	cb 01       	movw	r24, r22
     5ae:	82 0f       	add	r24, r18
     5b0:	93 1f       	adc	r25, r19
     5b2:	a1 1d       	adc	r26, r1
     5b4:	b1 1d       	adc	r27, r1
     5b6:	84 36       	cpi	r24, 0x64	; 100
     5b8:	91 05       	cpc	r25, r1
     5ba:	a1 05       	cpc	r26, r1
     5bc:	b1 05       	cpc	r27, r1
     5be:	1c f4       	brge	.+6      	; 0x5c6 <clipValue+0x76>
     5c0:	80 e0       	ldi	r24, 0x00	; 0
     5c2:	90 e0       	ldi	r25, 0x00	; 0
     5c4:	dc 01       	movw	r26, r24
     5c6:	8f 3f       	cpi	r24, 0xFF	; 255
     5c8:	91 05       	cpc	r25, r1
     5ca:	a1 05       	cpc	r26, r1
     5cc:	b1 05       	cpc	r27, r1
     5ce:	29 f0       	breq	.+10     	; 0x5da <clipValue+0x8a>
     5d0:	24 f0       	brlt	.+8      	; 0x5da <clipValue+0x8a>
     5d2:	8f ef       	ldi	r24, 0xFF	; 255
     5d4:	90 e0       	ldi	r25, 0x00	; 0
     5d6:	a0 e0       	ldi	r26, 0x00	; 0
     5d8:	b0 e0       	ldi	r27, 0x00	; 0
     5da:	ba 2f       	mov	r27, r26
     5dc:	a9 2f       	mov	r26, r25
     5de:	98 2f       	mov	r25, r24
     5e0:	88 27       	eor	r24, r24
     5e2:	00 97       	sbiw	r24, 0x00	; 0
     5e4:	21 e0       	ldi	r18, 0x01	; 1
     5e6:	a2 07       	cpc	r26, r18
     5e8:	b1 05       	cpc	r27, r1
     5ea:	20 f0       	brcs	.+8      	; 0x5f4 <clipValue+0xa4>
     5ec:	8f ef       	ldi	r24, 0xFF	; 255
     5ee:	9f ef       	ldi	r25, 0xFF	; 255
     5f0:	a0 e0       	ldi	r26, 0x00	; 0
     5f2:	b0 e0       	ldi	r27, 0x00	; 0
     5f4:	08 95       	ret

000005f6 <updatePixels>:
	DISPLAY_PIXELS[offset] = r;
	DISPLAY_PIXELS[offset+1] = g;
	DISPLAY_PIXELS[offset+2] = b;
}

void updatePixels(unsigned int animationValue, int triggerIndex){
     5f6:	2f 92       	push	r2
     5f8:	3f 92       	push	r3
     5fa:	4f 92       	push	r4
     5fc:	5f 92       	push	r5
     5fe:	6f 92       	push	r6
     600:	7f 92       	push	r7
     602:	8f 92       	push	r8
     604:	9f 92       	push	r9
     606:	af 92       	push	r10
     608:	bf 92       	push	r11
     60a:	cf 92       	push	r12
     60c:	df 92       	push	r13
     60e:	ef 92       	push	r14
     610:	ff 92       	push	r15
     612:	0f 93       	push	r16
     614:	1f 93       	push	r17
     616:	cf 93       	push	r28
     618:	df 93       	push	r29
     61a:	cd b7       	in	r28, 0x3d	; 61
     61c:	de b7       	in	r29, 0x3e	; 62
     61e:	af 97       	sbiw	r28, 0x2f	; 47
     620:	cd bf       	out	0x3d, r28	; 61
     622:	de bf       	out	0x3e, r29	; 62
     624:	7b 01       	movw	r14, r22
	
	unsigned int displayValue = 0;

	unsigned int animPosition = animationValue >> SCALE_FACTOR_BITS;
     626:	29 2f       	mov	r18, r25
     628:	30 e0       	ldi	r19, 0x00	; 0
	unsigned int indexCurve = animPosition; // 0-4096 => 0 - 255
	unsigned int value1 = 0;
		
	switch (releaseCurve){
     62a:	80 91 6c 30 	lds	r24, 0x306C	; 0x80306c <releaseCurve>
     62e:	81 30       	cpi	r24, 0x01	; 1
     630:	61 f0       	breq	.+24     	; 0x64a <updatePixels+0x54>
     632:	28 f0       	brcs	.+10     	; 0x63e <updatePixels+0x48>
     634:	82 30       	cpi	r24, 0x02	; 2
     636:	79 f0       	breq	.+30     	; 0x656 <updatePixels+0x60>
     638:	83 30       	cpi	r24, 0x03	; 3
     63a:	99 f0       	breq	.+38     	; 0x662 <updatePixels+0x6c>
     63c:	18 c0       	rjmp	.+48     	; 0x66e <updatePixels+0x78>
		
		case 0:
			value1 =  ((CURVE_LINEAR_ARR[indexCurve]));
     63e:	f9 01       	movw	r30, r18
     640:	e9 5e       	subi	r30, 0xE9	; 233
     642:	f8 4d       	sbci	r31, 0xD8	; 216
     644:	60 80       	ld	r6, Z
     646:	71 2c       	mov	r7, r1
			break;
     648:	14 c0       	rjmp	.+40     	; 0x672 <updatePixels+0x7c>
			
		case 1:
			value1 = ((CURVE_EXP_ARR[indexCurve]));
     64a:	f9 01       	movw	r30, r18
     64c:	e9 5e       	subi	r30, 0xE9	; 233
     64e:	f9 4d       	sbci	r31, 0xD9	; 217
     650:	60 80       	ld	r6, Z
     652:	71 2c       	mov	r7, r1
			break;
     654:	0e c0       	rjmp	.+28     	; 0x672 <updatePixels+0x7c>
			
		case 2:
			value1 = ((CURVE_LOG_ARR[indexCurve]));
     656:	f9 01       	movw	r30, r18
     658:	e9 5e       	subi	r30, 0xE9	; 233
     65a:	fa 4d       	sbci	r31, 0xDA	; 218
     65c:	60 80       	ld	r6, Z
     65e:	71 2c       	mov	r7, r1
			break;
     660:	08 c0       	rjmp	.+16     	; 0x672 <updatePixels+0x7c>
			
		case 3:
			value1 = (CURVE_SINFADE_ARR[indexCurve]);
     662:	f9 01       	movw	r30, r18
     664:	e9 5e       	subi	r30, 0xE9	; 233
     666:	fb 4d       	sbci	r31, 0xDB	; 219
     668:	60 80       	ld	r6, Z
     66a:	71 2c       	mov	r7, r1
			break;
     66c:	02 c0       	rjmp	.+4      	; 0x672 <updatePixels+0x7c>
	
	unsigned int displayValue = 0;

	unsigned int animPosition = animationValue >> SCALE_FACTOR_BITS;
	unsigned int indexCurve = animPosition; // 0-4096 => 0 - 255
	unsigned int value1 = 0;
     66e:	61 2c       	mov	r6, r1
     670:	71 2c       	mov	r7, r1
			break;
	} 
	
	displayValue = value1;
	
	if (animationTrigger == ANIM_TRIG_OFF){
     672:	80 91 6d 30 	lds	r24, 0x306D	; 0x80306d <animationTrigger>
     676:	86 30       	cpi	r24, 0x06	; 6
     678:	31 f0       	breq	.+12     	; 0x686 <updatePixels+0x90>
		displayValue = 0;
	}

	if (animationTrigger == ANIM_TRIG_ON){
     67a:	85 30       	cpi	r24, 0x05	; 5
     67c:	31 f4       	brne	.+12     	; 0x68a <updatePixels+0x94>
		displayValue = 255;
     67e:	66 24       	eor	r6, r6
     680:	6a 94       	dec	r6
     682:	71 2c       	mov	r7, r1
     684:	02 c0       	rjmp	.+4      	; 0x68a <updatePixels+0x94>
	} 
	
	displayValue = value1;
	
	if (animationTrigger == ANIM_TRIG_OFF){
		displayValue = 0;
     686:	61 2c       	mov	r6, r1
     688:	71 2c       	mov	r7, r1
};


inline int getOffset(int triggerIndex){

	switch (triggerIndex){
     68a:	23 e0       	ldi	r18, 0x03	; 3
     68c:	e2 16       	cp	r14, r18
     68e:	f1 04       	cpc	r15, r1
     690:	f9 f0       	breq	.+62     	; 0x6d0 <updatePixels+0xda>
     692:	4c f4       	brge	.+18     	; 0x6a6 <updatePixels+0xb0>
     694:	61 e0       	ldi	r22, 0x01	; 1
     696:	e6 16       	cp	r14, r22
     698:	f1 04       	cpc	r15, r1
     69a:	71 f0       	breq	.+28     	; 0x6b8 <updatePixels+0xc2>
     69c:	72 e0       	ldi	r23, 0x02	; 2
     69e:	e7 16       	cp	r14, r23
     6a0:	f1 04       	cpc	r15, r1
     6a2:	71 f0       	breq	.+28     	; 0x6c0 <updatePixels+0xca>
     6a4:	45 c0       	rjmp	.+138    	; 0x730 <updatePixels+0x13a>
     6a6:	84 e0       	ldi	r24, 0x04	; 4
     6a8:	e8 16       	cp	r14, r24
     6aa:	f1 04       	cpc	r15, r1
     6ac:	e9 f0       	breq	.+58     	; 0x6e8 <updatePixels+0xf2>
     6ae:	95 e0       	ldi	r25, 0x05	; 5
     6b0:	e9 16       	cp	r14, r25
     6b2:	f1 04       	cpc	r15, r1
     6b4:	49 f1       	breq	.+82     	; 0x708 <updatePixels+0x112>
     6b6:	3c c0       	rjmp	.+120    	; 0x730 <updatePixels+0x13a>

		case 0:
			return 0;
		case 1:
			return nbPixels1;
     6b8:	80 91 00 24 	lds	r24, 0x2400	; 0x802400 <nbPixels1>
     6bc:	90 e0       	ldi	r25, 0x00	; 0
     6be:	3a c0       	rjmp	.+116    	; 0x734 <updatePixels+0x13e>
		case 2:
			return nbPixels1 + nbPixels2;
     6c0:	20 91 00 24 	lds	r18, 0x2400	; 0x802400 <nbPixels1>
     6c4:	80 91 ff 23 	lds	r24, 0x23FF	; 0x8023ff <nbPixels2>
     6c8:	90 e0       	ldi	r25, 0x00	; 0
     6ca:	82 0f       	add	r24, r18
     6cc:	91 1d       	adc	r25, r1
     6ce:	32 c0       	rjmp	.+100    	; 0x734 <updatePixels+0x13e>
		case 3:
			return nbPixels1 + nbPixels2 + nbPixels3;
     6d0:	20 91 00 24 	lds	r18, 0x2400	; 0x802400 <nbPixels1>
     6d4:	80 91 ff 23 	lds	r24, 0x23FF	; 0x8023ff <nbPixels2>
     6d8:	90 e0       	ldi	r25, 0x00	; 0
     6da:	82 0f       	add	r24, r18
     6dc:	91 1d       	adc	r25, r1
     6de:	20 91 fe 23 	lds	r18, 0x23FE	; 0x8023fe <nbPixels3>
     6e2:	82 0f       	add	r24, r18
     6e4:	91 1d       	adc	r25, r1
     6e6:	26 c0       	rjmp	.+76     	; 0x734 <updatePixels+0x13e>
		case 4:
			return nbPixels1 + nbPixels2 + nbPixels3 + nbPixels4;
     6e8:	20 91 00 24 	lds	r18, 0x2400	; 0x802400 <nbPixels1>
     6ec:	80 91 ff 23 	lds	r24, 0x23FF	; 0x8023ff <nbPixels2>
     6f0:	90 e0       	ldi	r25, 0x00	; 0
     6f2:	82 0f       	add	r24, r18
     6f4:	91 1d       	adc	r25, r1
     6f6:	20 91 fe 23 	lds	r18, 0x23FE	; 0x8023fe <nbPixels3>
     6fa:	82 0f       	add	r24, r18
     6fc:	91 1d       	adc	r25, r1
     6fe:	20 91 fd 23 	lds	r18, 0x23FD	; 0x8023fd <nbPixels4>
     702:	82 0f       	add	r24, r18
     704:	91 1d       	adc	r25, r1
     706:	16 c0       	rjmp	.+44     	; 0x734 <updatePixels+0x13e>
		case 5:
			return nbPixels1 + nbPixels2 + nbPixels3 + nbPixels4 + nbPixels5;
     708:	20 91 00 24 	lds	r18, 0x2400	; 0x802400 <nbPixels1>
     70c:	80 91 ff 23 	lds	r24, 0x23FF	; 0x8023ff <nbPixels2>
     710:	90 e0       	ldi	r25, 0x00	; 0
     712:	82 0f       	add	r24, r18
     714:	91 1d       	adc	r25, r1
     716:	20 91 fe 23 	lds	r18, 0x23FE	; 0x8023fe <nbPixels3>
     71a:	82 0f       	add	r24, r18
     71c:	91 1d       	adc	r25, r1
     71e:	20 91 fd 23 	lds	r18, 0x23FD	; 0x8023fd <nbPixels4>
     722:	82 0f       	add	r24, r18
     724:	91 1d       	adc	r25, r1
     726:	20 91 fc 23 	lds	r18, 0x23FC	; 0x8023fc <nbPixels5>
     72a:	82 0f       	add	r24, r18
     72c:	91 1d       	adc	r25, r1
     72e:	02 c0       	rjmp	.+4      	; 0x734 <updatePixels+0x13e>
inline int getOffset(int triggerIndex){

	switch (triggerIndex){

		case 0:
			return 0;
     730:	80 e0       	ldi	r24, 0x00	; 0
     732:	90 e0       	ldi	r25, 0x00	; 0

	if (animationTrigger == ANIM_TRIG_ON){
		displayValue = 255;
	}
	
	int offset = getOffset(triggerIndex) * 3;
     734:	8c 01       	movw	r16, r24
     736:	00 0f       	add	r16, r16
     738:	11 1f       	adc	r17, r17
     73a:	08 0f       	add	r16, r24
     73c:	19 1f       	adc	r17, r25

	unsigned int  numberOfFrames = 1;
	uint8_t smooth = 0;
	char (*animData)[10]  = NULL;
	
	switch (animation){
     73e:	80 91 0f 24 	lds	r24, 0x240F	; 0x80240f <animation>
     742:	90 e0       	ldi	r25, 0x00	; 0
     744:	89 30       	cpi	r24, 0x09	; 9
     746:	91 05       	cpc	r25, r1
     748:	08 f0       	brcs	.+2      	; 0x74c <updatePixels+0x156>
     74a:	61 c0       	rjmp	.+194    	; 0x80e <__EEPROM_REGION_LENGTH__+0xe>
     74c:	fc 01       	movw	r30, r24
     74e:	88 27       	eor	r24, r24
     750:	e2 50       	subi	r30, 0x02	; 2
     752:	ff 4f       	sbci	r31, 0xFF	; 255
     754:	8f 4f       	sbci	r24, 0xFF	; 255
     756:	0c 94 3b 1e 	jmp	0x3c76	; 0x3c76 <__tablejump2__>
	
			case ANIMATION_PULSE:
				numberOfFrames = A_PULSE_STATE_SIZE;
     75a:	c0 90 87 22 	lds	r12, 0x2287	; 0x802287 <A_PULSE_STATE_SIZE>
     75e:	d0 90 88 22 	lds	r13, 0x2288	; 0x802288 <A_PULSE_STATE_SIZE+0x1>
				smooth = A_PULSE_SMOOTH;
     762:	a0 91 89 22 	lds	r26, 0x2289	; 0x802289 <A_PULSE_SMOOTH>
     766:	af 8b       	std	Y+23, r26	; 0x17
				animData = A_PULSE_ARR;
     768:	23 e7       	ldi	r18, 0x73	; 115
     76a:	32 e2       	ldi	r19, 0x22	; 34
				break;
     76c:	56 c0       	rjmp	.+172    	; 0x81a <__EEPROM_REGION_LENGTH__+0x1a>
				
			case ANIMATION_PULSE_S:
				numberOfFrames = A_PULSES_STATE_SIZE;
     76e:	c0 90 59 22 	lds	r12, 0x2259	; 0x802259 <A_PULSES_STATE_SIZE>
     772:	d0 90 5a 22 	lds	r13, 0x225A	; 0x80225a <A_PULSES_STATE_SIZE+0x1>
				smooth = A_PULSES_SMOOTH;
     776:	b0 91 5b 22 	lds	r27, 0x225B	; 0x80225b <A_PULSES_SMOOTH>
     77a:	bf 8b       	std	Y+23, r27	; 0x17
				animData = A_PULSES_ARR;
     77c:	2b ee       	ldi	r18, 0xEB	; 235
     77e:	31 e2       	ldi	r19, 0x21	; 33
				break;
     780:	4c c0       	rjmp	.+152    	; 0x81a <__EEPROM_REGION_LENGTH__+0x1a>
				
			case ANIMATION_PULSE_C:
				numberOfFrames = A_PULSEC_STATE_SIZE;
     782:	c0 90 70 22 	lds	r12, 0x2270	; 0x802270 <A_PULSEC_STATE_SIZE>
     786:	d0 90 71 22 	lds	r13, 0x2271	; 0x802271 <A_PULSEC_STATE_SIZE+0x1>
				smooth = A_PULSEC_SMOOTH;
     78a:	e0 91 72 22 	lds	r30, 0x2272	; 0x802272 <A_PULSEC_SMOOTH>
     78e:	ef 8b       	std	Y+23, r30	; 0x17
				animData = A_PULSEC_ARR;
     790:	2c e5       	ldi	r18, 0x5C	; 92
     792:	32 e2       	ldi	r19, 0x22	; 34
				break;
     794:	42 c0       	rjmp	.+132    	; 0x81a <__EEPROM_REGION_LENGTH__+0x1a>
				
			case ANIMATION_FILL:
				numberOfFrames = A_FILLL_STATE_SIZE;
     796:	c0 90 f8 22 	lds	r12, 0x22F8	; 0x8022f8 <A_FILLL_STATE_SIZE>
     79a:	d0 90 f9 22 	lds	r13, 0x22F9	; 0x8022f9 <A_FILLL_STATE_SIZE+0x1>
				smooth = A_FILLL_SMOOTH;
     79e:	f0 91 fa 22 	lds	r31, 0x22FA	; 0x8022fa <A_FILLL_SMOOTH>
     7a2:	ff 8b       	std	Y+23, r31	; 0x17
				animData = A_FILLL_ARR;
     7a4:	2a e8       	ldi	r18, 0x8A	; 138
     7a6:	32 e2       	ldi	r19, 0x22	; 34
				break;
     7a8:	38 c0       	rjmp	.+112    	; 0x81a <__EEPROM_REGION_LENGTH__+0x1a>
				
			case ANIMATION_CFILL:
				numberOfFrames = A_FILLCENTER_STATE_SIZE;
     7aa:	c0 90 06 21 	lds	r12, 0x2106	; 0x802106 <A_FILLCENTER_STATE_SIZE>
     7ae:	d0 90 07 21 	lds	r13, 0x2107	; 0x802107 <A_FILLCENTER_STATE_SIZE+0x1>
				smooth = A_FILLCENTER_SMOOTH;
     7b2:	20 91 08 21 	lds	r18, 0x2108	; 0x802108 <A_FILLCENTER_SMOOTH>
     7b6:	2f 8b       	std	Y+23, r18	; 0x17
				animData = A_FILLCENTER_ARR;
     7b8:	20 ec       	ldi	r18, 0xC0	; 192
     7ba:	30 e2       	ldi	r19, 0x20	; 32
				break;
     7bc:	2e c0       	rjmp	.+92     	; 0x81a <__EEPROM_REGION_LENGTH__+0x1a>
				
			case ANIMATION_EQMOV:
				numberOfFrames = A_MOVINGEQ_STATE_SIZE;
     7be:	c0 90 e8 21 	lds	r12, 0x21E8	; 0x8021e8 <A_MOVINGEQ_STATE_SIZE>
     7c2:	d0 90 e9 21 	lds	r13, 0x21E9	; 0x8021e9 <A_MOVINGEQ_STATE_SIZE+0x1>
				smooth = A_MOVINGEQ_SMOOTH;
     7c6:	40 91 ea 21 	lds	r20, 0x21EA	; 0x8021ea <A_MOVINGEQ_SMOOTH>
     7ca:	4f 8b       	std	Y+23, r20	; 0x17
				animData = A_MOVINGEQ_ARR;
     7cc:	2a e7       	ldi	r18, 0x7A	; 122
     7ce:	31 e2       	ldi	r19, 0x21	; 33
				break;
     7d0:	24 c0       	rjmp	.+72     	; 0x81a <__EEPROM_REGION_LENGTH__+0x1a>
				
			case ANIMATION_EQFIXED:
				numberOfFrames = A_FIXEDEQ_STATE_SIZE;
     7d2:	c0 90 77 21 	lds	r12, 0x2177	; 0x802177 <A_FIXEDEQ_STATE_SIZE>
     7d6:	d0 90 78 21 	lds	r13, 0x2178	; 0x802178 <A_FIXEDEQ_STATE_SIZE+0x1>
				smooth = A_FIXEDEQ_SMOOTH;
     7da:	60 91 79 21 	lds	r22, 0x2179	; 0x802179 <A_FIXEDEQ_SMOOTH>
     7de:	6f 8b       	std	Y+23, r22	; 0x17
				animData = A_FIXEDEQ_ARR;
     7e0:	29 e0       	ldi	r18, 0x09	; 9
     7e2:	31 e2       	ldi	r19, 0x21	; 33
				break;
     7e4:	1a c0       	rjmp	.+52     	; 0x81a <__EEPROM_REGION_LENGTH__+0x1a>
				
			case ANIMATION_CEQMOV:
				numberOfFrames = A_CMOVINGEQ_STATE_SIZE;
     7e6:	c0 90 bd 20 	lds	r12, 0x20BD	; 0x8020bd <A_CMOVINGEQ_STATE_SIZE>
     7ea:	d0 90 be 20 	lds	r13, 0x20BE	; 0x8020be <A_CMOVINGEQ_STATE_SIZE+0x1>
				smooth = A_CMOVINGEQ_SMOOTH;
     7ee:	70 91 bf 20 	lds	r23, 0x20BF	; 0x8020bf <A_CMOVINGEQ_SMOOTH>
     7f2:	7f 8b       	std	Y+23, r23	; 0x17
				animData = A_CMOVINGEQR_ARR;
     7f4:	2f e4       	ldi	r18, 0x4F	; 79
     7f6:	30 e2       	ldi	r19, 0x20	; 32
				break;
     7f8:	10 c0       	rjmp	.+32     	; 0x81a <__EEPROM_REGION_LENGTH__+0x1a>
				
			case ANIMATION_CEQFIXED:
				numberOfFrames = A_CFIXEDEQ_STATE_SIZE;
     7fa:	c0 90 4c 20 	lds	r12, 0x204C	; 0x80204c <A_CFIXEDEQ_STATE_SIZE>
     7fe:	d0 90 4d 20 	lds	r13, 0x204D	; 0x80204d <A_CFIXEDEQ_STATE_SIZE+0x1>
				smooth = A_CFIXEDEQ_SMOOTH;
     802:	80 91 4e 20 	lds	r24, 0x204E	; 0x80204e <A_CFIXEDEQ_SMOOTH>
     806:	8f 8b       	std	Y+23, r24	; 0x17
				animData = A_CFIXEDEQ_ARR;
     808:	26 e0       	ldi	r18, 0x06	; 6
     80a:	30 e2       	ldi	r19, 0x20	; 32
				break;
     80c:	06 c0       	rjmp	.+12     	; 0x81a <__EEPROM_REGION_LENGTH__+0x1a>
	
	int offset = getOffset(triggerIndex) * 3;

	unsigned int  numberOfFrames = 1;
	uint8_t smooth = 0;
	char (*animData)[10]  = NULL;
     80e:	20 e0       	ldi	r18, 0x00	; 0
     810:	30 e0       	ldi	r19, 0x00	; 0
	}
	
	int offset = getOffset(triggerIndex) * 3;

	unsigned int  numberOfFrames = 1;
	uint8_t smooth = 0;
     812:	1f 8a       	std	Y+23, r1	; 0x17
		displayValue = 255;
	}
	
	int offset = getOffset(triggerIndex) * 3;

	unsigned int  numberOfFrames = 1;
     814:	cc 24       	eor	r12, r12
     816:	c3 94       	inc	r12
     818:	d1 2c       	mov	r13, r1
				animData = A_CFIXEDEQ_ARR;
				break;
	}
	
	// Choose the 2 rows of data from animation that match
	unsigned int frameValue8Bits = (SCALE_FACTOR) / numberOfFrames;
     81a:	80 e0       	ldi	r24, 0x00	; 0
     81c:	91 e0       	ldi	r25, 0x01	; 1
     81e:	b6 01       	movw	r22, r12
     820:	0e 94 14 1e 	call	0x3c28	; 0x3c28 <__udivmodhi4>
     824:	5b 01       	movw	r10, r22
	unsigned int position8Bits = (displayValue);
	unsigned int frameIndex = position8Bits / frameValue8Bits; //
     826:	c3 01       	movw	r24, r6
     828:	0e 94 14 1e 	call	0x3c28	; 0x3c28 <__udivmodhi4>
     82c:	fb 01       	movw	r30, r22
	unsigned int frameRatio8bits = (position8Bits % frameValue8Bits) * SCALE_FACTOR / frameValue8Bits;
     82e:	98 2f       	mov	r25, r24
     830:	80 e0       	ldi	r24, 0x00	; 0
     832:	b5 01       	movw	r22, r10
     834:	0e 94 14 1e 	call	0x3c28	; 0x3c28 <__udivmodhi4>
     838:	2b 01       	movw	r4, r22

	char* animFrame1 = &(animData[frameIndex]);//&(animData[frameIndex == 0 ? frameIndex : frameIndex -1]);
     83a:	af 01       	movw	r20, r30
     83c:	44 0f       	add	r20, r20
     83e:	55 1f       	adc	r21, r21
     840:	cf 01       	movw	r24, r30
     842:	88 0f       	add	r24, r24
     844:	99 1f       	adc	r25, r25
     846:	88 0f       	add	r24, r24
     848:	99 1f       	adc	r25, r25
     84a:	88 0f       	add	r24, r24
     84c:	99 1f       	adc	r25, r25
     84e:	84 0f       	add	r24, r20
     850:	95 1f       	adc	r25, r21
	char* animFrame2 = &(animData[frameIndex == numberOfFrames ? frameIndex : frameIndex + 1]);
     852:	ce 16       	cp	r12, r30
     854:	df 06       	cpc	r13, r31
     856:	29 f0       	breq	.+10     	; 0x862 <__EEPROM_REGION_LENGTH__+0x62>
     858:	3c 01       	movw	r6, r24
     85a:	aa e0       	ldi	r26, 0x0A	; 10
     85c:	6a 0e       	add	r6, r26
     85e:	71 1c       	adc	r7, r1
     860:	01 c0       	rjmp	.+2      	; 0x864 <__EEPROM_REGION_LENGTH__+0x64>
     862:	3c 01       	movw	r6, r24
	
	int colorsR[3] = {0, (int)colorR1, (int)colorR2};
     864:	19 82       	std	Y+1, r1	; 0x01
     866:	1a 82       	std	Y+2, r1	; 0x02
     868:	40 91 0d 24 	lds	r20, 0x240D	; 0x80240d <colorR1>
     86c:	50 e0       	ldi	r21, 0x00	; 0
     86e:	4b 83       	std	Y+3, r20	; 0x03
     870:	5c 83       	std	Y+4, r21	; 0x04
     872:	40 91 0a 24 	lds	r20, 0x240A	; 0x80240a <colorR2>
     876:	50 e0       	ldi	r21, 0x00	; 0
     878:	4d 83       	std	Y+5, r20	; 0x05
     87a:	5e 83       	std	Y+6, r21	; 0x06
	int colorsG[3] = {0, (int)colorG1, (int)colorG2};
     87c:	1f 82       	std	Y+7, r1	; 0x07
     87e:	18 86       	std	Y+8, r1	; 0x08
     880:	40 91 0c 24 	lds	r20, 0x240C	; 0x80240c <colorG1>
     884:	50 e0       	ldi	r21, 0x00	; 0
     886:	49 87       	std	Y+9, r20	; 0x09
     888:	5a 87       	std	Y+10, r21	; 0x0a
     88a:	40 91 09 24 	lds	r20, 0x2409	; 0x802409 <colorG2>
     88e:	50 e0       	ldi	r21, 0x00	; 0
     890:	4b 87       	std	Y+11, r20	; 0x0b
     892:	5c 87       	std	Y+12, r21	; 0x0c
	int colorsB[3] = {0, (int)colorB1, (int)colorB2};
     894:	1d 86       	std	Y+13, r1	; 0x0d
     896:	1e 86       	std	Y+14, r1	; 0x0e
     898:	40 91 0b 24 	lds	r20, 0x240B	; 0x80240b <colorB1>
     89c:	50 e0       	ldi	r21, 0x00	; 0
     89e:	4f 87       	std	Y+15, r20	; 0x0f
     8a0:	58 8b       	std	Y+16, r21	; 0x10
     8a2:	40 91 08 24 	lds	r20, 0x2408	; 0x802408 <colorB2>
     8a6:	50 e0       	ldi	r21, 0x00	; 0
     8a8:	49 8b       	std	Y+17, r20	; 0x11
     8aa:	5a 8b       	std	Y+18, r21	; 0x12
inline int getNbPixels(int triggerIndex){

	switch (triggerIndex){

		case 0:
			return nbPixels1;
     8ac:	40 91 00 24 	lds	r20, 0x2400	; 0x802400 <nbPixels1>
     8b0:	e4 2f       	mov	r30, r20
     8b2:	f0 e0       	ldi	r31, 0x00	; 0
     8b4:	e8 8f       	std	Y+24, r30	; 0x18
     8b6:	f9 8f       	std	Y+25, r31	; 0x19
		case 1:
			return nbPixels2;
     8b8:	40 91 ff 23 	lds	r20, 0x23FF	; 0x8023ff <nbPixels2>
     8bc:	64 2f       	mov	r22, r20
     8be:	70 e0       	ldi	r23, 0x00	; 0
     8c0:	6a 8f       	std	Y+26, r22	; 0x1a
     8c2:	7b 8f       	std	Y+27, r23	; 0x1b
		case 2:
			return nbPixels3;
     8c4:	40 91 fe 23 	lds	r20, 0x23FE	; 0x8023fe <nbPixels3>
     8c8:	a4 2f       	mov	r26, r20
     8ca:	b0 e0       	ldi	r27, 0x00	; 0
     8cc:	ac 8f       	std	Y+28, r26	; 0x1c
     8ce:	bd 8f       	std	Y+29, r27	; 0x1d
		case 3:
			return nbPixels4;
     8d0:	40 91 fd 23 	lds	r20, 0x23FD	; 0x8023fd <nbPixels4>
     8d4:	e4 2f       	mov	r30, r20
     8d6:	f0 e0       	ldi	r31, 0x00	; 0
     8d8:	ee 8f       	std	Y+30, r30	; 0x1e
     8da:	ff 8f       	std	Y+31, r31	; 0x1f
		case 4:
			return nbPixels5;
     8dc:	40 91 fc 23 	lds	r20, 0x23FC	; 0x8023fc <nbPixels5>
     8e0:	64 2f       	mov	r22, r20
     8e2:	70 e0       	ldi	r23, 0x00	; 0
     8e4:	68 a3       	std	Y+32, r22	; 0x20
     8e6:	79 a3       	std	Y+33, r23	; 0x21
		case 5:
			return nbPixels6;
     8e8:	40 91 fb 23 	lds	r20, 0x23FB	; 0x8023fb <nbPixels6>
     8ec:	a4 2f       	mov	r26, r20
     8ee:	b0 e0       	ldi	r27, 0x00	; 0
     8f0:	aa a3       	std	Y+34, r26	; 0x22
     8f2:	bb a3       	std	Y+35, r27	; 0x23
			r = colorsR[color2];
			g = colorsG[color2];
			b = colorsB[color2];
		}
		
		updateSinglePixel(offset+i*3, (r * dimmer) >> SCALE_FACTOR_BITS, (g * dimmer) >> SCALE_FACTOR_BITS, (b * dimmer) >> SCALE_FACTOR_BITS);		
     8f4:	a0 90 07 24 	lds	r10, 0x2407	; 0x802407 <dimmer>
     8f8:	b1 2c       	mov	r11, r1
     8fa:	0a 5f       	subi	r16, 0xFA	; 250
     8fc:	11 4d       	sbci	r17, 0xD1	; 209
	
	int colorsR[3] = {0, (int)colorR1, (int)colorR2};
	int colorsG[3] = {0, (int)colorG1, (int)colorG2};
	int colorsB[3] = {0, (int)colorB1, (int)colorB2};
	
	for (int i=0; i<getNbPixels(triggerIndex); i++){
     8fe:	c1 2c       	mov	r12, r1
     900:	d1 2c       	mov	r13, r1
		case 3:
			return nbPixels4;
		case 4:
			return nbPixels5;
		case 5:
			return nbPixels6;
     902:	ba a1       	ldd	r27, Y+34	; 0x22
     904:	bc a3       	std	Y+36, r27	; 0x24
     906:	eb a1       	ldd	r30, Y+35	; 0x23
     908:	ed a3       	std	Y+37, r30	; 0x25
		case 2:
			return nbPixels3;
		case 3:
			return nbPixels4;
		case 4:
			return nbPixels5;
     90a:	f8 a1       	ldd	r31, Y+32	; 0x20
     90c:	fe a3       	std	Y+38, r31	; 0x26
     90e:	49 a1       	ldd	r20, Y+33	; 0x21
     910:	4f a3       	std	Y+39, r20	; 0x27
		case 1:
			return nbPixels2;
		case 2:
			return nbPixels3;
		case 3:
			return nbPixels4;
     912:	6e 8d       	ldd	r22, Y+30	; 0x1e
     914:	68 a7       	std	Y+40, r22	; 0x28
     916:	7f 8d       	ldd	r23, Y+31	; 0x1f
     918:	79 a7       	std	Y+41, r23	; 0x29
	switch (triggerIndex){

		case 0:
			return nbPixels1;
		case 1:
			return nbPixels2;
     91a:	aa 8d       	ldd	r26, Y+26	; 0x1a
     91c:	aa a7       	std	Y+42, r26	; 0x2a
     91e:	bb 8d       	ldd	r27, Y+27	; 0x1b
     920:	bb a7       	std	Y+43, r27	; 0x2b
inline int getNbPixels(int triggerIndex){

	switch (triggerIndex){

		case 0:
			return nbPixels1;
     922:	e8 8d       	ldd	r30, Y+24	; 0x18
     924:	ec a7       	std	Y+44, r30	; 0x2c
     926:	f9 8d       	ldd	r31, Y+25	; 0x19
     928:	fd a7       	std	Y+45, r31	; 0x2d
		case 1:
			return nbPixels2;
		case 2:
			return nbPixels3;
     92a:	4c 8d       	ldd	r20, Y+28	; 0x1c
     92c:	4e a7       	std	Y+46, r20	; 0x2e
     92e:	6d 8d       	ldd	r22, Y+29	; 0x1d
     930:	6f a7       	std	Y+47, r22	; 0x2f
		// TODO: Remove float
		float indexPixelComplete = ((float)i * ((9.0f/getNbPixels((triggerIndex)))));
		int indexPixel = floor(indexPixelComplete);
		
		int color1 = animFrame1[indexPixel];
		int color2 = animFrame2[indexPixel];
     932:	62 0e       	add	r6, r18
     934:	73 1e       	adc	r7, r19
			
		// TODO: Remove float
		float indexPixelComplete = ((float)i * ((9.0f/getNbPixels((triggerIndex)))));
		int indexPixel = floor(indexPixelComplete);
		
		int color1 = animFrame1[indexPixel];
     936:	49 01       	movw	r8, r18
     938:	88 0e       	add	r8, r24
     93a:	99 1e       	adc	r9, r25
		unsigned int g = 0;
		unsigned int b = 0;
		
		if (smooth == 1){

			r = (((frameRatio8bits * colorsR[color2]) >> SCALE_FACTOR_BITS) + (((SCALE_FACTOR - frameRatio8bits) * colorsR[color1]) >> SCALE_FACTOR_BITS));
     93c:	80 e0       	ldi	r24, 0x00	; 0
     93e:	91 e0       	ldi	r25, 0x01	; 1
     940:	1c 01       	movw	r2, r24
     942:	24 18       	sub	r2, r4
     944:	35 08       	sbc	r3, r5
	
	int colorsR[3] = {0, (int)colorR1, (int)colorR2};
	int colorsG[3] = {0, (int)colorG1, (int)colorG2};
	int colorsB[3] = {0, (int)colorB1, (int)colorB2};
	
	for (int i=0; i<getNbPixels(triggerIndex); i++){
     946:	fc c0       	rjmp	.+504    	; 0xb40 <__EEPROM_REGION_LENGTH__+0x340>
			
		// TODO: Remove float
		float indexPixelComplete = ((float)i * ((9.0f/getNbPixels((triggerIndex)))));
     948:	b6 01       	movw	r22, r12
     94a:	0d 2c       	mov	r0, r13
     94c:	00 0c       	add	r0, r0
     94e:	88 0b       	sbc	r24, r24
     950:	99 0b       	sbc	r25, r25
     952:	0e 94 d2 1c 	call	0x39a4	; 0x39a4 <__floatsisf>
     956:	6b 8b       	std	Y+19, r22	; 0x13
     958:	7c 8b       	std	Y+20, r23	; 0x14
     95a:	8d 8b       	std	Y+21, r24	; 0x15
     95c:	9e 8b       	std	Y+22, r25	; 0x16

}

inline int getNbPixels(int triggerIndex){

	switch (triggerIndex){
     95e:	72 e0       	ldi	r23, 0x02	; 2
     960:	e7 16       	cp	r14, r23
     962:	f1 04       	cpc	r15, r1
     964:	c9 f0       	breq	.+50     	; 0x998 <__EEPROM_REGION_LENGTH__+0x198>
     966:	44 f4       	brge	.+16     	; 0x978 <__EEPROM_REGION_LENGTH__+0x178>
     968:	e1 14       	cp	r14, r1
     96a:	f1 04       	cpc	r15, r1
     96c:	79 f0       	breq	.+30     	; 0x98c <__EEPROM_REGION_LENGTH__+0x18c>
     96e:	91 e0       	ldi	r25, 0x01	; 1
     970:	e9 16       	cp	r14, r25
     972:	f1 04       	cpc	r15, r1
     974:	e9 f4       	brne	.+58     	; 0x9b0 <__EEPROM_REGION_LENGTH__+0x1b0>
     976:	0d c0       	rjmp	.+26     	; 0x992 <__EEPROM_REGION_LENGTH__+0x192>
     978:	a4 e0       	ldi	r26, 0x04	; 4
     97a:	ea 16       	cp	r14, r26
     97c:	f1 04       	cpc	r15, r1
     97e:	91 f0       	breq	.+36     	; 0x9a4 <__EEPROM_REGION_LENGTH__+0x1a4>
     980:	74 f0       	brlt	.+28     	; 0x99e <__EEPROM_REGION_LENGTH__+0x19e>
     982:	e5 e0       	ldi	r30, 0x05	; 5
     984:	ee 16       	cp	r14, r30
     986:	f1 04       	cpc	r15, r1
     988:	99 f4       	brne	.+38     	; 0x9b0 <__EEPROM_REGION_LENGTH__+0x1b0>
     98a:	0f c0       	rjmp	.+30     	; 0x9aa <__EEPROM_REGION_LENGTH__+0x1aa>

		case 0:
			return nbPixels1;
     98c:	6c a5       	ldd	r22, Y+44	; 0x2c
     98e:	7d a5       	ldd	r23, Y+45	; 0x2d
     990:	11 c0       	rjmp	.+34     	; 0x9b4 <__EEPROM_REGION_LENGTH__+0x1b4>
		case 1:
			return nbPixels2;
     992:	6a a5       	ldd	r22, Y+42	; 0x2a
     994:	7b a5       	ldd	r23, Y+43	; 0x2b
     996:	0e c0       	rjmp	.+28     	; 0x9b4 <__EEPROM_REGION_LENGTH__+0x1b4>
		case 2:
			return nbPixels3;
     998:	6e a5       	ldd	r22, Y+46	; 0x2e
     99a:	7f a5       	ldd	r23, Y+47	; 0x2f
     99c:	0b c0       	rjmp	.+22     	; 0x9b4 <__EEPROM_REGION_LENGTH__+0x1b4>
		case 3:
			return nbPixels4;
     99e:	68 a5       	ldd	r22, Y+40	; 0x28
     9a0:	79 a5       	ldd	r23, Y+41	; 0x29
     9a2:	08 c0       	rjmp	.+16     	; 0x9b4 <__EEPROM_REGION_LENGTH__+0x1b4>
		case 4:
			return nbPixels5;
     9a4:	6e a1       	ldd	r22, Y+38	; 0x26
     9a6:	7f a1       	ldd	r23, Y+39	; 0x27
     9a8:	05 c0       	rjmp	.+10     	; 0x9b4 <__EEPROM_REGION_LENGTH__+0x1b4>
		case 5:
			return nbPixels6;
     9aa:	6c a1       	ldd	r22, Y+36	; 0x24
     9ac:	7d a1       	ldd	r23, Y+37	; 0x25
     9ae:	02 c0       	rjmp	.+4      	; 0x9b4 <__EEPROM_REGION_LENGTH__+0x1b4>
	}

	return 0;
     9b0:	60 e0       	ldi	r22, 0x00	; 0
     9b2:	70 e0       	ldi	r23, 0x00	; 0
	
	for (int i=0; i<getNbPixels(triggerIndex); i++){
			
		// TODO: Remove float
		float indexPixelComplete = ((float)i * ((9.0f/getNbPixels((triggerIndex)))));
		int indexPixel = floor(indexPixelComplete);
     9b4:	07 2e       	mov	r0, r23
     9b6:	00 0c       	add	r0, r0
     9b8:	88 0b       	sbc	r24, r24
     9ba:	99 0b       	sbc	r25, r25
     9bc:	0e 94 d2 1c 	call	0x39a4	; 0x39a4 <__floatsisf>
     9c0:	9b 01       	movw	r18, r22
     9c2:	ac 01       	movw	r20, r24
     9c4:	60 e0       	ldi	r22, 0x00	; 0
     9c6:	70 e0       	ldi	r23, 0x00	; 0
     9c8:	80 e1       	ldi	r24, 0x10	; 16
     9ca:	91 e4       	ldi	r25, 0x41	; 65
     9cc:	0e 94 37 1c 	call	0x386e	; 0x386e <__divsf3>
     9d0:	2b 89       	ldd	r18, Y+19	; 0x13
     9d2:	3c 89       	ldd	r19, Y+20	; 0x14
     9d4:	4d 89       	ldd	r20, Y+21	; 0x15
     9d6:	5e 89       	ldd	r21, Y+22	; 0x16
     9d8:	0e 94 b1 1d 	call	0x3b62	; 0x3b62 <__mulsf3>
     9dc:	0e 94 0d 1d 	call	0x3a1a	; 0x3a1a <floor>
		
		int color1 = animFrame1[indexPixel];
     9e0:	0e 94 9f 1c 	call	0x393e	; 0x393e <__fixsfsi>
		int color2 = animFrame2[indexPixel];
     9e4:	f3 01       	movw	r30, r6
     9e6:	e6 0f       	add	r30, r22
     9e8:	f7 1f       	adc	r31, r23
     9ea:	a0 81       	ld	r26, Z
     9ec:	0a 2e       	mov	r0, r26
     9ee:	00 0c       	add	r0, r0
     9f0:	bb 0b       	sbc	r27, r27
		
		unsigned int r = 0;
		unsigned int g = 0;
		unsigned int b = 0;
		
		if (smooth == 1){
     9f2:	ff 89       	ldd	r31, Y+23	; 0x17
     9f4:	f1 30       	cpi	r31, 0x01	; 1
     9f6:	09 f0       	breq	.+2      	; 0x9fa <__EEPROM_REGION_LENGTH__+0x1fa>
     9f8:	6f c0       	rjmp	.+222    	; 0xad8 <__EEPROM_REGION_LENGTH__+0x2d8>
			
		// TODO: Remove float
		float indexPixelComplete = ((float)i * ((9.0f/getNbPixels((triggerIndex)))));
		int indexPixel = floor(indexPixelComplete);
		
		int color1 = animFrame1[indexPixel];
     9fa:	f4 01       	movw	r30, r8
     9fc:	e6 0f       	add	r30, r22
     9fe:	f7 1f       	adc	r31, r23
     a00:	80 81       	ld	r24, Z
		unsigned int g = 0;
		unsigned int b = 0;
		
		if (smooth == 1){

			r = (((frameRatio8bits * colorsR[color2]) >> SCALE_FACTOR_BITS) + (((SCALE_FACTOR - frameRatio8bits) * colorsR[color1]) >> SCALE_FACTOR_BITS));
     a02:	aa 0f       	add	r26, r26
     a04:	bb 1f       	adc	r27, r27
     a06:	61 e0       	ldi	r22, 0x01	; 1
     a08:	70 e0       	ldi	r23, 0x00	; 0
     a0a:	6c 0f       	add	r22, r28
     a0c:	7d 1f       	adc	r23, r29
     a0e:	6a 0f       	add	r22, r26
     a10:	7b 1f       	adc	r23, r27
     a12:	db 01       	movw	r26, r22
     a14:	2d 91       	ld	r18, X+
     a16:	3c 91       	ld	r19, X
     a18:	42 9e       	mul	r4, r18
     a1a:	f0 01       	movw	r30, r0
     a1c:	43 9e       	mul	r4, r19
     a1e:	f0 0d       	add	r31, r0
     a20:	52 9e       	mul	r5, r18
     a22:	f0 0d       	add	r31, r0
     a24:	11 24       	eor	r1, r1
     a26:	2f 2f       	mov	r18, r31
     a28:	33 27       	eor	r19, r19
     a2a:	a8 2f       	mov	r26, r24
     a2c:	aa 0f       	add	r26, r26
     a2e:	bb 0b       	sbc	r27, r27
     a30:	e1 e0       	ldi	r30, 0x01	; 1
     a32:	f0 e0       	ldi	r31, 0x00	; 0
     a34:	ec 0f       	add	r30, r28
     a36:	fd 1f       	adc	r31, r29
     a38:	ea 0f       	add	r30, r26
     a3a:	fb 1f       	adc	r31, r27
     a3c:	eb 8b       	std	Y+19, r30	; 0x13
     a3e:	fc 8b       	std	Y+20, r31	; 0x14
     a40:	40 81       	ld	r20, Z
     a42:	51 81       	ldd	r21, Z+1	; 0x01
     a44:	24 9e       	mul	r2, r20
     a46:	c0 01       	movw	r24, r0
     a48:	25 9e       	mul	r2, r21
     a4a:	90 0d       	add	r25, r0
     a4c:	34 9e       	mul	r3, r20
     a4e:	90 0d       	add	r25, r0
     a50:	11 24       	eor	r1, r1
     a52:	e9 2f       	mov	r30, r25
     a54:	ff 27       	eor	r31, r31
     a56:	e2 0f       	add	r30, r18
     a58:	f3 1f       	adc	r31, r19
			g = (((frameRatio8bits * colorsG[color2]) >> SCALE_FACTOR_BITS) + (((SCALE_FACTOR - frameRatio8bits) * colorsG[color1]) >> SCALE_FACTOR_BITS));
     a5a:	db 01       	movw	r26, r22
     a5c:	16 96       	adiw	r26, 0x06	; 6
     a5e:	8d 91       	ld	r24, X+
     a60:	9c 91       	ld	r25, X
     a62:	17 97       	sbiw	r26, 0x07	; 7
     a64:	48 9e       	mul	r4, r24
     a66:	90 01       	movw	r18, r0
     a68:	49 9e       	mul	r4, r25
     a6a:	30 0d       	add	r19, r0
     a6c:	58 9e       	mul	r5, r24
     a6e:	30 0d       	add	r19, r0
     a70:	11 24       	eor	r1, r1
     a72:	43 2f       	mov	r20, r19
     a74:	55 27       	eor	r21, r21
     a76:	ab 89       	ldd	r26, Y+19	; 0x13
     a78:	bc 89       	ldd	r27, Y+20	; 0x14
     a7a:	16 96       	adiw	r26, 0x06	; 6
     a7c:	2d 91       	ld	r18, X+
     a7e:	3c 91       	ld	r19, X
     a80:	17 97       	sbiw	r26, 0x07	; 7
     a82:	22 9e       	mul	r2, r18
     a84:	c0 01       	movw	r24, r0
     a86:	23 9e       	mul	r2, r19
     a88:	90 0d       	add	r25, r0
     a8a:	32 9e       	mul	r3, r18
     a8c:	90 0d       	add	r25, r0
     a8e:	11 24       	eor	r1, r1
     a90:	29 2f       	mov	r18, r25
     a92:	33 27       	eor	r19, r19
     a94:	24 0f       	add	r18, r20
     a96:	35 1f       	adc	r19, r21
			b = (((frameRatio8bits * colorsB[color2]) >> SCALE_FACTOR_BITS) + (((SCALE_FACTOR - frameRatio8bits) * colorsB[color1]) >> SCALE_FACTOR_BITS));
     a98:	db 01       	movw	r26, r22
     a9a:	1c 96       	adiw	r26, 0x0c	; 12
     a9c:	8d 91       	ld	r24, X+
     a9e:	9c 91       	ld	r25, X
     aa0:	1d 97       	sbiw	r26, 0x0d	; 13
     aa2:	48 9e       	mul	r4, r24
     aa4:	a0 01       	movw	r20, r0
     aa6:	49 9e       	mul	r4, r25
     aa8:	50 0d       	add	r21, r0
     aaa:	58 9e       	mul	r5, r24
     aac:	50 0d       	add	r21, r0
     aae:	11 24       	eor	r1, r1
     ab0:	45 2f       	mov	r20, r21
     ab2:	55 27       	eor	r21, r21
     ab4:	ab 89       	ldd	r26, Y+19	; 0x13
     ab6:	bc 89       	ldd	r27, Y+20	; 0x14
     ab8:	1c 96       	adiw	r26, 0x0c	; 12
     aba:	6d 91       	ld	r22, X+
     abc:	7c 91       	ld	r23, X
     abe:	1d 97       	sbiw	r26, 0x0d	; 13
     ac0:	26 9e       	mul	r2, r22
     ac2:	c0 01       	movw	r24, r0
     ac4:	27 9e       	mul	r2, r23
     ac6:	90 0d       	add	r25, r0
     ac8:	36 9e       	mul	r3, r22
     aca:	90 0d       	add	r25, r0
     acc:	11 24       	eor	r1, r1
     ace:	89 2f       	mov	r24, r25
     ad0:	99 27       	eor	r25, r25
     ad2:	48 0f       	add	r20, r24
     ad4:	59 1f       	adc	r21, r25
     ad6:	13 c0       	rjmp	.+38     	; 0xafe <__EEPROM_REGION_LENGTH__+0x2fe>
			
		} else {

			r = colorsR[color2];
     ad8:	aa 0f       	add	r26, r26
     ada:	bb 1f       	adc	r27, r27
     adc:	e1 e0       	ldi	r30, 0x01	; 1
     ade:	f0 e0       	ldi	r31, 0x00	; 0
     ae0:	ec 0f       	add	r30, r28
     ae2:	fd 1f       	adc	r31, r29
     ae4:	ae 0f       	add	r26, r30
     ae6:	bf 1f       	adc	r27, r31
     ae8:	ed 91       	ld	r30, X+
     aea:	fc 91       	ld	r31, X
     aec:	11 97       	sbiw	r26, 0x01	; 1
			g = colorsG[color2];
     aee:	16 96       	adiw	r26, 0x06	; 6
     af0:	2d 91       	ld	r18, X+
     af2:	3c 91       	ld	r19, X
     af4:	17 97       	sbiw	r26, 0x07	; 7
			b = colorsB[color2];
     af6:	1c 96       	adiw	r26, 0x0c	; 12
     af8:	4d 91       	ld	r20, X+
     afa:	5c 91       	ld	r21, X
     afc:	1d 97       	sbiw	r26, 0x0d	; 13
	
	return currentAnimationValue;
}

inline void updateSinglePixel(int offset, int r, int g, int b){
	DISPLAY_PIXELS[offset] = r;
     afe:	ea 9d       	mul	r30, r10
     b00:	c0 01       	movw	r24, r0
     b02:	eb 9d       	mul	r30, r11
     b04:	90 0d       	add	r25, r0
     b06:	fa 9d       	mul	r31, r10
     b08:	90 0d       	add	r25, r0
     b0a:	11 24       	eor	r1, r1
     b0c:	d8 01       	movw	r26, r16
     b0e:	9c 93       	st	X, r25
	DISPLAY_PIXELS[offset+1] = g;
     b10:	2a 9d       	mul	r18, r10
     b12:	c0 01       	movw	r24, r0
     b14:	2b 9d       	mul	r18, r11
     b16:	90 0d       	add	r25, r0
     b18:	3a 9d       	mul	r19, r10
     b1a:	90 0d       	add	r25, r0
     b1c:	11 24       	eor	r1, r1
     b1e:	11 96       	adiw	r26, 0x01	; 1
     b20:	9c 93       	st	X, r25
     b22:	11 97       	sbiw	r26, 0x01	; 1
	DISPLAY_PIXELS[offset+2] = b;
     b24:	4a 9d       	mul	r20, r10
     b26:	c0 01       	movw	r24, r0
     b28:	4b 9d       	mul	r20, r11
     b2a:	90 0d       	add	r25, r0
     b2c:	5a 9d       	mul	r21, r10
     b2e:	90 0d       	add	r25, r0
     b30:	11 24       	eor	r1, r1
     b32:	12 96       	adiw	r26, 0x02	; 2
     b34:	9c 93       	st	X, r25
	
	int colorsR[3] = {0, (int)colorR1, (int)colorR2};
	int colorsG[3] = {0, (int)colorG1, (int)colorG2};
	int colorsB[3] = {0, (int)colorB1, (int)colorB2};
	
	for (int i=0; i<getNbPixels(triggerIndex); i++){
     b36:	bf ef       	ldi	r27, 0xFF	; 255
     b38:	cb 1a       	sub	r12, r27
     b3a:	db 0a       	sbc	r13, r27
     b3c:	0d 5f       	subi	r16, 0xFD	; 253
     b3e:	1f 4f       	sbci	r17, 0xFF	; 255

}

inline int getNbPixels(int triggerIndex){

	switch (triggerIndex){
     b40:	e2 e0       	ldi	r30, 0x02	; 2
     b42:	ee 16       	cp	r14, r30
     b44:	f1 04       	cpc	r15, r1
     b46:	01 f1       	breq	.+64     	; 0xb88 <__EEPROM_REGION_LENGTH__+0x388>
     b48:	44 f4       	brge	.+16     	; 0xb5a <__EEPROM_REGION_LENGTH__+0x35a>
     b4a:	e1 14       	cp	r14, r1
     b4c:	f1 04       	cpc	r15, r1
     b4e:	79 f0       	breq	.+30     	; 0xb6e <__EEPROM_REGION_LENGTH__+0x36e>
     b50:	21 e0       	ldi	r18, 0x01	; 1
     b52:	e2 16       	cp	r14, r18
     b54:	f1 04       	cpc	r15, r1
     b56:	89 f0       	breq	.+34     	; 0xb7a <__EEPROM_REGION_LENGTH__+0x37a>
     b58:	31 c0       	rjmp	.+98     	; 0xbbc <__EEPROM_REGION_LENGTH__+0x3bc>
     b5a:	44 e0       	ldi	r20, 0x04	; 4
     b5c:	e4 16       	cp	r14, r20
     b5e:	f1 04       	cpc	r15, r1
     b60:	09 f1       	breq	.+66     	; 0xba4 <__EEPROM_REGION_LENGTH__+0x3a4>
     b62:	cc f0       	brlt	.+50     	; 0xb96 <__EEPROM_REGION_LENGTH__+0x396>
     b64:	75 e0       	ldi	r23, 0x05	; 5
     b66:	e7 16       	cp	r14, r23
     b68:	f1 04       	cpc	r15, r1
     b6a:	11 f1       	breq	.+68     	; 0xbb0 <__EEPROM_REGION_LENGTH__+0x3b0>
     b6c:	27 c0       	rjmp	.+78     	; 0xbbc <__EEPROM_REGION_LENGTH__+0x3bc>
	
	int colorsR[3] = {0, (int)colorR1, (int)colorR2};
	int colorsG[3] = {0, (int)colorG1, (int)colorG2};
	int colorsB[3] = {0, (int)colorB1, (int)colorB2};
	
	for (int i=0; i<getNbPixels(triggerIndex); i++){
     b6e:	88 8d       	ldd	r24, Y+24	; 0x18
     b70:	99 8d       	ldd	r25, Y+25	; 0x19
     b72:	c8 16       	cp	r12, r24
     b74:	d9 06       	cpc	r13, r25
     b76:	f4 f1       	brlt	.+124    	; 0xbf4 <__EEPROM_REGION_LENGTH__+0x3f4>
     b78:	6d c0       	rjmp	.+218    	; 0xc54 <__EEPROM_REGION_LENGTH__+0x454>
     b7a:	aa 8d       	ldd	r26, Y+26	; 0x1a
     b7c:	bb 8d       	ldd	r27, Y+27	; 0x1b
     b7e:	ca 16       	cp	r12, r26
     b80:	db 06       	cpc	r13, r27
     b82:	0c f4       	brge	.+2      	; 0xb86 <__EEPROM_REGION_LENGTH__+0x386>
     b84:	43 c0       	rjmp	.+134    	; 0xc0c <__EEPROM_REGION_LENGTH__+0x40c>
     b86:	66 c0       	rjmp	.+204    	; 0xc54 <__EEPROM_REGION_LENGTH__+0x454>
     b88:	ec 8d       	ldd	r30, Y+28	; 0x1c
     b8a:	fd 8d       	ldd	r31, Y+29	; 0x1d
     b8c:	ce 16       	cp	r12, r30
     b8e:	df 06       	cpc	r13, r31
     b90:	0c f4       	brge	.+2      	; 0xb94 <__EEPROM_REGION_LENGTH__+0x394>
     b92:	48 c0       	rjmp	.+144    	; 0xc24 <__EEPROM_REGION_LENGTH__+0x424>
     b94:	5f c0       	rjmp	.+190    	; 0xc54 <__EEPROM_REGION_LENGTH__+0x454>
     b96:	6e 8d       	ldd	r22, Y+30	; 0x1e
     b98:	7f 8d       	ldd	r23, Y+31	; 0x1f
     b9a:	c6 16       	cp	r12, r22
     b9c:	d7 06       	cpc	r13, r23
     b9e:	0c f4       	brge	.+2      	; 0xba2 <__EEPROM_REGION_LENGTH__+0x3a2>
     ba0:	4d c0       	rjmp	.+154    	; 0xc3c <__EEPROM_REGION_LENGTH__+0x43c>
     ba2:	58 c0       	rjmp	.+176    	; 0xc54 <__EEPROM_REGION_LENGTH__+0x454>
     ba4:	88 a1       	ldd	r24, Y+32	; 0x20
     ba6:	99 a1       	ldd	r25, Y+33	; 0x21
     ba8:	c8 16       	cp	r12, r24
     baa:	d9 06       	cpc	r13, r25
     bac:	5c f0       	brlt	.+22     	; 0xbc4 <__EEPROM_REGION_LENGTH__+0x3c4>
     bae:	52 c0       	rjmp	.+164    	; 0xc54 <__EEPROM_REGION_LENGTH__+0x454>
     bb0:	aa a1       	ldd	r26, Y+34	; 0x22
     bb2:	bb a1       	ldd	r27, Y+35	; 0x23
     bb4:	ca 16       	cp	r12, r26
     bb6:	db 06       	cpc	r13, r27
     bb8:	8c f0       	brlt	.+34     	; 0xbdc <__EEPROM_REGION_LENGTH__+0x3dc>
     bba:	4c c0       	rjmp	.+152    	; 0xc54 <__EEPROM_REGION_LENGTH__+0x454>
     bbc:	dd 20       	and	r13, r13
     bbe:	0c f4       	brge	.+2      	; 0xbc2 <__EEPROM_REGION_LENGTH__+0x3c2>
     bc0:	c3 ce       	rjmp	.-634    	; 0x948 <__EEPROM_REGION_LENGTH__+0x148>
     bc2:	48 c0       	rjmp	.+144    	; 0xc54 <__EEPROM_REGION_LENGTH__+0x454>
			
		// TODO: Remove float
		float indexPixelComplete = ((float)i * ((9.0f/getNbPixels((triggerIndex)))));
     bc4:	b6 01       	movw	r22, r12
     bc6:	0d 2c       	mov	r0, r13
     bc8:	00 0c       	add	r0, r0
     bca:	88 0b       	sbc	r24, r24
     bcc:	99 0b       	sbc	r25, r25
     bce:	0e 94 d2 1c 	call	0x39a4	; 0x39a4 <__floatsisf>
     bd2:	6b 8b       	std	Y+19, r22	; 0x13
     bd4:	7c 8b       	std	Y+20, r23	; 0x14
     bd6:	8d 8b       	std	Y+21, r24	; 0x15
     bd8:	9e 8b       	std	Y+22, r25	; 0x16
     bda:	e4 ce       	rjmp	.-568    	; 0x9a4 <__EEPROM_REGION_LENGTH__+0x1a4>
     bdc:	b6 01       	movw	r22, r12
     bde:	0d 2c       	mov	r0, r13
     be0:	00 0c       	add	r0, r0
     be2:	88 0b       	sbc	r24, r24
     be4:	99 0b       	sbc	r25, r25
     be6:	0e 94 d2 1c 	call	0x39a4	; 0x39a4 <__floatsisf>
     bea:	6b 8b       	std	Y+19, r22	; 0x13
     bec:	7c 8b       	std	Y+20, r23	; 0x14
     bee:	8d 8b       	std	Y+21, r24	; 0x15
     bf0:	9e 8b       	std	Y+22, r25	; 0x16
     bf2:	db ce       	rjmp	.-586    	; 0x9aa <__EEPROM_REGION_LENGTH__+0x1aa>
     bf4:	b6 01       	movw	r22, r12
     bf6:	0d 2c       	mov	r0, r13
     bf8:	00 0c       	add	r0, r0
     bfa:	88 0b       	sbc	r24, r24
     bfc:	99 0b       	sbc	r25, r25
     bfe:	0e 94 d2 1c 	call	0x39a4	; 0x39a4 <__floatsisf>
     c02:	6b 8b       	std	Y+19, r22	; 0x13
     c04:	7c 8b       	std	Y+20, r23	; 0x14
     c06:	8d 8b       	std	Y+21, r24	; 0x15
     c08:	9e 8b       	std	Y+22, r25	; 0x16
     c0a:	c0 ce       	rjmp	.-640    	; 0x98c <__EEPROM_REGION_LENGTH__+0x18c>
     c0c:	b6 01       	movw	r22, r12
     c0e:	0d 2c       	mov	r0, r13
     c10:	00 0c       	add	r0, r0
     c12:	88 0b       	sbc	r24, r24
     c14:	99 0b       	sbc	r25, r25
     c16:	0e 94 d2 1c 	call	0x39a4	; 0x39a4 <__floatsisf>
     c1a:	6b 8b       	std	Y+19, r22	; 0x13
     c1c:	7c 8b       	std	Y+20, r23	; 0x14
     c1e:	8d 8b       	std	Y+21, r24	; 0x15
     c20:	9e 8b       	std	Y+22, r25	; 0x16
     c22:	b7 ce       	rjmp	.-658    	; 0x992 <__EEPROM_REGION_LENGTH__+0x192>
     c24:	b6 01       	movw	r22, r12
     c26:	0d 2c       	mov	r0, r13
     c28:	00 0c       	add	r0, r0
     c2a:	88 0b       	sbc	r24, r24
     c2c:	99 0b       	sbc	r25, r25
     c2e:	0e 94 d2 1c 	call	0x39a4	; 0x39a4 <__floatsisf>
     c32:	6b 8b       	std	Y+19, r22	; 0x13
     c34:	7c 8b       	std	Y+20, r23	; 0x14
     c36:	8d 8b       	std	Y+21, r24	; 0x15
     c38:	9e 8b       	std	Y+22, r25	; 0x16
     c3a:	ae ce       	rjmp	.-676    	; 0x998 <__EEPROM_REGION_LENGTH__+0x198>
     c3c:	b6 01       	movw	r22, r12
     c3e:	0d 2c       	mov	r0, r13
     c40:	00 0c       	add	r0, r0
     c42:	88 0b       	sbc	r24, r24
     c44:	99 0b       	sbc	r25, r25
     c46:	0e 94 d2 1c 	call	0x39a4	; 0x39a4 <__floatsisf>
     c4a:	6b 8b       	std	Y+19, r22	; 0x13
     c4c:	7c 8b       	std	Y+20, r23	; 0x14
     c4e:	8d 8b       	std	Y+21, r24	; 0x15
     c50:	9e 8b       	std	Y+22, r25	; 0x16
     c52:	a5 ce       	rjmp	.-694    	; 0x99e <__EEPROM_REGION_LENGTH__+0x19e>
			b = colorsB[color2];
		}
		
		updateSinglePixel(offset+i*3, (r * dimmer) >> SCALE_FACTOR_BITS, (g * dimmer) >> SCALE_FACTOR_BITS, (b * dimmer) >> SCALE_FACTOR_BITS);		
	}		
}
     c54:	af 96       	adiw	r28, 0x2f	; 47
     c56:	cd bf       	out	0x3d, r28	; 61
     c58:	de bf       	out	0x3e, r29	; 62
     c5a:	df 91       	pop	r29
     c5c:	cf 91       	pop	r28
     c5e:	1f 91       	pop	r17
     c60:	0f 91       	pop	r16
     c62:	ff 90       	pop	r15
     c64:	ef 90       	pop	r14
     c66:	df 90       	pop	r13
     c68:	cf 90       	pop	r12
     c6a:	bf 90       	pop	r11
     c6c:	af 90       	pop	r10
     c6e:	9f 90       	pop	r9
     c70:	8f 90       	pop	r8
     c72:	7f 90       	pop	r7
     c74:	6f 90       	pop	r6
     c76:	5f 90       	pop	r5
     c78:	4f 90       	pop	r4
     c7a:	3f 90       	pop	r3
     c7c:	2f 90       	pop	r2
     c7e:	08 95       	ret

00000c80 <__vector_20>:


int counterEdit = 0;

ISR(LED_REFRESH) {
     c80:	1f 92       	push	r1
     c82:	0f 92       	push	r0
     c84:	0f b6       	in	r0, 0x3f	; 63
     c86:	0f 92       	push	r0
     c88:	11 24       	eor	r1, r1
     c8a:	0b b6       	in	r0, 0x3b	; 59
     c8c:	0f 92       	push	r0
     c8e:	af 92       	push	r10
     c90:	bf 92       	push	r11
     c92:	cf 92       	push	r12
     c94:	ef 92       	push	r14
     c96:	ff 92       	push	r15
     c98:	1f 93       	push	r17
     c9a:	2f 93       	push	r18
     c9c:	3f 93       	push	r19
     c9e:	4f 93       	push	r20
     ca0:	5f 93       	push	r21
     ca2:	6f 93       	push	r22
     ca4:	7f 93       	push	r23
     ca6:	8f 93       	push	r24
     ca8:	9f 93       	push	r25
     caa:	af 93       	push	r26
     cac:	bf 93       	push	r27
     cae:	cf 93       	push	r28
     cb0:	df 93       	push	r29
     cb2:	ef 93       	push	r30
     cb4:	ff 93       	push	r31
     cb6:	a1 2c       	mov	r10, r1
     cb8:	b1 2c       	mov	r11, r1
	
	for (uint8_t strip=0; strip<NB_TRIGGERS; strip++){
		
		uint8_t stripPin = 1 << strip;
     cba:	ee 24       	eor	r14, r14
     cbc:	e3 94       	inc	r14
     cbe:	f1 2c       	mov	r15, r1
     cc0:	1a 2d       	mov	r17, r10
		//cli();
		for (uint8_t i=0; i<getNbPixels(strip); i++){
     cc2:	c1 2c       	mov	r12, r1
			int pos = getOffset(strip) * 3;
			
			sendPixel(
     cc4:	e7 01       	movw	r28, r14
     cc6:	0a 2c       	mov	r0, r10
     cc8:	02 c0       	rjmp	.+4      	; 0xcce <__vector_20+0x4e>
     cca:	cc 0f       	add	r28, r28
     ccc:	dd 1f       	adc	r29, r29
     cce:	0a 94       	dec	r0
     cd0:	e2 f7       	brpl	.-8      	; 0xcca <__vector_20+0x4a>
     cd2:	dd 27       	eor	r29, r29
	
	for (uint8_t strip=0; strip<NB_TRIGGERS; strip++){
		
		uint8_t stripPin = 1 << strip;
		//cli();
		for (uint8_t i=0; i<getNbPixels(strip); i++){
     cd4:	54 c0       	rjmp	.+168    	; 0xd7e <__vector_20+0xfe>
	switch (triggerIndex){

		case 0:
			return 0;
		case 1:
			return nbPixels1;
     cd6:	20 91 00 24 	lds	r18, 0x2400	; 0x802400 <nbPixels1>
     cda:	30 e0       	ldi	r19, 0x00	; 0
     cdc:	3a c0       	rjmp	.+116    	; 0xd52 <__vector_20+0xd2>
		case 2:
			return nbPixels1 + nbPixels2;
     cde:	80 91 00 24 	lds	r24, 0x2400	; 0x802400 <nbPixels1>
     ce2:	20 91 ff 23 	lds	r18, 0x23FF	; 0x8023ff <nbPixels2>
     ce6:	30 e0       	ldi	r19, 0x00	; 0
     ce8:	28 0f       	add	r18, r24
     cea:	31 1d       	adc	r19, r1
     cec:	32 c0       	rjmp	.+100    	; 0xd52 <__vector_20+0xd2>
		case 3:
			return nbPixels1 + nbPixels2 + nbPixels3;
     cee:	80 91 00 24 	lds	r24, 0x2400	; 0x802400 <nbPixels1>
     cf2:	20 91 ff 23 	lds	r18, 0x23FF	; 0x8023ff <nbPixels2>
     cf6:	30 e0       	ldi	r19, 0x00	; 0
     cf8:	28 0f       	add	r18, r24
     cfa:	31 1d       	adc	r19, r1
     cfc:	80 91 fe 23 	lds	r24, 0x23FE	; 0x8023fe <nbPixels3>
     d00:	28 0f       	add	r18, r24
     d02:	31 1d       	adc	r19, r1
     d04:	26 c0       	rjmp	.+76     	; 0xd52 <__vector_20+0xd2>
		case 4:
			return nbPixels1 + nbPixels2 + nbPixels3 + nbPixels4;
     d06:	80 91 00 24 	lds	r24, 0x2400	; 0x802400 <nbPixels1>
     d0a:	20 91 ff 23 	lds	r18, 0x23FF	; 0x8023ff <nbPixels2>
     d0e:	30 e0       	ldi	r19, 0x00	; 0
     d10:	28 0f       	add	r18, r24
     d12:	31 1d       	adc	r19, r1
     d14:	80 91 fe 23 	lds	r24, 0x23FE	; 0x8023fe <nbPixels3>
     d18:	28 0f       	add	r18, r24
     d1a:	31 1d       	adc	r19, r1
     d1c:	80 91 fd 23 	lds	r24, 0x23FD	; 0x8023fd <nbPixels4>
     d20:	28 0f       	add	r18, r24
     d22:	31 1d       	adc	r19, r1
     d24:	16 c0       	rjmp	.+44     	; 0xd52 <__vector_20+0xd2>
		case 5:
			return nbPixels1 + nbPixels2 + nbPixels3 + nbPixels4 + nbPixels5;
     d26:	80 91 00 24 	lds	r24, 0x2400	; 0x802400 <nbPixels1>
     d2a:	20 91 ff 23 	lds	r18, 0x23FF	; 0x8023ff <nbPixels2>
     d2e:	30 e0       	ldi	r19, 0x00	; 0
     d30:	28 0f       	add	r18, r24
     d32:	31 1d       	adc	r19, r1
     d34:	80 91 fe 23 	lds	r24, 0x23FE	; 0x8023fe <nbPixels3>
     d38:	28 0f       	add	r18, r24
     d3a:	31 1d       	adc	r19, r1
     d3c:	80 91 fd 23 	lds	r24, 0x23FD	; 0x8023fd <nbPixels4>
     d40:	28 0f       	add	r18, r24
     d42:	31 1d       	adc	r19, r1
     d44:	80 91 fc 23 	lds	r24, 0x23FC	; 0x8023fc <nbPixels5>
     d48:	28 0f       	add	r18, r24
     d4a:	31 1d       	adc	r19, r1
     d4c:	02 c0       	rjmp	.+4      	; 0xd52 <__vector_20+0xd2>
inline int getOffset(int triggerIndex){

	switch (triggerIndex){

		case 0:
			return 0;
     d4e:	20 e0       	ldi	r18, 0x00	; 0
     d50:	30 e0       	ldi	r19, 0x00	; 0
			int pos = getOffset(strip) * 3;
			
			sendPixel(
				DISPLAY_PIXELS[pos+(i*3)], 
				DISPLAY_PIXELS[pos+(i*3)+1], 
				DISPLAY_PIXELS[pos+(i*3)+2], 
     d52:	f9 01       	movw	r30, r18
     d54:	ee 0f       	add	r30, r30
     d56:	ff 1f       	adc	r31, r31
     d58:	2e 0f       	add	r18, r30
     d5a:	3f 1f       	adc	r19, r31
     d5c:	ca 01       	movw	r24, r20
     d5e:	88 0f       	add	r24, r24
     d60:	99 1f       	adc	r25, r25
     d62:	84 0f       	add	r24, r20
     d64:	95 1f       	adc	r25, r21
     d66:	f9 01       	movw	r30, r18
     d68:	e8 0f       	add	r30, r24
     d6a:	f9 1f       	adc	r31, r25
		uint8_t stripPin = 1 << strip;
		//cli();
		for (uint8_t i=0; i<getNbPixels(strip); i++){
			int pos = getOffset(strip) * 3;
			
			sendPixel(
     d6c:	ea 5f       	subi	r30, 0xFA	; 250
     d6e:	f1 4d       	sbci	r31, 0xD1	; 209
     d70:	9e 01       	movw	r18, r28
     d72:	42 81       	ldd	r20, Z+2	; 0x02
     d74:	61 81       	ldd	r22, Z+1	; 0x01
     d76:	80 81       	ld	r24, Z
     d78:	0e 94 5f 1b 	call	0x36be	; 0x36be <sendPixel>
	
	for (uint8_t strip=0; strip<NB_TRIGGERS; strip++){
		
		uint8_t stripPin = 1 << strip;
		//cli();
		for (uint8_t i=0; i<getNbPixels(strip); i++){
     d7c:	c3 94       	inc	r12
     d7e:	4c 2d       	mov	r20, r12
     d80:	50 e0       	ldi	r21, 0x00	; 0

}

inline int getNbPixels(int triggerIndex){

	switch (triggerIndex){
     d82:	12 30       	cpi	r17, 0x02	; 2
     d84:	d9 f0       	breq	.+54     	; 0xdbc <__vector_20+0x13c>
     d86:	28 f4       	brcc	.+10     	; 0xd92 <__vector_20+0x112>
     d88:	11 23       	and	r17, r17
     d8a:	49 f0       	breq	.+18     	; 0xd9e <__vector_20+0x11e>
     d8c:	11 30       	cpi	r17, 0x01	; 1
     d8e:	71 f0       	breq	.+28     	; 0xdac <__vector_20+0x12c>
     d90:	34 c0       	rjmp	.+104    	; 0xdfa <__vector_20+0x17a>
     d92:	14 30       	cpi	r17, 0x04	; 4
     d94:	19 f1       	breq	.+70     	; 0xddc <__vector_20+0x15c>
     d96:	d0 f0       	brcs	.+52     	; 0xdcc <__vector_20+0x14c>
     d98:	15 30       	cpi	r17, 0x05	; 5
     d9a:	41 f1       	breq	.+80     	; 0xdec <__vector_20+0x16c>
     d9c:	2e c0       	rjmp	.+92     	; 0xdfa <__vector_20+0x17a>
	
	for (uint8_t strip=0; strip<NB_TRIGGERS; strip++){
		
		uint8_t stripPin = 1 << strip;
		//cli();
		for (uint8_t i=0; i<getNbPixels(strip); i++){
     d9e:	80 91 00 24 	lds	r24, 0x2400	; 0x802400 <nbPixels1>
     da2:	90 e0       	ldi	r25, 0x00	; 0
     da4:	48 17       	cp	r20, r24
     da6:	59 07       	cpc	r21, r25
     da8:	94 f2       	brlt	.-92     	; 0xd4e <__vector_20+0xce>
     daa:	27 c0       	rjmp	.+78     	; 0xdfa <__vector_20+0x17a>
     dac:	80 91 ff 23 	lds	r24, 0x23FF	; 0x8023ff <nbPixels2>
     db0:	90 e0       	ldi	r25, 0x00	; 0
     db2:	48 17       	cp	r20, r24
     db4:	59 07       	cpc	r21, r25
     db6:	0c f4       	brge	.+2      	; 0xdba <__vector_20+0x13a>
     db8:	8e cf       	rjmp	.-228    	; 0xcd6 <__vector_20+0x56>
     dba:	1f c0       	rjmp	.+62     	; 0xdfa <__vector_20+0x17a>
     dbc:	80 91 fe 23 	lds	r24, 0x23FE	; 0x8023fe <nbPixels3>
     dc0:	90 e0       	ldi	r25, 0x00	; 0
     dc2:	48 17       	cp	r20, r24
     dc4:	59 07       	cpc	r21, r25
     dc6:	0c f4       	brge	.+2      	; 0xdca <__vector_20+0x14a>
     dc8:	8a cf       	rjmp	.-236    	; 0xcde <__vector_20+0x5e>
     dca:	17 c0       	rjmp	.+46     	; 0xdfa <__vector_20+0x17a>
     dcc:	80 91 fd 23 	lds	r24, 0x23FD	; 0x8023fd <nbPixels4>
     dd0:	90 e0       	ldi	r25, 0x00	; 0
     dd2:	48 17       	cp	r20, r24
     dd4:	59 07       	cpc	r21, r25
     dd6:	0c f4       	brge	.+2      	; 0xdda <__vector_20+0x15a>
     dd8:	8a cf       	rjmp	.-236    	; 0xcee <__vector_20+0x6e>
     dda:	0f c0       	rjmp	.+30     	; 0xdfa <__vector_20+0x17a>
     ddc:	80 91 fc 23 	lds	r24, 0x23FC	; 0x8023fc <nbPixels5>
     de0:	90 e0       	ldi	r25, 0x00	; 0
     de2:	48 17       	cp	r20, r24
     de4:	59 07       	cpc	r21, r25
     de6:	0c f4       	brge	.+2      	; 0xdea <__vector_20+0x16a>
     de8:	8e cf       	rjmp	.-228    	; 0xd06 <__vector_20+0x86>
     dea:	07 c0       	rjmp	.+14     	; 0xdfa <__vector_20+0x17a>
     dec:	80 91 fb 23 	lds	r24, 0x23FB	; 0x8023fb <nbPixels6>
     df0:	90 e0       	ldi	r25, 0x00	; 0
     df2:	48 17       	cp	r20, r24
     df4:	59 07       	cpc	r21, r25
     df6:	0c f4       	brge	.+2      	; 0xdfa <__vector_20+0x17a>
     df8:	96 cf       	rjmp	.-212    	; 0xd26 <__vector_20+0xa6>
     dfa:	8f ef       	ldi	r24, 0xFF	; 255
     dfc:	a8 1a       	sub	r10, r24
     dfe:	b8 0a       	sbc	r11, r24

int counterEdit = 0;

ISR(LED_REFRESH) {
	
	for (uint8_t strip=0; strip<NB_TRIGGERS; strip++){
     e00:	86 e0       	ldi	r24, 0x06	; 6
     e02:	a8 16       	cp	r10, r24
     e04:	b1 04       	cpc	r11, r1
     e06:	09 f0       	breq	.+2      	; 0xe0a <__vector_20+0x18a>
     e08:	5b cf       	rjmp	.-330    	; 0xcc0 <__vector_20+0x40>
				DISPLAY_PIXELS[pos+(i*3)+2], 
				stripPin);
		}
		//sei();
	}
}
     e0a:	ff 91       	pop	r31
     e0c:	ef 91       	pop	r30
     e0e:	df 91       	pop	r29
     e10:	cf 91       	pop	r28
     e12:	bf 91       	pop	r27
     e14:	af 91       	pop	r26
     e16:	9f 91       	pop	r25
     e18:	8f 91       	pop	r24
     e1a:	7f 91       	pop	r23
     e1c:	6f 91       	pop	r22
     e1e:	5f 91       	pop	r21
     e20:	4f 91       	pop	r20
     e22:	3f 91       	pop	r19
     e24:	2f 91       	pop	r18
     e26:	1f 91       	pop	r17
     e28:	ff 90       	pop	r15
     e2a:	ef 90       	pop	r14
     e2c:	cf 90       	pop	r12
     e2e:	bf 90       	pop	r11
     e30:	af 90       	pop	r10
     e32:	0f 90       	pop	r0
     e34:	0b be       	out	0x3b, r0	; 59
     e36:	0f 90       	pop	r0
     e38:	0f be       	out	0x3f, r0	; 63
     e3a:	0f 90       	pop	r0
     e3c:	1f 90       	pop	r1
     e3e:	18 95       	reti

00000e40 <__vector_77>:

short direction[6]  = {0, 0, 0, 0, 0, 0};

int speedCoeficient = (1 << 8);

ISR(ANIM_REFRESH) {
     e40:	1f 92       	push	r1
     e42:	0f 92       	push	r0
     e44:	0f b6       	in	r0, 0x3f	; 63
     e46:	0f 92       	push	r0
     e48:	11 24       	eor	r1, r1
     e4a:	0b b6       	in	r0, 0x3b	; 59
     e4c:	0f 92       	push	r0
     e4e:	2f 92       	push	r2
     e50:	3f 92       	push	r3
     e52:	4f 92       	push	r4
     e54:	5f 92       	push	r5
     e56:	6f 92       	push	r6
     e58:	7f 92       	push	r7
     e5a:	8f 92       	push	r8
     e5c:	9f 92       	push	r9
     e5e:	af 92       	push	r10
     e60:	bf 92       	push	r11
     e62:	cf 92       	push	r12
     e64:	df 92       	push	r13
     e66:	ef 92       	push	r14
     e68:	ff 92       	push	r15
     e6a:	0f 93       	push	r16
     e6c:	1f 93       	push	r17
     e6e:	2f 93       	push	r18
     e70:	3f 93       	push	r19
     e72:	4f 93       	push	r20
     e74:	5f 93       	push	r21
     e76:	6f 93       	push	r22
     e78:	7f 93       	push	r23
     e7a:	8f 93       	push	r24
     e7c:	9f 93       	push	r25
     e7e:	af 93       	push	r26
     e80:	bf 93       	push	r27
     e82:	cf 93       	push	r28
     e84:	df 93       	push	r29
     e86:	ef 93       	push	r30
     e88:	ff 93       	push	r31
	
	if (editingValue){
     e8a:	80 91 71 30 	lds	r24, 0x3071	; 0x803071 <editingValue>
     e8e:	81 11       	cpse	r24, r1
     e90:	da c0       	rjmp	.+436    	; 0x1046 <__vector_77+0x206>
     e92:	0e e2       	ldi	r16, 0x2E	; 46
     e94:	10 e3       	ldi	r17, 0x30	; 48
     e96:	0f 2e       	mov	r0, r31
     e98:	f4 e5       	ldi	r31, 0x54	; 84
     e9a:	cf 2e       	mov	r12, r31
     e9c:	f0 e3       	ldi	r31, 0x30	; 48
     e9e:	df 2e       	mov	r13, r31
     ea0:	f0 2d       	mov	r31, r0
     ea2:	0f 2e       	mov	r0, r31
     ea4:	f6 ed       	ldi	r31, 0xD6	; 214
     ea6:	ef 2e       	mov	r14, r31
     ea8:	fd e2       	ldi	r31, 0x2D	; 45
     eaa:	ff 2e       	mov	r15, r31
     eac:	f0 2d       	mov	r31, r0
     eae:	c0 e0       	ldi	r28, 0x00	; 0
     eb0:	d0 e0       	ldi	r29, 0x00	; 0
	return retValue;
}

inline unsigned int getAnimationValue(unsigned int trigValue, unsigned int currentAnimationValue, int i){
	
	unsigned int releaseValue = (101 - release) << 6;
     eb2:	0f 2e       	mov	r0, r31
     eb4:	f5 e6       	ldi	r31, 0x65	; 101
     eb6:	af 2e       	mov	r10, r31
     eb8:	b1 2c       	mov	r11, r1
     eba:	f0 2d       	mov	r31, r0
				
				if (direction[i] == 0){
					ANIMATION_VALUES[i] += (speedCoeficient * (101-release));

					if (ANIMATION_VALUES[i] >= 65535){
						direction[i] = 1;
     ebc:	88 24       	eor	r8, r8
     ebe:	83 94       	inc	r8
     ec0:	91 2c       	mov	r9, r1
						ANIMATION_VALUES[i] = 65535;
     ec2:	44 24       	eor	r4, r4
     ec4:	4a 94       	dec	r4
     ec6:	54 2c       	mov	r5, r4
     ec8:	61 2c       	mov	r6, r1
     eca:	71 2c       	mov	r7, r1
		return;
	}
	
	for (int i=0; i<NB_TRIGGERS;i++) {

		switch (animationTrigger) {
     ecc:	80 91 6d 30 	lds	r24, 0x306D	; 0x80306d <animationTrigger>
     ed0:	90 e0       	ldi	r25, 0x00	; 0
     ed2:	87 30       	cpi	r24, 0x07	; 7
     ed4:	91 05       	cpc	r25, r1
     ed6:	08 f0       	brcs	.+2      	; 0xeda <__vector_77+0x9a>
     ed8:	a3 c0       	rjmp	.+326    	; 0x1020 <__vector_77+0x1e0>
     eda:	fc 01       	movw	r30, r24
     edc:	88 27       	eor	r24, r24
     ede:	e9 5f       	subi	r30, 0xF9	; 249
     ee0:	fe 4f       	sbci	r31, 0xFE	; 254
     ee2:	8f 4f       	sbci	r24, 0xFF	; 255
     ee4:	0c 94 3b 1e 	jmp	0x3c76	; 0x3c76 <__tablejump2__>

			case ANIM_TRIG_ON:
				TRIGGER_STATES[i] = 65535;
     ee8:	d6 01       	movw	r26, r12
     eea:	4d 92       	st	X+, r4
     eec:	5d 92       	st	X+, r5
     eee:	6d 92       	st	X+, r6
     ef0:	7c 92       	st	X, r7
     ef2:	13 97       	sbiw	r26, 0x03	; 3
				break;
     ef4:	95 c0       	rjmp	.+298    	; 0x1020 <__vector_77+0x1e0>

			case ANIM_TRIG_OFF:
				TRIGGER_STATES[i] = 0;
     ef6:	f6 01       	movw	r30, r12
     ef8:	10 82       	st	Z, r1
     efa:	11 82       	std	Z+1, r1	; 0x01
     efc:	12 82       	std	Z+2, r1	; 0x02
     efe:	13 82       	std	Z+3, r1	; 0x03
				break;
     f00:	8f c0       	rjmp	.+286    	; 0x1020 <__vector_77+0x1e0>

			case ANIM_TRIG_AUTOALL:
			case ANIM_TRIG_AUTOSINGLE:
				
				if (direction[i] == 0){
     f02:	d7 01       	movw	r26, r14
     f04:	8d 91       	ld	r24, X+
     f06:	9c 91       	ld	r25, X
     f08:	89 2b       	or	r24, r25
     f0a:	81 f5       	brne	.+96     	; 0xf6c <__vector_77+0x12c>
					ANIMATION_VALUES[i] += (speedCoeficient * (101-release));
     f0c:	80 91 0e 24 	lds	r24, 0x240E	; 0x80240e <release>
     f10:	a5 01       	movw	r20, r10
     f12:	48 1b       	sub	r20, r24
     f14:	51 09       	sbc	r21, r1
     f16:	20 91 04 20 	lds	r18, 0x2004	; 0x802004 <speedCoeficient>
     f1a:	30 91 05 20 	lds	r19, 0x2005	; 0x802005 <speedCoeficient+0x1>
     f1e:	42 9f       	mul	r20, r18
     f20:	c0 01       	movw	r24, r0
     f22:	43 9f       	mul	r20, r19
     f24:	90 0d       	add	r25, r0
     f26:	52 9f       	mul	r21, r18
     f28:	90 0d       	add	r25, r0
     f2a:	11 24       	eor	r1, r1
     f2c:	ac 01       	movw	r20, r24
     f2e:	99 0f       	add	r25, r25
     f30:	66 0b       	sbc	r22, r22
     f32:	77 0b       	sbc	r23, r23
     f34:	f8 01       	movw	r30, r16
     f36:	80 81       	ld	r24, Z
     f38:	91 81       	ldd	r25, Z+1	; 0x01
     f3a:	a2 81       	ldd	r26, Z+2	; 0x02
     f3c:	b3 81       	ldd	r27, Z+3	; 0x03
     f3e:	84 0f       	add	r24, r20
     f40:	95 1f       	adc	r25, r21
     f42:	a6 1f       	adc	r26, r22
     f44:	b7 1f       	adc	r27, r23
     f46:	80 83       	st	Z, r24
     f48:	91 83       	std	Z+1, r25	; 0x01
     f4a:	a2 83       	std	Z+2, r26	; 0x02
     f4c:	b3 83       	std	Z+3, r27	; 0x03

					if (ANIMATION_VALUES[i] >= 65535){
     f4e:	8f 3f       	cpi	r24, 0xFF	; 255
     f50:	9f 4f       	sbci	r25, 0xFF	; 255
     f52:	a1 05       	cpc	r26, r1
     f54:	b1 05       	cpc	r27, r1
     f56:	0c f4       	brge	.+2      	; 0xf5a <__vector_77+0x11a>
     f58:	63 c0       	rjmp	.+198    	; 0x1020 <__vector_77+0x1e0>
						direction[i] = 1;
     f5a:	d7 01       	movw	r26, r14
     f5c:	8d 92       	st	X+, r8
     f5e:	9c 92       	st	X, r9
						ANIMATION_VALUES[i] = 65535;
     f60:	f8 01       	movw	r30, r16
     f62:	40 82       	st	Z, r4
     f64:	51 82       	std	Z+1, r5	; 0x01
     f66:	62 82       	std	Z+2, r6	; 0x02
     f68:	73 82       	std	Z+3, r7	; 0x03
     f6a:	5a c0       	rjmp	.+180    	; 0x1020 <__vector_77+0x1e0>
					}

					} else {
						
						ANIMATION_VALUES[i] -= (speedCoeficient * (101-release));
     f6c:	80 91 0e 24 	lds	r24, 0x240E	; 0x80240e <release>
     f70:	a5 01       	movw	r20, r10
     f72:	48 1b       	sub	r20, r24
     f74:	51 09       	sbc	r21, r1
     f76:	20 91 04 20 	lds	r18, 0x2004	; 0x802004 <speedCoeficient>
     f7a:	30 91 05 20 	lds	r19, 0x2005	; 0x802005 <speedCoeficient+0x1>
     f7e:	42 9f       	mul	r20, r18
     f80:	c0 01       	movw	r24, r0
     f82:	43 9f       	mul	r20, r19
     f84:	90 0d       	add	r25, r0
     f86:	52 9f       	mul	r21, r18
     f88:	90 0d       	add	r25, r0
     f8a:	11 24       	eor	r1, r1
     f8c:	ac 01       	movw	r20, r24
     f8e:	99 0f       	add	r25, r25
     f90:	66 0b       	sbc	r22, r22
     f92:	77 0b       	sbc	r23, r23
     f94:	f8 01       	movw	r30, r16
     f96:	80 81       	ld	r24, Z
     f98:	91 81       	ldd	r25, Z+1	; 0x01
     f9a:	a2 81       	ldd	r26, Z+2	; 0x02
     f9c:	b3 81       	ldd	r27, Z+3	; 0x03
     f9e:	84 1b       	sub	r24, r20
     fa0:	95 0b       	sbc	r25, r21
     fa2:	a6 0b       	sbc	r26, r22
     fa4:	b7 0b       	sbc	r27, r23
     fa6:	80 83       	st	Z, r24
     fa8:	91 83       	std	Z+1, r25	; 0x01
     faa:	a2 83       	std	Z+2, r26	; 0x02
     fac:	b3 83       	std	Z+3, r27	; 0x03

					if (ANIMATION_VALUES[i] <= 0){
     fae:	18 16       	cp	r1, r24
     fb0:	19 06       	cpc	r1, r25
     fb2:	1a 06       	cpc	r1, r26
     fb4:	1b 06       	cpc	r1, r27
     fb6:	a4 f1       	brlt	.+104    	; 0x1020 <__vector_77+0x1e0>
						direction[i] = 0;
     fb8:	d7 01       	movw	r26, r14
     fba:	1d 92       	st	X+, r1
     fbc:	1c 92       	st	X, r1
						ANIMATION_VALUES[i] = 0;
     fbe:	10 82       	st	Z, r1
     fc0:	11 82       	std	Z+1, r1	; 0x01
     fc2:	12 82       	std	Z+2, r1	; 0x02
     fc4:	13 82       	std	Z+3, r1	; 0x03
     fc6:	2c c0       	rjmp	.+88     	; 0x1020 <__vector_77+0x1e0>
			
				break;

			case ANIM_TRIG_RNDSINGLE:
			case ANIM_TRIG_RNDALL:
				ANIMATION_VALUES[i] = rand();
     fc8:	0e 94 8a 1e 	call	0x3d14	; 0x3d14 <rand>
     fcc:	09 2e       	mov	r0, r25
     fce:	00 0c       	add	r0, r0
     fd0:	aa 0b       	sbc	r26, r26
     fd2:	bb 0b       	sbc	r27, r27
     fd4:	f8 01       	movw	r30, r16
     fd6:	80 83       	st	Z, r24
     fd8:	91 83       	std	Z+1, r25	; 0x01
     fda:	a2 83       	std	Z+2, r26	; 0x02
     fdc:	b3 83       	std	Z+3, r27	; 0x03
				break;
     fde:	20 c0       	rjmp	.+64     	; 0x1020 <__vector_77+0x1e0>
     fe0:	f8 01       	movw	r30, r16

			case ANIM_TRIG_TRIGGER:
				ANIMATION_VALUES[i] = getAnimationValue(TRIGGER_STATES[i] , ANIMATION_VALUES[i], i); //Get the conversion result
     fe2:	80 81       	ld	r24, Z
     fe4:	91 81       	ldd	r25, Z+1	; 0x01
	return retValue;
}

inline unsigned int getAnimationValue(unsigned int trigValue, unsigned int currentAnimationValue, int i){
	
	unsigned int releaseValue = (101 - release) << 6;
     fe6:	20 91 0e 24 	lds	r18, 0x240E	; 0x80240e <release>
     fea:	a5 01       	movw	r20, r10
     fec:	42 1b       	sub	r20, r18
     fee:	51 09       	sbc	r21, r1
     ff0:	9a 01       	movw	r18, r20
     ff2:	00 24       	eor	r0, r0
     ff4:	36 95       	lsr	r19
     ff6:	27 95       	ror	r18
     ff8:	07 94       	ror	r0
     ffa:	36 95       	lsr	r19
     ffc:	27 95       	ror	r18
     ffe:	07 94       	ror	r0
    1000:	32 2f       	mov	r19, r18
    1002:	20 2d       	mov	r18, r0
		
	if (currentAnimationValue <= releaseValue){
    1004:	28 17       	cp	r18, r24
    1006:	39 07       	cpc	r19, r25
    1008:	18 f4       	brcc	.+6      	; 0x1010 <__vector_77+0x1d0>
		currentAnimationValue = 0;
	} else {
		currentAnimationValue -= releaseValue;
    100a:	82 1b       	sub	r24, r18
    100c:	93 0b       	sbc	r25, r19
    100e:	02 c0       	rjmp	.+4      	; 0x1014 <__vector_77+0x1d4>
inline unsigned int getAnimationValue(unsigned int trigValue, unsigned int currentAnimationValue, int i){
	
	unsigned int releaseValue = (101 - release) << 6;
		
	if (currentAnimationValue <= releaseValue){
		currentAnimationValue = 0;
    1010:	80 e0       	ldi	r24, 0x00	; 0
    1012:	90 e0       	ldi	r25, 0x00	; 0
			case ANIM_TRIG_RNDALL:
				ANIMATION_VALUES[i] = rand();
				break;

			case ANIM_TRIG_TRIGGER:
				ANIMATION_VALUES[i] = getAnimationValue(TRIGGER_STATES[i] , ANIMATION_VALUES[i], i); //Get the conversion result
    1014:	a0 e0       	ldi	r26, 0x00	; 0
    1016:	b0 e0       	ldi	r27, 0x00	; 0
    1018:	80 83       	st	Z, r24
    101a:	91 83       	std	Z+1, r25	; 0x01
    101c:	a2 83       	std	Z+2, r26	; 0x02
    101e:	b3 83       	std	Z+3, r27	; 0x03
				break;
		}

		
		updatePixels(ANIMATION_VALUES[i], i);
    1020:	f8 01       	movw	r30, r16
    1022:	81 91       	ld	r24, Z+
    1024:	91 91       	ld	r25, Z+
    1026:	a1 91       	ld	r26, Z+
    1028:	b1 91       	ld	r27, Z+
    102a:	8f 01       	movw	r16, r30
    102c:	be 01       	movw	r22, r28
    102e:	e3 da       	rcall	.-2618   	; 0x5f6 <updatePixels>
	
	if (editingValue){
		return;
	}
	
	for (int i=0; i<NB_TRIGGERS;i++) {
    1030:	21 96       	adiw	r28, 0x01	; 1
    1032:	f4 e0       	ldi	r31, 0x04	; 4
    1034:	cf 0e       	add	r12, r31
    1036:	d1 1c       	adc	r13, r1
    1038:	22 e0       	ldi	r18, 0x02	; 2
    103a:	e2 0e       	add	r14, r18
    103c:	f1 1c       	adc	r15, r1
    103e:	c6 30       	cpi	r28, 0x06	; 6
    1040:	d1 05       	cpc	r29, r1
    1042:	09 f0       	breq	.+2      	; 0x1046 <__vector_77+0x206>
    1044:	43 cf       	rjmp	.-378    	; 0xecc <__vector_77+0x8c>
		}

		
		updatePixels(ANIMATION_VALUES[i], i);
	}
}
    1046:	ff 91       	pop	r31
    1048:	ef 91       	pop	r30
    104a:	df 91       	pop	r29
    104c:	cf 91       	pop	r28
    104e:	bf 91       	pop	r27
    1050:	af 91       	pop	r26
    1052:	9f 91       	pop	r25
    1054:	8f 91       	pop	r24
    1056:	7f 91       	pop	r23
    1058:	6f 91       	pop	r22
    105a:	5f 91       	pop	r21
    105c:	4f 91       	pop	r20
    105e:	3f 91       	pop	r19
    1060:	2f 91       	pop	r18
    1062:	1f 91       	pop	r17
    1064:	0f 91       	pop	r16
    1066:	ff 90       	pop	r15
    1068:	ef 90       	pop	r14
    106a:	df 90       	pop	r13
    106c:	cf 90       	pop	r12
    106e:	bf 90       	pop	r11
    1070:	af 90       	pop	r10
    1072:	9f 90       	pop	r9
    1074:	8f 90       	pop	r8
    1076:	7f 90       	pop	r7
    1078:	6f 90       	pop	r6
    107a:	5f 90       	pop	r5
    107c:	4f 90       	pop	r4
    107e:	3f 90       	pop	r3
    1080:	2f 90       	pop	r2
    1082:	0f 90       	pop	r0
    1084:	0b be       	out	0x3b, r0	; 59
    1086:	0f 90       	pop	r0
    1088:	0f be       	out	0x3f, r0	; 63
    108a:	0f 90       	pop	r0
    108c:	1f 90       	pop	r1
    108e:	18 95       	reti

00001090 <i2c_init>:
    twi->MASTER.CTRLC = TWI_MASTER_CMD_STOP_gc;
    return I2C_STATUS_NO_ACK;
  }

  return I2C_STATUS_OK;
}
    1090:	fc 01       	movw	r30, r24
    1092:	65 83       	std	Z+5, r22	; 0x05
    1094:	13 82       	std	Z+3, r1	; 0x03
    1096:	88 e0       	ldi	r24, 0x08	; 8
    1098:	81 83       	std	Z+1, r24	; 0x01
    109a:	81 e0       	ldi	r24, 0x01	; 1
    109c:	84 83       	std	Z+4, r24	; 0x04
    109e:	08 95       	ret

000010a0 <i2c_start>:
    10a0:	fc 01       	movw	r30, r24
    10a2:	84 81       	ldd	r24, Z+4	; 0x04
    10a4:	83 70       	andi	r24, 0x03	; 3
    10a6:	81 30       	cpi	r24, 0x01	; 1
    10a8:	c9 f4       	brne	.+50     	; 0x10dc <i2c_start+0x3c>
    10aa:	66 0f       	add	r22, r22
    10ac:	64 2b       	or	r22, r20
    10ae:	66 83       	std	Z+6, r22	; 0x06
    10b0:	80 e4       	ldi	r24, 0x40	; 64
    10b2:	90 e0       	ldi	r25, 0x00	; 0
    10b4:	02 c0       	rjmp	.+4      	; 0x10ba <i2c_start+0x1a>
    10b6:	88 0f       	add	r24, r24
    10b8:	99 1f       	adc	r25, r25
    10ba:	4a 95       	dec	r20
    10bc:	e2 f7       	brpl	.-8      	; 0x10b6 <i2c_start+0x16>
    10be:	24 81       	ldd	r18, Z+4	; 0x04
    10c0:	30 e0       	ldi	r19, 0x00	; 0
    10c2:	28 23       	and	r18, r24
    10c4:	39 23       	and	r19, r25
    10c6:	23 2b       	or	r18, r19
    10c8:	d1 f3       	breq	.-12     	; 0x10be <i2c_start+0x1e>
    10ca:	94 81       	ldd	r25, Z+4	; 0x04
    10cc:	89 2f       	mov	r24, r25
    10ce:	80 71       	andi	r24, 0x10	; 16
    10d0:	94 ff       	sbrs	r25, 4
    10d2:	05 c0       	rjmp	.+10     	; 0x10de <i2c_start+0x3e>
    10d4:	83 e0       	ldi	r24, 0x03	; 3
    10d6:	83 83       	std	Z+3, r24	; 0x03
    10d8:	82 e0       	ldi	r24, 0x02	; 2
    10da:	08 95       	ret
    10dc:	81 e0       	ldi	r24, 0x01	; 1
    10de:	08 95       	ret

000010e0 <i2c_stop>:

void i2c_stop(TWI_t *twi)
{
  twi->MASTER.CTRLC  = TWI_MASTER_CMD_STOP_gc;
    10e0:	23 e0       	ldi	r18, 0x03	; 3
    10e2:	fc 01       	movw	r30, r24
    10e4:	23 83       	std	Z+3, r18	; 0x03
  twi->MASTER.STATUS = TWI_MASTER_BUSSTATE_IDLE_gc;
    10e6:	21 e0       	ldi	r18, 0x01	; 1
    10e8:	24 83       	std	Z+4, r18	; 0x04
    10ea:	08 95       	ret

000010ec <i2c_write>:
}

uint8_t i2c_write(TWI_t *twi, uint8_t data)
{
    10ec:	fc 01       	movw	r30, r24
  twi->MASTER.DATA = data;                                                   // send data
    10ee:	67 83       	std	Z+7, r22	; 0x07
  while( ! (twi->MASTER.STATUS & TWI_MASTER_WIF_bm) );                       // wait until sent
    10f0:	94 81       	ldd	r25, Z+4	; 0x04
    10f2:	96 ff       	sbrs	r25, 6
    10f4:	fd cf       	rjmp	.-6      	; 0x10f0 <i2c_write+0x4>

  if ( twi->MASTER.STATUS & TWI_MASTER_RXACK_bm ) {                          // if no ack
    10f6:	94 81       	ldd	r25, Z+4	; 0x04
    10f8:	89 2f       	mov	r24, r25
    10fa:	80 71       	andi	r24, 0x10	; 16
    10fc:	94 ff       	sbrs	r25, 4
    10fe:	03 c0       	rjmp	.+6      	; 0x1106 <i2c_write+0x1a>
    twi->MASTER.CTRLC = TWI_MASTER_CMD_STOP_gc;
    1100:	83 e0       	ldi	r24, 0x03	; 3
    1102:	83 83       	std	Z+3, r24	; 0x03
    return I2C_STATUS_NO_ACK;
    1104:	82 e0       	ldi	r24, 0x02	; 2
  }

  return I2C_STATUS_OK;
}
    1106:	08 95       	ret

00001108 <i2c_lcd_write_status>:
}

void i2c_lcd_home(void)
{
	lcd_line = 0;
	i2c_lcd_set_cursor(0,0);
    1108:	40 e0       	ldi	r20, 0x00	; 0
    110a:	67 e2       	ldi	r22, 0x27	; 39
    110c:	80 ea       	ldi	r24, 0xA0	; 160
    110e:	94 e0       	ldi	r25, 0x04	; 4
    1110:	c7 df       	rcall	.-114    	; 0x10a0 <i2c_start>
    1112:	60 91 47 30 	lds	r22, 0x3047	; 0x803047 <i2c_lcd_status>
    1116:	80 ea       	ldi	r24, 0xA0	; 160
    1118:	94 e0       	ldi	r25, 0x04	; 4
    111a:	e8 df       	rcall	.-48     	; 0x10ec <i2c_write>
    111c:	80 ea       	ldi	r24, 0xA0	; 160
    111e:	94 e0       	ldi	r25, 0x04	; 4
    1120:	df cf       	rjmp	.-66     	; 0x10e0 <i2c_stop>
    1122:	08 95       	ret

00001124 <i2c_lcd_data_part>:
    1124:	90 91 47 30 	lds	r25, 0x3047	; 0x803047 <i2c_lcd_status>
    1128:	9f 70       	andi	r25, 0x0F	; 15
    112a:	80 fd       	sbrc	r24, 0
    112c:	03 c0       	rjmp	.+6      	; 0x1134 <i2c_lcd_data_part+0x10>
    112e:	90 93 47 30 	sts	0x3047, r25	; 0x803047 <i2c_lcd_status>
    1132:	03 c0       	rjmp	.+6      	; 0x113a <i2c_lcd_data_part+0x16>
    1134:	90 61       	ori	r25, 0x10	; 16
    1136:	90 93 47 30 	sts	0x3047, r25	; 0x803047 <i2c_lcd_status>
    113a:	81 ff       	sbrs	r24, 1
    113c:	05 c0       	rjmp	.+10     	; 0x1148 <i2c_lcd_data_part+0x24>
    113e:	90 91 47 30 	lds	r25, 0x3047	; 0x803047 <i2c_lcd_status>
    1142:	90 62       	ori	r25, 0x20	; 32
    1144:	90 93 47 30 	sts	0x3047, r25	; 0x803047 <i2c_lcd_status>
    1148:	82 ff       	sbrs	r24, 2
    114a:	05 c0       	rjmp	.+10     	; 0x1156 <i2c_lcd_data_part+0x32>
    114c:	90 91 47 30 	lds	r25, 0x3047	; 0x803047 <i2c_lcd_status>
    1150:	90 64       	ori	r25, 0x40	; 64
    1152:	90 93 47 30 	sts	0x3047, r25	; 0x803047 <i2c_lcd_status>
    1156:	83 ff       	sbrs	r24, 3
    1158:	05 c0       	rjmp	.+10     	; 0x1164 <i2c_lcd_data_part+0x40>
    115a:	80 91 47 30 	lds	r24, 0x3047	; 0x803047 <i2c_lcd_status>
    115e:	80 68       	ori	r24, 0x80	; 128
    1160:	80 93 47 30 	sts	0x3047, r24	; 0x803047 <i2c_lcd_status>
    1164:	08 95       	ret

00001166 <i2c_lcd_write>:
    1166:	cf 93       	push	r28
    1168:	c8 2f       	mov	r28, r24
    116a:	80 91 47 30 	lds	r24, 0x3047	; 0x803047 <i2c_lcd_status>
    116e:	84 60       	ori	r24, 0x04	; 4
    1170:	80 93 47 30 	sts	0x3047, r24	; 0x803047 <i2c_lcd_status>
    1174:	8c 2f       	mov	r24, r28
    1176:	85 95       	asr	r24
    1178:	85 95       	asr	r24
    117a:	85 95       	asr	r24
    117c:	85 95       	asr	r24
    117e:	d2 df       	rcall	.-92     	; 0x1124 <i2c_lcd_data_part>
    1180:	c3 df       	rcall	.-122    	; 0x1108 <i2c_lcd_write_status>
    1182:	80 91 47 30 	lds	r24, 0x3047	; 0x803047 <i2c_lcd_status>
    1186:	8b 7f       	andi	r24, 0xFB	; 251
    1188:	80 93 47 30 	sts	0x3047, r24	; 0x803047 <i2c_lcd_status>
    118c:	bd df       	rcall	.-134    	; 0x1108 <i2c_lcd_write_status>
    118e:	80 91 47 30 	lds	r24, 0x3047	; 0x803047 <i2c_lcd_status>
    1192:	84 60       	ori	r24, 0x04	; 4
    1194:	80 93 47 30 	sts	0x3047, r24	; 0x803047 <i2c_lcd_status>
    1198:	8c 2f       	mov	r24, r28
    119a:	c4 df       	rcall	.-120    	; 0x1124 <i2c_lcd_data_part>
    119c:	b5 df       	rcall	.-150    	; 0x1108 <i2c_lcd_write_status>
    119e:	80 91 47 30 	lds	r24, 0x3047	; 0x803047 <i2c_lcd_status>
    11a2:	8b 7f       	andi	r24, 0xFB	; 251
    11a4:	80 93 47 30 	sts	0x3047, r24	; 0x803047 <i2c_lcd_status>
    11a8:	af df       	rcall	.-162    	; 0x1108 <i2c_lcd_write_status>
    11aa:	83 ef       	ldi	r24, 0xF3	; 243
    11ac:	91 e0       	ldi	r25, 0x01	; 1
    11ae:	01 97       	sbiw	r24, 0x01	; 1
    11b0:	f1 f7       	brne	.-4      	; 0x11ae <i2c_lcd_write+0x48>
    11b2:	00 c0       	rjmp	.+0      	; 0x11b4 <i2c_lcd_write+0x4e>
    11b4:	00 00       	nop
    11b6:	cf 91       	pop	r28
    11b8:	08 95       	ret

000011ba <i2c_lcd_write_instruction>:
    11ba:	90 91 47 30 	lds	r25, 0x3047	; 0x803047 <i2c_lcd_status>
    11be:	9c 7f       	andi	r25, 0xFC	; 252
    11c0:	90 93 47 30 	sts	0x3047, r25	; 0x803047 <i2c_lcd_status>
    11c4:	d0 cf       	rjmp	.-96     	; 0x1166 <i2c_lcd_write>
    11c6:	08 95       	ret

000011c8 <i2c_lcd_clear>:
    11c8:	10 92 46 30 	sts	0x3046, r1	; 0x803046 <lcd_line>
    11cc:	81 e0       	ldi	r24, 0x01	; 1
    11ce:	f5 cf       	rjmp	.-22     	; 0x11ba <i2c_lcd_write_instruction>
    11d0:	08 95       	ret

000011d2 <i2c_lcd_set_cursor>:
    11d2:	66 23       	and	r22, r22
    11d4:	11 f0       	breq	.+4      	; 0x11da <i2c_lcd_set_cursor+0x8>
    11d6:	90 e4       	ldi	r25, 0x40	; 64
    11d8:	01 c0       	rjmp	.+2      	; 0x11dc <i2c_lcd_set_cursor+0xa>
    11da:	90 e0       	ldi	r25, 0x00	; 0
    11dc:	69 9f       	mul	r22, r25
    11de:	80 0d       	add	r24, r0
    11e0:	11 24       	eor	r1, r1
    11e2:	80 68       	ori	r24, 0x80	; 128
    11e4:	ea cf       	rjmp	.-44     	; 0x11ba <i2c_lcd_write_instruction>
    11e6:	08 95       	ret

000011e8 <i2c_lcd_write_data>:
    11e8:	90 91 47 30 	lds	r25, 0x3047	; 0x803047 <i2c_lcd_status>
    11ec:	91 60       	ori	r25, 0x01	; 1
    11ee:	90 93 47 30 	sts	0x3047, r25	; 0x803047 <i2c_lcd_status>
    11f2:	8a 30       	cpi	r24, 0x0A	; 10
    11f4:	31 f0       	breq	.+12     	; 0x1202 <i2c_lcd_write_data+0x1a>
    11f6:	8c 30       	cpi	r24, 0x0C	; 12
    11f8:	91 f4       	brne	.+36     	; 0x121e <i2c_lcd_write_data+0x36>
    11fa:	e6 df       	rcall	.-52     	; 0x11c8 <i2c_lcd_clear>
    11fc:	10 92 46 30 	sts	0x3046, r1	; 0x803046 <lcd_line>
    1200:	08 95       	ret
    1202:	80 91 46 30 	lds	r24, 0x3046	; 0x803046 <lcd_line>
    1206:	8f 5f       	subi	r24, 0xFF	; 255
    1208:	80 93 46 30 	sts	0x3046, r24	; 0x803046 <lcd_line>
    120c:	82 30       	cpi	r24, 0x02	; 2
    120e:	11 f4       	brne	.+4      	; 0x1214 <i2c_lcd_write_data+0x2c>
    1210:	10 92 46 30 	sts	0x3046, r1	; 0x803046 <lcd_line>
    1214:	60 91 46 30 	lds	r22, 0x3046	; 0x803046 <lcd_line>
    1218:	80 e0       	ldi	r24, 0x00	; 0
    121a:	db cf       	rjmp	.-74     	; 0x11d2 <i2c_lcd_set_cursor>
    121c:	08 95       	ret
    121e:	a3 cf       	rjmp	.-186    	; 0x1166 <i2c_lcd_write>
    1220:	08 95       	ret

00001222 <i2c_lcd_write_text>:
    1222:	cf 93       	push	r28
    1224:	df 93       	push	r29
    1226:	ec 01       	movw	r28, r24
    1228:	88 81       	ld	r24, Y
    122a:	88 23       	and	r24, r24
    122c:	29 f0       	breq	.+10     	; 0x1238 <i2c_lcd_write_text+0x16>
    122e:	21 96       	adiw	r28, 0x01	; 1
    1230:	db df       	rcall	.-74     	; 0x11e8 <i2c_lcd_write_data>
    1232:	89 91       	ld	r24, Y+
    1234:	81 11       	cpse	r24, r1
    1236:	fc cf       	rjmp	.-8      	; 0x1230 <i2c_lcd_write_text+0xe>
    1238:	df 91       	pop	r29
    123a:	cf 91       	pop	r28
    123c:	08 95       	ret

0000123e <i2c_lcd_led_on>:
    123e:	80 91 47 30 	lds	r24, 0x3047	; 0x803047 <i2c_lcd_status>
    1242:	88 60       	ori	r24, 0x08	; 8
    1244:	80 93 47 30 	sts	0x3047, r24	; 0x803047 <i2c_lcd_status>
    1248:	5f cf       	rjmp	.-322    	; 0x1108 <i2c_lcd_write_status>
    124a:	08 95       	ret

0000124c <i2c_lcd_led_off>:
    124c:	80 91 47 30 	lds	r24, 0x3047	; 0x803047 <i2c_lcd_status>
    1250:	87 7f       	andi	r24, 0xF7	; 247
    1252:	80 93 47 30 	sts	0x3047, r24	; 0x803047 <i2c_lcd_status>
    1256:	58 cf       	rjmp	.-336    	; 0x1108 <i2c_lcd_write_status>
    1258:	08 95       	ret

0000125a <i2c_lcd_init>:
}

void i2c_lcd_init(void)
{
    125a:	cf 93       	push	r28
	#else
		//round up by default
		__ticks_dc = (uint32_t)(ceil(fabs(__tmp)));
	#endif

	__builtin_avr_delay_cycles(__ticks_dc);
    125c:	85 ea       	ldi	r24, 0xA5	; 165
    125e:	9e e0       	ldi	r25, 0x0E	; 14
    1260:	01 97       	sbiw	r24, 0x01	; 1
    1262:	f1 f7       	brne	.-4      	; 0x1260 <i2c_lcd_init+0x6>
    1264:	00 c0       	rjmp	.+0      	; 0x1266 <i2c_lcd_init+0xc>
    1266:	00 00       	nop
    1268:	c3 e0       	ldi	r28, 0x03	; 3
	char i;
	_delay_ms(15);
	for(i = 0; i < 3; i++)
	{
		i2c_lcd_data_part(0x03);
    126a:	83 e0       	ldi	r24, 0x03	; 3
    126c:	5b df       	rcall	.-330    	; 0x1124 <i2c_lcd_data_part>
		i2c_lcd_e_hi();
    126e:	80 91 47 30 	lds	r24, 0x3047	; 0x803047 <i2c_lcd_status>
    1272:	84 60       	ori	r24, 0x04	; 4
    1274:	80 93 47 30 	sts	0x3047, r24	; 0x803047 <i2c_lcd_status>
		i2c_lcd_write_status();
    1278:	47 df       	rcall	.-370    	; 0x1108 <i2c_lcd_write_status>
		
		i2c_lcd_e_lo();
    127a:	80 91 47 30 	lds	r24, 0x3047	; 0x803047 <i2c_lcd_status>
    127e:	8b 7f       	andi	r24, 0xFB	; 251
    1280:	80 93 47 30 	sts	0x3047, r24	; 0x803047 <i2c_lcd_status>
		i2c_lcd_write_status();
    1284:	41 df       	rcall	.-382    	; 0x1108 <i2c_lcd_write_status>
    1286:	87 ee       	ldi	r24, 0xE7	; 231
    1288:	93 e0       	ldi	r25, 0x03	; 3
    128a:	01 97       	sbiw	r24, 0x01	; 1
    128c:	f1 f7       	brne	.-4      	; 0x128a <i2c_lcd_init+0x30>
    128e:	00 c0       	rjmp	.+0      	; 0x1290 <i2c_lcd_init+0x36>
    1290:	00 00       	nop

void i2c_lcd_init(void)
{
	char i;
	_delay_ms(15);
	for(i = 0; i < 3; i++)
    1292:	c1 50       	subi	r28, 0x01	; 1
		
		i2c_lcd_e_lo();
		i2c_lcd_write_status();
		_delay_ms(4);
	}
	i2c_lcd_data_part(0x02);
    1294:	51 f7       	brne	.-44     	; 0x126a <i2c_lcd_init+0x10>
    1296:	82 e0       	ldi	r24, 0x02	; 2
    1298:	45 df       	rcall	.-374    	; 0x1124 <i2c_lcd_data_part>
	i2c_lcd_e_hi();
    129a:	80 91 47 30 	lds	r24, 0x3047	; 0x803047 <i2c_lcd_status>
    129e:	84 60       	ori	r24, 0x04	; 4
    12a0:	80 93 47 30 	sts	0x3047, r24	; 0x803047 <i2c_lcd_status>
	i2c_lcd_write_status();
    12a4:	31 df       	rcall	.-414    	; 0x1108 <i2c_lcd_write_status>
	
	i2c_lcd_e_lo();
    12a6:	80 91 47 30 	lds	r24, 0x3047	; 0x803047 <i2c_lcd_status>
    12aa:	8b 7f       	andi	r24, 0xFB	; 251
    12ac:	80 93 47 30 	sts	0x3047, r24	; 0x803047 <i2c_lcd_status>
	i2c_lcd_write_status();
    12b0:	2b df       	rcall	.-426    	; 0x1108 <i2c_lcd_write_status>
    12b2:	89 ef       	ldi	r24, 0xF9	; 249
    12b4:	90 e0       	ldi	r25, 0x00	; 0
    12b6:	01 97       	sbiw	r24, 0x01	; 1
    12b8:	f1 f7       	brne	.-4      	; 0x12b6 <i2c_lcd_init+0x5c>
	_delay_ms(1);
	
	i2c_lcd_write_instruction(HD44780_FUNCTION_SET | HD44780_FONT5x10 | HD44780_TWO_LINE | HD44780_4_BIT); // interfejs 4-bity, 2-linie, znak 5x7
    12ba:	00 c0       	rjmp	.+0      	; 0x12bc <i2c_lcd_init+0x62>
    12bc:	00 00       	nop
    12be:	8c e2       	ldi	r24, 0x2C	; 44
	i2c_lcd_write_instruction(HD44780_DISPLAY_ONOFF | HD44780_DISPLAY_OFF); // wy³¹czenie wyswietlacza
    12c0:	7c df       	rcall	.-264    	; 0x11ba <i2c_lcd_write_instruction>
    12c2:	88 e0       	ldi	r24, 0x08	; 8
    12c4:	7a df       	rcall	.-268    	; 0x11ba <i2c_lcd_write_instruction>
	i2c_lcd_write_instruction(HD44780_CLEAR); // czyszczenie zawartosæi pamieci DDRAM
    12c6:	81 e0       	ldi	r24, 0x01	; 1
    12c8:	78 df       	rcall	.-272    	; 0x11ba <i2c_lcd_write_instruction>
    12ca:	83 ef       	ldi	r24, 0xF3	; 243
    12cc:	91 e0       	ldi	r25, 0x01	; 1
    12ce:	01 97       	sbiw	r24, 0x01	; 1
    12d0:	f1 f7       	brne	.-4      	; 0x12ce <i2c_lcd_init+0x74>
    12d2:	00 c0       	rjmp	.+0      	; 0x12d4 <i2c_lcd_init+0x7a>
	_delay_ms(2);
	i2c_lcd_write_instruction(HD44780_ENTRY_MODE | HD44780_EM_SHIFT_CURSOR | HD44780_EM_INCREMENT);// inkrementaja adresu i przesuwanie kursora
    12d4:	00 00       	nop
    12d6:	86 e0       	ldi	r24, 0x06	; 6
    12d8:	70 df       	rcall	.-288    	; 0x11ba <i2c_lcd_write_instruction>
	i2c_lcd_write_instruction(HD44780_DISPLAY_ONOFF | HD44780_DISPLAY_ON | HD44780_CURSOR_OFF | HD44780_CURSOR_NOBLINK); // w³¹cz LCD, bez kursora i mrugania
    12da:	8c e0       	ldi	r24, 0x0C	; 12
    12dc:	6e df       	rcall	.-292    	; 0x11ba <i2c_lcd_write_instruction>
    12de:	cf 91       	pop	r28
}
    12e0:	08 95       	ret

000012e2 <__vector_10>:
	RTC.INTCTRL = RTC_OVFINTLVL_MED_gc;								   // Enable overflow interrupt.
	RTC.CTRL = (RTC.CTRL & ~RTC_PRESCALER_gm) | RTC_PRESCALER_DIV1_gc; // (RTC.CTRL & ~RTC_PRESCALER_gm) | 0x07;	//Prescaler of 1024.
}

ISR(RTC_OVF_vect)
{
    12e2:	1f 92       	push	r1
    12e4:	0f 92       	push	r0
    12e6:	0f b6       	in	r0, 0x3f	; 63
    12e8:	0f 92       	push	r0
    12ea:	11 24       	eor	r1, r1
    12ec:	0b b6       	in	r0, 0x3b	; 59
    12ee:	0f 92       	push	r0
    12f0:	2f 92       	push	r2
    12f2:	3f 92       	push	r3
    12f4:	4f 92       	push	r4
    12f6:	5f 92       	push	r5
    12f8:	6f 92       	push	r6
    12fa:	7f 92       	push	r7
    12fc:	8f 92       	push	r8
    12fe:	9f 92       	push	r9
    1300:	af 92       	push	r10
    1302:	bf 92       	push	r11
    1304:	cf 92       	push	r12
    1306:	df 92       	push	r13
    1308:	ef 92       	push	r14
    130a:	ff 92       	push	r15
    130c:	0f 93       	push	r16
    130e:	1f 93       	push	r17
    1310:	2f 93       	push	r18
    1312:	3f 93       	push	r19
    1314:	4f 93       	push	r20
    1316:	5f 93       	push	r21
    1318:	6f 93       	push	r22
    131a:	7f 93       	push	r23
    131c:	8f 93       	push	r24
    131e:	9f 93       	push	r25
    1320:	af 93       	push	r26
    1322:	bf 93       	push	r27
    1324:	ef 93       	push	r30
    1326:	ff 93       	push	r31
    1328:	cf 93       	push	r28
    132a:	df 93       	push	r29
    132c:	cd b7       	in	r28, 0x3d	; 61
    132e:	de b7       	in	r29, 0x3e	; 62
    1330:	28 97       	sbiw	r28, 0x08	; 8
    1332:	cd bf       	out	0x3d, r28	; 61
    1334:	de bf       	out	0x3e, r29	; 62
    1336:	0f 2e       	mov	r0, r31
    1338:	f2 ee       	ldi	r31, 0xE2	; 226
    133a:	cf 2e       	mov	r12, r31
    133c:	fd e2       	ldi	r31, 0x2D	; 45
    133e:	df 2e       	mov	r13, r31
    1340:	f0 2d       	mov	r31, r0
    1342:	0f 2e       	mov	r0, r31
    1344:	fb ef       	ldi	r31, 0xFB	; 251
    1346:	2f 2e       	mov	r2, r31
    1348:	f2 e2       	ldi	r31, 0x22	; 34
    134a:	3f 2e       	mov	r3, r31
    134c:	f0 2d       	mov	r31, r0
    134e:	0f 2e       	mov	r0, r31
    1350:	fe e2       	ldi	r31, 0x2E	; 46
    1352:	ef 2e       	mov	r14, r31
    1354:	f0 e3       	ldi	r31, 0x30	; 48
    1356:	ff 2e       	mov	r15, r31
    1358:	f0 2d       	mov	r31, r0
    135a:	0f 2e       	mov	r0, r31
    135c:	f4 e5       	ldi	r31, 0x54	; 84
    135e:	af 2e       	mov	r10, r31
    1360:	f0 e3       	ldi	r31, 0x30	; 48
    1362:	bf 2e       	mov	r11, r31
    1364:	f0 2d       	mov	r31, r0
	for (int i = 0; i < 6; i++)
    1366:	00 e0       	ldi	r16, 0x00	; 0
    1368:	10 e0       	ldi	r17, 0x00	; 0
			ANIMATION_VALUES[i] = TRIGGER_STATES[i];
		}
		
		// Inside ANIM_REFRESH ISR
		if (prev_ANIMATION_VALUES[i] < ANIMATION_VALUES[i] && sendNoteOnFlag[i] == 0) {
			sendNoteOnFlag[i] = 1;
    136a:	af 82       	std	Y+7, r10	; 0x07
    136c:	b8 86       	std	Y+8, r11	; 0x08

ISR(RTC_OVF_vect)
{
	for (int i = 0; i < 6; i++)
	{
		ADCB.CH0.MUXCTRL = ((i) << 3); // Analog Input: ADC1 Pin (on PORTA.0)
    136e:	80 2f       	mov	r24, r16
    1370:	88 0f       	add	r24, r24
    1372:	88 0f       	add	r24, r24
    1374:	88 0f       	add	r24, r24
    1376:	80 93 61 02 	sts	0x0261, r24	; 0x800261 <__TEXT_REGION_LENGTH__+0x7ce261>
		ADCB.CH0.INTCTRL = 0;
    137a:	10 92 62 02 	sts	0x0262, r1	; 0x800262 <__TEXT_REGION_LENGTH__+0x7ce262>
		ADCB.CH0.CTRL |= ADC_CH_START_bm; // Start conversion on ADCB1 (bm = bitmask)
    137e:	80 91 60 02 	lds	r24, 0x0260	; 0x800260 <__TEXT_REGION_LENGTH__+0x7ce260>
    1382:	80 68       	ori	r24, 0x80	; 128
    1384:	80 93 60 02 	sts	0x0260, r24	; 0x800260 <__TEXT_REGION_LENGTH__+0x7ce260>
    1388:	af 80       	ldd	r10, Y+7	; 0x07
    138a:	b8 84       	ldd	r11, Y+8	; 0x08
		while (ADCB.CH0.INTFLAGS == 0)
    138c:	80 91 63 02 	lds	r24, 0x0263	; 0x800263 <__TEXT_REGION_LENGTH__+0x7ce263>
    1390:	88 23       	and	r24, r24
    1392:	e1 f3       	breq	.-8      	; 0x138c <__vector_10+0xaa>
			; // Wait for conversion to complete
		ADCB.CH0.INTFLAGS = ADCB.CH0.INTFLAGS;
    1394:	80 91 63 02 	lds	r24, 0x0263	; 0x800263 <__TEXT_REGION_LENGTH__+0x7ce263>
    1398:	80 93 63 02 	sts	0x0263, r24	; 0x800263 <__TEXT_REGION_LENGTH__+0x7ce263>
		TRIGGER_STATES[i] = clipValue(ADCB.CH0.RES, i); // Get the conversion result
    139c:	60 91 64 02 	lds	r22, 0x0264	; 0x800264 <__TEXT_REGION_LENGTH__+0x7ce264>
    13a0:	70 91 65 02 	lds	r23, 0x0265	; 0x800265 <__TEXT_REGION_LENGTH__+0x7ce265>
    13a4:	80 e0       	ldi	r24, 0x00	; 0
    13a6:	90 e0       	ldi	r25, 0x00	; 0
    13a8:	a8 01       	movw	r20, r16
    13aa:	d2 d8       	rcall	.-3676   	; 0x550 <clipValue>
    13ac:	a0 e0       	ldi	r26, 0x00	; 0
    13ae:	b0 e0       	ldi	r27, 0x00	; 0
    13b0:	f5 01       	movw	r30, r10
    13b2:	81 93       	st	Z+, r24
    13b4:	91 93       	st	Z+, r25
    13b6:	a1 93       	st	Z+, r26
    13b8:	b1 93       	st	Z+, r27
    13ba:	ef 83       	std	Y+7, r30	; 0x07
    13bc:	f8 87       	std	Y+8, r31	; 0x08
    13be:	97 01       	movw	r18, r14

		if (TRIGGER_STATES[i] > ANIMATION_VALUES[i])
    13c0:	f7 01       	movw	r30, r14
    13c2:	40 81       	ld	r20, Z
    13c4:	51 81       	ldd	r21, Z+1	; 0x01
    13c6:	62 81       	ldd	r22, Z+2	; 0x02
    13c8:	73 81       	ldd	r23, Z+3	; 0x03
    13ca:	48 17       	cp	r20, r24
    13cc:	59 07       	cpc	r21, r25
    13ce:	6a 07       	cpc	r22, r26
    13d0:	7b 07       	cpc	r23, r27
    13d2:	24 f4       	brge	.+8      	; 0x13dc <__vector_10+0xfa>
		{
			ANIMATION_VALUES[i] = TRIGGER_STATES[i];
    13d4:	80 83       	st	Z, r24
    13d6:	91 83       	std	Z+1, r25	; 0x01
    13d8:	a2 83       	std	Z+2, r26	; 0x02
    13da:	b3 83       	std	Z+3, r27	; 0x03
    13dc:	cd 82       	std	Y+5, r12	; 0x05
    13de:	de 82       	std	Y+6, r13	; 0x06
		}
		
		// Inside ANIM_REFRESH ISR
		if (prev_ANIMATION_VALUES[i] < ANIMATION_VALUES[i] && sendNoteOnFlag[i] == 0) {
    13e0:	f6 01       	movw	r30, r12
    13e2:	40 80       	ld	r4, Z
    13e4:	51 80       	ldd	r5, Z+1	; 0x01
    13e6:	62 80       	ldd	r6, Z+2	; 0x02
    13e8:	73 80       	ldd	r7, Z+3	; 0x03
    13ea:	f9 01       	movw	r30, r18
    13ec:	40 81       	ld	r20, Z
    13ee:	51 81       	ldd	r21, Z+1	; 0x01
    13f0:	62 81       	ldd	r22, Z+2	; 0x02
    13f2:	73 81       	ldd	r23, Z+3	; 0x03
    13f4:	f4 e0       	ldi	r31, 0x04	; 4
    13f6:	ef 0e       	add	r14, r31
    13f8:	f1 1c       	adc	r15, r1
    13fa:	44 16       	cp	r4, r20
    13fc:	55 06       	cpc	r5, r21
    13fe:	66 06       	cpc	r6, r22
    1400:	77 06       	cpc	r7, r23
    1402:	dc f4       	brge	.+54     	; 0x143a <__vector_10+0x158>
    1404:	98 01       	movw	r18, r16
    1406:	20 50       	subi	r18, 0x00	; 0
    1408:	32 4d       	sbci	r19, 0xD2	; 210
    140a:	f9 01       	movw	r30, r18
    140c:	20 81       	ld	r18, Z
    140e:	21 11       	cpse	r18, r1
    1410:	14 c0       	rjmp	.+40     	; 0x143a <__vector_10+0x158>
			sendNoteOnFlag[i] = 1;
    1412:	88 24       	eor	r8, r8
    1414:	83 94       	inc	r8
    1416:	80 82       	st	Z, r8
			velocity[i] = TRIGGER_STATES[i] / 512;
    1418:	4c 01       	movw	r8, r24
    141a:	5d 01       	movw	r10, r26
    141c:	07 2e       	mov	r0, r23
    141e:	79 e0       	ldi	r23, 0x09	; 9
    1420:	b5 94       	asr	r11
    1422:	a7 94       	ror	r10
    1424:	97 94       	ror	r9
    1426:	87 94       	ror	r8
    1428:	7a 95       	dec	r23
    142a:	d1 f7       	brne	.-12     	; 0x1420 <__vector_10+0x13e>
    142c:	70 2d       	mov	r23, r0
    142e:	89 82       	std	Y+1, r8	; 0x01
    1430:	9a 82       	std	Y+2, r9	; 0x02
    1432:	ab 82       	std	Y+3, r10	; 0x03
    1434:	bc 82       	std	Y+4, r11	; 0x04
    1436:	f1 01       	movw	r30, r2
    1438:	80 82       	st	Z, r8
		}

		if (prev_ANIMATION_VALUES[i] > 0 && TRIGGER_STATES[i] == 0 && sendNoteOffFlag[i] == 0 && sendNoteOnFlag[i] == 0) {
    143a:	14 14       	cp	r1, r4
    143c:	15 04       	cpc	r1, r5
    143e:	16 04       	cpc	r1, r6
    1440:	17 04       	cpc	r1, r7
    1442:	bc f4       	brge	.+46     	; 0x1472 <__vector_10+0x190>
    1444:	89 2b       	or	r24, r25
    1446:	8a 2b       	or	r24, r26
    1448:	8b 2b       	or	r24, r27
    144a:	99 f4       	brne	.+38     	; 0x1472 <__vector_10+0x190>
    144c:	d8 01       	movw	r26, r16
    144e:	a6 50       	subi	r26, 0x06	; 6
    1450:	b2 4d       	sbci	r27, 0xD2	; 210
    1452:	8c 91       	ld	r24, X
    1454:	81 11       	cpse	r24, r1
    1456:	0d c0       	rjmp	.+26     	; 0x1472 <__vector_10+0x190>
    1458:	d8 01       	movw	r26, r16
    145a:	a0 50       	subi	r26, 0x00	; 0
    145c:	b2 4d       	sbci	r27, 0xD2	; 210
    145e:	8c 91       	ld	r24, X
    1460:	81 11       	cpse	r24, r1
    1462:	07 c0       	rjmp	.+14     	; 0x1472 <__vector_10+0x190>
			sendNoteOffFlag[i] = 1;
    1464:	d8 01       	movw	r26, r16
    1466:	a6 50       	subi	r26, 0x06	; 6
    1468:	b2 4d       	sbci	r27, 0xD2	; 210
    146a:	f1 e0       	ldi	r31, 0x01	; 1
    146c:	fc 93       	st	X, r31
			velocity[i] = 0;
    146e:	f1 01       	movw	r30, r2
    1470:	10 82       	st	Z, r1
		}
		prev_ANIMATION_VALUES[i] = ANIMATION_VALUES[i];
    1472:	ed 81       	ldd	r30, Y+5	; 0x05
    1474:	fe 81       	ldd	r31, Y+6	; 0x06
    1476:	40 83       	st	Z, r20
    1478:	51 83       	std	Z+1, r21	; 0x01
    147a:	62 83       	std	Z+2, r22	; 0x02
    147c:	73 83       	std	Z+3, r23	; 0x03
    147e:	f4 e0       	ldi	r31, 0x04	; 4
    1480:	cf 0e       	add	r12, r31
    1482:	d1 1c       	adc	r13, r1
	RTC.CTRL = (RTC.CTRL & ~RTC_PRESCALER_gm) | RTC_PRESCALER_DIV1_gc; // (RTC.CTRL & ~RTC_PRESCALER_gm) | 0x07;	//Prescaler of 1024.
}

ISR(RTC_OVF_vect)
{
	for (int i = 0; i < 6; i++)
    1484:	0f 5f       	subi	r16, 0xFF	; 255
    1486:	1f 4f       	sbci	r17, 0xFF	; 255
    1488:	2f ef       	ldi	r18, 0xFF	; 255
    148a:	22 1a       	sub	r2, r18
    148c:	32 0a       	sbc	r3, r18
    148e:	06 30       	cpi	r16, 0x06	; 6
    1490:	11 05       	cpc	r17, r1
    1492:	09 f0       	breq	.+2      	; 0x1496 <__vector_10+0x1b4>
    1494:	6c cf       	rjmp	.-296    	; 0x136e <__vector_10+0x8c>
			sendNoteOffFlag[i] = 1;
			velocity[i] = 0;
		}
		prev_ANIMATION_VALUES[i] = ANIMATION_VALUES[i];
	}
}
    1496:	28 96       	adiw	r28, 0x08	; 8
    1498:	cd bf       	out	0x3d, r28	; 61
    149a:	de bf       	out	0x3e, r29	; 62
    149c:	df 91       	pop	r29
    149e:	cf 91       	pop	r28
    14a0:	ff 91       	pop	r31
    14a2:	ef 91       	pop	r30
    14a4:	bf 91       	pop	r27
    14a6:	af 91       	pop	r26
    14a8:	9f 91       	pop	r25
    14aa:	8f 91       	pop	r24
    14ac:	7f 91       	pop	r23
    14ae:	6f 91       	pop	r22
    14b0:	5f 91       	pop	r21
    14b2:	4f 91       	pop	r20
    14b4:	3f 91       	pop	r19
    14b6:	2f 91       	pop	r18
    14b8:	1f 91       	pop	r17
    14ba:	0f 91       	pop	r16
    14bc:	ff 90       	pop	r15
    14be:	ef 90       	pop	r14
    14c0:	df 90       	pop	r13
    14c2:	cf 90       	pop	r12
    14c4:	bf 90       	pop	r11
    14c6:	af 90       	pop	r10
    14c8:	9f 90       	pop	r9
    14ca:	8f 90       	pop	r8
    14cc:	7f 90       	pop	r7
    14ce:	6f 90       	pop	r6
    14d0:	5f 90       	pop	r5
    14d2:	4f 90       	pop	r4
    14d4:	3f 90       	pop	r3
    14d6:	2f 90       	pop	r2
    14d8:	0f 90       	pop	r0
    14da:	0b be       	out	0x3b, r0	; 59
    14dc:	0f 90       	pop	r0
    14de:	0f be       	out	0x3f, r0	; 63
    14e0:	0f 90       	pop	r0
    14e2:	1f 90       	pop	r1
    14e4:	18 95       	reti

000014e6 <__vector_53>:
	TCE1.CTRLA = TC_CLKSEL_DIV1024_gc;
	TCE1.INTFLAGS |= TC1_OVFIF_bm;
}

ISR(TCE1_OVF_vect)
{
    14e6:	1f 92       	push	r1
    14e8:	0f 92       	push	r0
    14ea:	0f b6       	in	r0, 0x3f	; 63
    14ec:	0f 92       	push	r0
    14ee:	11 24       	eor	r1, r1
    14f0:	8f 93       	push	r24
    14f2:	9f 93       	push	r25
    14f4:	af 93       	push	r26
    14f6:	bf 93       	push	r27
	countTCF0++;
    14f8:	80 91 7e 30 	lds	r24, 0x307E	; 0x80307e <countTCF0>
    14fc:	90 91 7f 30 	lds	r25, 0x307F	; 0x80307f <countTCF0+0x1>
    1500:	a0 91 80 30 	lds	r26, 0x3080	; 0x803080 <countTCF0+0x2>
    1504:	b0 91 81 30 	lds	r27, 0x3081	; 0x803081 <countTCF0+0x3>
    1508:	01 96       	adiw	r24, 0x01	; 1
    150a:	a1 1d       	adc	r26, r1
    150c:	b1 1d       	adc	r27, r1
    150e:	80 93 7e 30 	sts	0x307E, r24	; 0x80307e <countTCF0>
    1512:	90 93 7f 30 	sts	0x307F, r25	; 0x80307f <countTCF0+0x1>
    1516:	a0 93 80 30 	sts	0x3080, r26	; 0x803080 <countTCF0+0x2>
    151a:	b0 93 81 30 	sts	0x3081, r27	; 0x803081 <countTCF0+0x3>
}
    151e:	bf 91       	pop	r27
    1520:	af 91       	pop	r26
    1522:	9f 91       	pop	r25
    1524:	8f 91       	pop	r24
    1526:	0f 90       	pop	r0
    1528:	0f be       	out	0x3f, r0	; 63
    152a:	0f 90       	pop	r0
    152c:	1f 90       	pop	r1
    152e:	18 95       	reti

00001530 <MIDI_SendByte>:
	// Configure TX pin (PD3) as output
	DMX_PORT.DIRSET = DMX_USART_TX_PIN;
}

void MIDI_SendByte(uint8_t byte) {
	while (!(DMX_USART.STATUS & USART_DREIF_bm)); // Wait for data register to be empty
    1530:	e0 ea       	ldi	r30, 0xA0	; 160
    1532:	f9 e0       	ldi	r31, 0x09	; 9
    1534:	91 81       	ldd	r25, Z+1	; 0x01
    1536:	95 ff       	sbrs	r25, 5
    1538:	fd cf       	rjmp	.-6      	; 0x1534 <MIDI_SendByte+0x4>
	DMX_USART.DATA = byte;
    153a:	80 93 a0 09 	sts	0x09A0, r24	; 0x8009a0 <__TEXT_REGION_LENGTH__+0x7ce9a0>
    153e:	08 95       	ret

00001540 <MIDI_SendNoteOn>:
}

void MIDI_SendNoteOn(uint8_t channel, uint8_t note, uint8_t velocity) {
    1540:	cf 93       	push	r28
    1542:	df 93       	push	r29
    1544:	d6 2f       	mov	r29, r22
    1546:	c4 2f       	mov	r28, r20
	MIDI_SendByte(0x90 | (channel & 0x0F)); // Note On status byte
    1548:	8f 70       	andi	r24, 0x0F	; 15
    154a:	80 69       	ori	r24, 0x90	; 144
    154c:	f1 df       	rcall	.-30     	; 0x1530 <MIDI_SendByte>
	MIDI_SendByte(note & 0x7F);             // Note number
    154e:	8d 2f       	mov	r24, r29
    1550:	8f 77       	andi	r24, 0x7F	; 127
    1552:	ee df       	rcall	.-36     	; 0x1530 <MIDI_SendByte>
	MIDI_SendByte(velocity & 0x7F);         // Velocity
    1554:	8c 2f       	mov	r24, r28
    1556:	8f 77       	andi	r24, 0x7F	; 127
    1558:	eb df       	rcall	.-42     	; 0x1530 <MIDI_SendByte>
}
    155a:	df 91       	pop	r29
    155c:	cf 91       	pop	r28
    155e:	08 95       	ret

00001560 <MIDI_SendNoteOff>:

void MIDI_SendNoteOff(uint8_t channel, uint8_t note, uint8_t velocity) {
    1560:	cf 93       	push	r28
    1562:	c6 2f       	mov	r28, r22
	MIDI_SendByte(0x80 | (channel & 0x0F)); // Note Off status byteW
    1564:	8f 70       	andi	r24, 0x0F	; 15
    1566:	80 68       	ori	r24, 0x80	; 128
    1568:	e3 df       	rcall	.-58     	; 0x1530 <MIDI_SendByte>
	MIDI_SendByte(note & 0x7F);             // Note number
    156a:	8c 2f       	mov	r24, r28
    156c:	8f 77       	andi	r24, 0x7F	; 127
    156e:	e0 df       	rcall	.-64     	; 0x1530 <MIDI_SendByte>
	MIDI_SendByte(0 & 0x7F);         // Velocity
    1570:	80 e0       	ldi	r24, 0x00	; 0
    1572:	de df       	rcall	.-68     	; 0x1530 <MIDI_SendByte>
    1574:	cf 91       	pop	r28
}
    1576:	08 95       	ret

00001578 <__vector_88>:
    1578:	1f 92       	push	r1

ISR(USARTD0_RXC_vect)
{
    157a:	0f 92       	push	r0
    157c:	0f b6       	in	r0, 0x3f	; 63
    157e:	0f 92       	push	r0
    1580:	11 24       	eor	r1, r1
    1582:	0b b6       	in	r0, 0x3b	; 59
    1584:	0f 92       	push	r0
    1586:	2f 93       	push	r18
    1588:	3f 93       	push	r19
    158a:	4f 93       	push	r20
    158c:	5f 93       	push	r21
    158e:	6f 93       	push	r22
    1590:	7f 93       	push	r23
    1592:	8f 93       	push	r24
    1594:	9f 93       	push	r25
    1596:	af 93       	push	r26
    1598:	bf 93       	push	r27
    159a:	ef 93       	push	r30
    159c:	ff 93       	push	r31
	status = DMX_USART.STATUS;
    159e:	e0 ea       	ldi	r30, 0xA0	; 160
    15a0:	f9 e0       	ldi	r31, 0x09	; 9
    15a2:	21 81       	ldd	r18, Z+1	; 0x01
    15a4:	82 2f       	mov	r24, r18
    15a6:	90 e0       	ldi	r25, 0x00	; 0
    15a8:	80 93 4a 30 	sts	0x304A, r24	; 0x80304a <status>
    15ac:	90 93 4b 30 	sts	0x304B, r25	; 0x80304b <status+0x1>
	dmxData = DMX_USART.DATA;
    15b0:	80 81       	ld	r24, Z
    15b2:	90 e0       	ldi	r25, 0x00	; 0
    15b4:	80 93 4e 30 	sts	0x304E, r24	; 0x80304e <dmxData>
    15b8:	90 93 4f 30 	sts	0x304F, r25	; 0x80304f <dmxData+0x1>

	if (operationMode != MODE_DMX)
    15bc:	80 91 6e 30 	lds	r24, 0x306E	; 0x80306e <operationMode>
    15c0:	81 30       	cpi	r24, 0x01	; 1
    15c2:	09 f0       	breq	.+2      	; 0x15c6 <__vector_88+0x4e>
    15c4:	ae c0       	rjmp	.+348    	; 0x1722 <__vector_88+0x1aa>
	{
		return;
	}

	if (status & USART_FERR_bm)
    15c6:	24 ff       	sbrs	r18, 4
    15c8:	0e c0       	rjmp	.+28     	; 0x15e6 <__vector_88+0x6e>
	{
		ferrCount++;
    15ca:	80 91 48 30 	lds	r24, 0x3048	; 0x803048 <ferrCount>
    15ce:	90 91 49 30 	lds	r25, 0x3049	; 0x803049 <ferrCount+0x1>
    15d2:	01 96       	adiw	r24, 0x01	; 1
    15d4:	80 93 48 30 	sts	0x3048, r24	; 0x803048 <ferrCount>
    15d8:	90 93 49 30 	sts	0x3049, r25	; 0x803049 <ferrCount+0x1>
		dmxCount = 0;
    15dc:	10 92 4c 30 	sts	0x304C, r1	; 0x80304c <dmxCount>
    15e0:	10 92 4d 30 	sts	0x304D, r1	; 0x80304d <dmxCount+0x1>
    15e4:	0d c0       	rjmp	.+26     	; 0x1600 <__vector_88+0x88>
	}
	else
	{
		ferrCount = 0;
    15e6:	10 92 48 30 	sts	0x3048, r1	; 0x803048 <ferrCount>
    15ea:	10 92 49 30 	sts	0x3049, r1	; 0x803049 <ferrCount+0x1>
		dmxCount++;
    15ee:	80 91 4c 30 	lds	r24, 0x304C	; 0x80304c <dmxCount>
    15f2:	90 91 4d 30 	lds	r25, 0x304D	; 0x80304d <dmxCount+0x1>
    15f6:	01 96       	adiw	r24, 0x01	; 1
    15f8:	80 93 4c 30 	sts	0x304C, r24	; 0x80304c <dmxCount>
    15fc:	90 93 4d 30 	sts	0x304D, r25	; 0x80304d <dmxCount+0x1>
	}

	if (dmxCount == dmxAddress + 1)
    1600:	20 91 10 24 	lds	r18, 0x2410	; 0x802410 <dmxAddress>
    1604:	30 e0       	ldi	r19, 0x00	; 0
    1606:	e0 91 4c 30 	lds	r30, 0x304C	; 0x80304c <dmxCount>
    160a:	f0 91 4d 30 	lds	r31, 0x304D	; 0x80304d <dmxCount+0x1>
    160e:	c9 01       	movw	r24, r18
    1610:	01 96       	adiw	r24, 0x01	; 1
    1612:	8e 17       	cp	r24, r30
    1614:	9f 07       	cpc	r25, r31
    1616:	21 f4       	brne	.+8      	; 0x1620 <__vector_88+0xa8>
	{
		colorR1 = dmxData;
    1618:	80 91 4e 30 	lds	r24, 0x304E	; 0x80304e <dmxData>
    161c:	80 93 0d 24 	sts	0x240D, r24	; 0x80240d <colorR1>
	}
	if (dmxCount == dmxAddress + 2)
    1620:	c9 01       	movw	r24, r18
    1622:	02 96       	adiw	r24, 0x02	; 2
    1624:	e8 17       	cp	r30, r24
    1626:	f9 07       	cpc	r31, r25
    1628:	21 f4       	brne	.+8      	; 0x1632 <__vector_88+0xba>
	{
		colorG1 = dmxData;
    162a:	80 91 4e 30 	lds	r24, 0x304E	; 0x80304e <dmxData>
    162e:	80 93 0c 24 	sts	0x240C, r24	; 0x80240c <colorG1>
	}
	if (dmxCount == dmxAddress + 3)
    1632:	c9 01       	movw	r24, r18
    1634:	03 96       	adiw	r24, 0x03	; 3
    1636:	e8 17       	cp	r30, r24
    1638:	f9 07       	cpc	r31, r25
    163a:	21 f4       	brne	.+8      	; 0x1644 <__vector_88+0xcc>
	{
		colorB1 = dmxData;
    163c:	80 91 4e 30 	lds	r24, 0x304E	; 0x80304e <dmxData>
    1640:	80 93 0b 24 	sts	0x240B, r24	; 0x80240b <colorB1>
	}
	if (dmxCount == dmxAddress + 4)
    1644:	c9 01       	movw	r24, r18
    1646:	04 96       	adiw	r24, 0x04	; 4
    1648:	e8 17       	cp	r30, r24
    164a:	f9 07       	cpc	r31, r25
    164c:	21 f4       	brne	.+8      	; 0x1656 <__vector_88+0xde>
	{
		colorR2 = dmxData;
    164e:	80 91 4e 30 	lds	r24, 0x304E	; 0x80304e <dmxData>
    1652:	80 93 0a 24 	sts	0x240A, r24	; 0x80240a <colorR2>
	}
	if (dmxCount == dmxAddress + 5)
    1656:	c9 01       	movw	r24, r18
    1658:	05 96       	adiw	r24, 0x05	; 5
    165a:	e8 17       	cp	r30, r24
    165c:	f9 07       	cpc	r31, r25
    165e:	21 f4       	brne	.+8      	; 0x1668 <__vector_88+0xf0>
	{
		colorG2 = dmxData;
    1660:	80 91 4e 30 	lds	r24, 0x304E	; 0x80304e <dmxData>
    1664:	80 93 09 24 	sts	0x2409, r24	; 0x802409 <colorG2>
	}
	if (dmxCount == dmxAddress + 6)
    1668:	c9 01       	movw	r24, r18
    166a:	06 96       	adiw	r24, 0x06	; 6
    166c:	e8 17       	cp	r30, r24
    166e:	f9 07       	cpc	r31, r25
    1670:	21 f4       	brne	.+8      	; 0x167a <__vector_88+0x102>
	{
		colorB2 = dmxData;
    1672:	80 91 4e 30 	lds	r24, 0x304E	; 0x80304e <dmxData>
    1676:	80 93 08 24 	sts	0x2408, r24	; 0x802408 <colorB2>
	}
	if (dmxCount == dmxAddress + 7)
    167a:	c9 01       	movw	r24, r18
    167c:	07 96       	adiw	r24, 0x07	; 7
    167e:	e8 17       	cp	r30, r24
    1680:	f9 07       	cpc	r31, r25
    1682:	81 f4       	brne	.+32     	; 0x16a4 <__vector_88+0x12c>
	{
		release = dmxData * 100 / 255;
    1684:	40 91 4e 30 	lds	r20, 0x304E	; 0x80304e <dmxData>
    1688:	50 91 4f 30 	lds	r21, 0x304F	; 0x80304f <dmxData+0x1>
    168c:	64 e6       	ldi	r22, 0x64	; 100
    168e:	64 9f       	mul	r22, r20
    1690:	c0 01       	movw	r24, r0
    1692:	65 9f       	mul	r22, r21
    1694:	90 0d       	add	r25, r0
    1696:	11 24       	eor	r1, r1
    1698:	6f ef       	ldi	r22, 0xFF	; 255
    169a:	70 e0       	ldi	r23, 0x00	; 0
    169c:	0e 94 28 1e 	call	0x3c50	; 0x3c50 <__divmodhi4>
    16a0:	60 93 0e 24 	sts	0x240E, r22	; 0x80240e <release>
	}
	if (dmxCount == dmxAddress + 8)
    16a4:	c9 01       	movw	r24, r18
    16a6:	08 96       	adiw	r24, 0x08	; 8
    16a8:	e8 17       	cp	r30, r24
    16aa:	f9 07       	cpc	r31, r25
    16ac:	81 f4       	brne	.+32     	; 0x16ce <__vector_88+0x156>
	{
		animation = dmxData * 8 / 255;
    16ae:	80 91 4e 30 	lds	r24, 0x304E	; 0x80304e <dmxData>
    16b2:	90 91 4f 30 	lds	r25, 0x304F	; 0x80304f <dmxData+0x1>
    16b6:	88 0f       	add	r24, r24
    16b8:	99 1f       	adc	r25, r25
    16ba:	88 0f       	add	r24, r24
    16bc:	99 1f       	adc	r25, r25
    16be:	88 0f       	add	r24, r24
    16c0:	99 1f       	adc	r25, r25
    16c2:	6f ef       	ldi	r22, 0xFF	; 255
    16c4:	70 e0       	ldi	r23, 0x00	; 0
    16c6:	0e 94 28 1e 	call	0x3c50	; 0x3c50 <__divmodhi4>
    16ca:	60 93 0f 24 	sts	0x240F, r22	; 0x80240f <animation>
	}
	if (dmxCount == dmxAddress + 9)
    16ce:	c9 01       	movw	r24, r18
    16d0:	09 96       	adiw	r24, 0x09	; 9
    16d2:	e8 17       	cp	r30, r24
    16d4:	f9 07       	cpc	r31, r25
    16d6:	89 f4       	brne	.+34     	; 0x16fa <__vector_88+0x182>
	{
		animationTrigger = dmxData * 6 / 255;
    16d8:	80 91 4e 30 	lds	r24, 0x304E	; 0x80304e <dmxData>
    16dc:	90 91 4f 30 	lds	r25, 0x304F	; 0x80304f <dmxData+0x1>
    16e0:	ac 01       	movw	r20, r24
    16e2:	44 0f       	add	r20, r20
    16e4:	55 1f       	adc	r21, r21
    16e6:	84 0f       	add	r24, r20
    16e8:	95 1f       	adc	r25, r21
    16ea:	88 0f       	add	r24, r24
    16ec:	99 1f       	adc	r25, r25
    16ee:	6f ef       	ldi	r22, 0xFF	; 255
    16f0:	70 e0       	ldi	r23, 0x00	; 0
    16f2:	0e 94 28 1e 	call	0x3c50	; 0x3c50 <__divmodhi4>
    16f6:	60 93 6d 30 	sts	0x306D, r22	; 0x80306d <animationTrigger>
	}
	if (dmxCount == dmxAddress + 10)
    16fa:	26 5f       	subi	r18, 0xF6	; 246
    16fc:	3f 4f       	sbci	r19, 0xFF	; 255
    16fe:	e2 17       	cp	r30, r18
    1700:	f3 07       	cpc	r31, r19
    1702:	79 f4       	brne	.+30     	; 0x1722 <__vector_88+0x1aa>
	{
		releaseCurve = dmxData * 3 / 255;
    1704:	80 91 4e 30 	lds	r24, 0x304E	; 0x80304e <dmxData>
    1708:	90 91 4f 30 	lds	r25, 0x304F	; 0x80304f <dmxData+0x1>
    170c:	9c 01       	movw	r18, r24
    170e:	22 0f       	add	r18, r18
    1710:	33 1f       	adc	r19, r19
    1712:	82 0f       	add	r24, r18
    1714:	93 1f       	adc	r25, r19
    1716:	6f ef       	ldi	r22, 0xFF	; 255
    1718:	70 e0       	ldi	r23, 0x00	; 0
    171a:	0e 94 28 1e 	call	0x3c50	; 0x3c50 <__divmodhi4>
    171e:	60 93 6c 30 	sts	0x306C, r22	; 0x80306c <releaseCurve>
	}
}
    1722:	ff 91       	pop	r31
    1724:	ef 91       	pop	r30
    1726:	bf 91       	pop	r27
    1728:	af 91       	pop	r26
    172a:	9f 91       	pop	r25
    172c:	8f 91       	pop	r24
    172e:	7f 91       	pop	r23
    1730:	6f 91       	pop	r22
    1732:	5f 91       	pop	r21
    1734:	4f 91       	pop	r20
    1736:	3f 91       	pop	r19
    1738:	2f 91       	pop	r18
    173a:	0f 90       	pop	r0
    173c:	0b be       	out	0x3b, r0	; 59
    173e:	0f 90       	pop	r0
    1740:	0f be       	out	0x3f, r0	; 63
    1742:	0f 90       	pop	r0
    1744:	1f 90       	pop	r1
    1746:	18 95       	reti

00001748 <main>:
int ferrCount = 0;
int perr = 0;

inline void setClockTo32MHz(void)
{
	CCP = CCP_IOREG_gc;		   // disable register security for oscillator update
    1748:	88 ed       	ldi	r24, 0xD8	; 216
    174a:	84 bf       	out	0x34, r24	; 52
	OSC.CTRL = OSC_RC32MEN_bm; // enable 32MHz oscillator
    174c:	82 e0       	ldi	r24, 0x02	; 2
    174e:	80 93 50 00 	sts	0x0050, r24	; 0x800050 <__TEXT_REGION_LENGTH__+0x7ce050>
	while (!(OSC.STATUS & OSC_RC32MRDY_bm))
    1752:	e0 e5       	ldi	r30, 0x50	; 80
    1754:	f0 e0       	ldi	r31, 0x00	; 0
    1756:	81 81       	ldd	r24, Z+1	; 0x01
    1758:	81 ff       	sbrs	r24, 1
    175a:	fd cf       	rjmp	.-6      	; 0x1756 <main+0xe>
		;							 // wait for oscillator to be ready
	CCP = CCP_IOREG_gc;				 // disable register security for clock update
    175c:	88 ed       	ldi	r24, 0xD8	; 216
    175e:	84 bf       	out	0x34, r24	; 52
	CLK.CTRL = CLK_SCLKSEL_RC32M_gc; // switch to 32MHz clock
    1760:	c0 e4       	ldi	r28, 0x40	; 64
    1762:	d0 e0       	ldi	r29, 0x00	; 0
    1764:	11 e0       	ldi	r17, 0x01	; 1
    1766:	18 83       	st	Y, r17
    1768:	2f ef       	ldi	r18, 0xFF	; 255
    176a:	33 ec       	ldi	r19, 0xC3	; 195
    176c:	89 e0       	ldi	r24, 0x09	; 9
    176e:	21 50       	subi	r18, 0x01	; 1
    1770:	30 40       	sbci	r19, 0x00	; 0
    1772:	80 40       	sbci	r24, 0x00	; 0
    1774:	e1 f7       	brne	.-8      	; 0x176e <main+0x26>
    1776:	00 c0       	rjmp	.+0      	; 0x1778 <main+0x30>
    1778:	00 00       	nop
{
	setClockTo32MHz();

	_delay_ms(100);

	memset(DISPLAY_PIXELS, 0, NB_PIXELS);
    177a:	8c e1       	ldi	r24, 0x1C	; 28
    177c:	92 e0       	ldi	r25, 0x02	; 2
    177e:	e6 e0       	ldi	r30, 0x06	; 6
    1780:	fe e2       	ldi	r31, 0x2E	; 46
    1782:	df 01       	movw	r26, r30
    1784:	9c 01       	movw	r18, r24
    1786:	1d 92       	st	X+, r1
    1788:	21 50       	subi	r18, 0x01	; 1
    178a:	30 40       	sbci	r19, 0x00	; 0
    178c:	e1 f7       	brne	.-8      	; 0x1786 <main+0x3e>
	memset(TRIGGER_STATES, 0, NB_TRIGGERS);
    178e:	86 e0       	ldi	r24, 0x06	; 6
    1790:	e4 e5       	ldi	r30, 0x54	; 84
    1792:	f0 e3       	ldi	r31, 0x30	; 48
    1794:	df 01       	movw	r26, r30
    1796:	28 2f       	mov	r18, r24
    1798:	1d 92       	st	X+, r1
    179a:	2a 95       	dec	r18
    179c:	e9 f7       	brne	.-6      	; 0x1798 <main+0x50>
	memset(ANIMATION_VALUES, 0, NB_TRIGGERS);
    179e:	ee e2       	ldi	r30, 0x2E	; 46
    17a0:	f0 e3       	ldi	r31, 0x30	; 48
    17a2:	df 01       	movw	r26, r30
    17a4:	28 2f       	mov	r18, r24
    17a6:	1d 92       	st	X+, r1
    17a8:	2a 95       	dec	r18
    17aa:	e9 f7       	brne	.-6      	; 0x17a6 <main+0x5e>
	memset(trig, 0, NB_TRIGGERS);
    17ac:	e2 e2       	ldi	r30, 0x22	; 34
    17ae:	f0 e3       	ldi	r31, 0x30	; 48
    17b0:	df 01       	movw	r26, r30
    17b2:	1d 92       	st	X+, r1
    17b4:	8a 95       	dec	r24
    17b6:	e9 f7       	brne	.-6      	; 0x17b2 <main+0x6a>
	memset(read_page, 0, EEPROM_PAGE_SIZE);
    17b8:	80 e2       	ldi	r24, 0x20	; 32
    17ba:	e2 e8       	ldi	r30, 0x82	; 130
    17bc:	f0 e3       	ldi	r31, 0x30	; 48
    17be:	df 01       	movw	r26, r30
    17c0:	28 2f       	mov	r18, r24
    17c2:	1d 92       	st	X+, r1
    17c4:	2a 95       	dec	r18
    17c6:	e9 f7       	brne	.-6      	; 0x17c2 <main+0x7a>
	memset(preset_page, 0, EEPROM_PAGE_SIZE);
    17c8:	e2 ec       	ldi	r30, 0xC2	; 194
    17ca:	f0 e3       	ldi	r31, 0x30	; 48
    17cc:	df 01       	movw	r26, r30
    17ce:	1d 92       	st	X+, r1
    17d0:	8a 95       	dec	r24
    17d2:	e9 f7       	brne	.-6      	; 0x17ce <main+0x86>
	TCC1.INTFLAGS |= TC1_OVFIF_bm;
}

static void init_LCD(void)
{
	LCD_PORT.DIRSET = LCD_SDA_PIN | LCD_SCL_PIN; // SDA 0 SCL 1 LCD
    17d4:	83 e0       	ldi	r24, 0x03	; 3
    17d6:	80 93 81 06 	sts	0x0681, r24	; 0x800681 <__TEXT_REGION_LENGTH__+0x7ce681>
	i2c_init(&TWIE, TWI_BAUD(F_CPU, BAUD_100K));
    17da:	6b e9       	ldi	r22, 0x9B	; 155
    17dc:	80 ea       	ldi	r24, 0xA0	; 160
    17de:	94 e0       	ldi	r25, 0x04	; 4
    17e0:	57 dc       	rcall	.-1874   	; 0x1090 <i2c_init>
	i2c_lcd_init();
    17e2:	3b dd       	rcall	.-1418   	; 0x125a <i2c_lcd_init>
	i2c_lcd_led_on();
    17e4:	2c dd       	rcall	.-1448   	; 0x123e <i2c_lcd_led_on>
	i2c_lcd_set_cursor(0, 0);
    17e6:	60 e0       	ldi	r22, 0x00	; 0
    17e8:	80 e0       	ldi	r24, 0x00	; 0
    17ea:	f3 dc       	rcall	.-1562   	; 0x11d2 <i2c_lcd_set_cursor>
	i2c_lcd_clear();
    17ec:	ed dc       	rcall	.-1574   	; 0x11c8 <i2c_lcd_clear>
    17ee:	60 e0       	ldi	r22, 0x00	; 0
	memset(trig, 0, NB_TRIGGERS);
	memset(read_page, 0, EEPROM_PAGE_SIZE);
	memset(preset_page, 0, EEPROM_PAGE_SIZE);

	init_LCD();
	i2c_lcd_set_cursor(0, 0);
    17f0:	80 e0       	ldi	r24, 0x00	; 0
    17f2:	ef dc       	rcall	.-1570   	; 0x11d2 <i2c_lcd_set_cursor>
    17f4:	87 e1       	ldi	r24, 0x17	; 23
	i2c_lcd_write_text("Init start...");
    17f6:	98 e2       	ldi	r25, 0x28	; 40
    17f8:	14 dd       	rcall	.-1496   	; 0x1222 <i2c_lcd_write_text>
    17fa:	bf ef       	ldi	r27, 0xFF	; 255
    17fc:	e3 ed       	ldi	r30, 0xD3	; 211
    17fe:	f0 e3       	ldi	r31, 0x30	; 48
    1800:	b1 50       	subi	r27, 0x01	; 1
    1802:	e0 40       	sbci	r30, 0x00	; 0
    1804:	f0 40       	sbci	r31, 0x00	; 0
    1806:	e1 f7       	brne	.-8      	; 0x1800 <main+0xb8>
    1808:	00 c0       	rjmp	.+0      	; 0x180a <main+0xc2>
    180a:	00 00       	nop
    180c:	87 e0       	ldi	r24, 0x07	; 7
    180e:	80 93 a2 00 	sts	0x00A2, r24	; 0x8000a2 <__TEXT_REGION_LENGTH__+0x7ce0a2>

	_delay_ms(500);

	PMIC.CTRL = PMIC_LOLVLEN_bm | PMIC_HILVLEN_bm | PMIC_MEDLVLEN_bm;
    1812:	0e 94 63 14 	call	0x28c6	; 0x28c6 <ReadConfigFromNVM>

	ReadConfigFromNVM();
    1816:	e0 e2       	ldi	r30, 0x20	; 32
    1818:	f6 e0       	ldi	r31, 0x06	; 6
	TCE0.INTCTRLA = TC_OVFINTLVL_HI_gc;
}

static void init_Triggers(void)
{
	TRIGGER_PORT.DIRCLR = PIN0_bm | PIN1_bm | PIN2_bm | PIN3_bm | PIN4_bm | PIN5_bm; // | PIN6_bm | PIN7_bm;
    181a:	8f e3       	ldi	r24, 0x3F	; 63
    181c:	82 83       	std	Z+2, r24	; 0x02
    181e:	80 e1       	ldi	r24, 0x10	; 16
    1820:	80 8b       	std	Z+16, r24	; 0x10

	TRIGGER_PORT.PIN0CTRL = PORT_OPC_PULLDOWN_gc;
    1822:	81 8b       	std	Z+17, r24	; 0x11
    1824:	82 8b       	std	Z+18, r24	; 0x12
	TRIGGER_PORT.PIN1CTRL = PORT_OPC_PULLDOWN_gc;
    1826:	83 8b       	std	Z+19, r24	; 0x13
	TRIGGER_PORT.PIN2CTRL = PORT_OPC_PULLDOWN_gc;
    1828:	84 8b       	std	Z+20, r24	; 0x14
	TRIGGER_PORT.PIN3CTRL = PORT_OPC_PULLDOWN_gc;
    182a:	85 8b       	std	Z+21, r24	; 0x15
	TRIGGER_PORT.PIN4CTRL = PORT_OPC_PULLDOWN_gc;
    182c:	e4 b5       	in	r30, 0x24	; 36
	TRIGGER_PORT.PIN5CTRL = PORT_OPC_PULLDOWN_gc;
    182e:	3f b7       	in	r19, 0x3f	; 63
	// TRIGGER_PORT.PIN6CTRL = PORT_OPC_PULLDOWN_gc;
	// TRIGGER_PORT.PIN7CTRL = PORT_OPC_PULLDOWN_gc;

	ADCB.CALL = ReADCBlibrationByte(PRODSIGNATURES_ADCBCAL0);
    1830:	f8 94       	cli
	CLK.CTRL = CLK_SCLKSEL_RC32M_gc; // switch to 32MHz clock
}

static uint8_t ReADCBlibrationByte(uint8_t index)
{
	uint8_t reg = (SREG);
    1832:	80 ec       	ldi	r24, 0xC0	; 192
	cli();
    1834:	91 e0       	ldi	r25, 0x01	; 1
	/* Load the NVM Command register to read the calibration row. */
	NVM.CMD = NVM_CMD_READ_CALIB_ROW_gc;
    1836:	22 e0       	ldi	r18, 0x02	; 2
    1838:	dc 01       	movw	r26, r24
    183a:	1a 96       	adiw	r26, 0x0a	; 10
    183c:	2c 93       	st	X, r18
    183e:	1a 97       	sbiw	r26, 0x0a	; 10
    1840:	f0 e0       	ldi	r31, 0x00	; 0
    1842:	e4 91       	lpm	r30, Z
	uint8_t result = pgm_read_byte(index);
    1844:	1a 96       	adiw	r26, 0x0a	; 10
    1846:	1c 92       	st	X, r1
	/* Clean up NVM Command register. */
	NVM.CMD = NVM_CMD_NO_OPERATION_gc;
    1848:	3f bf       	out	0x3f, r19	; 63
    184a:	a0 e4       	ldi	r26, 0x40	; 64
	(SREG) = reg;
    184c:	b2 e0       	ldi	r27, 0x02	; 2
	TRIGGER_PORT.PIN4CTRL = PORT_OPC_PULLDOWN_gc;
	TRIGGER_PORT.PIN5CTRL = PORT_OPC_PULLDOWN_gc;
	// TRIGGER_PORT.PIN6CTRL = PORT_OPC_PULLDOWN_gc;
	// TRIGGER_PORT.PIN7CTRL = PORT_OPC_PULLDOWN_gc;

	ADCB.CALL = ReADCBlibrationByte(PRODSIGNATURES_ADCBCAL0);
    184e:	1c 96       	adiw	r26, 0x0c	; 12
    1850:	ec 93       	st	X, r30
    1852:	1c 97       	sbiw	r26, 0x0c	; 12
    1854:	45 b5       	in	r20, 0x25	; 37
    1856:	3f b7       	in	r19, 0x3f	; 63
	ADCB.CALH = ReADCBlibrationByte(PRODSIGNATURES_ADCBCAL1);
    1858:	f8 94       	cli
	CLK.CTRL = CLK_SCLKSEL_RC32M_gc; // switch to 32MHz clock
}

static uint8_t ReADCBlibrationByte(uint8_t index)
{
	uint8_t reg = (SREG);
    185a:	fc 01       	movw	r30, r24
	cli();
    185c:	22 87       	std	Z+10, r18	; 0x0a
	/* Load the NVM Command register to read the calibration row. */
	NVM.CMD = NVM_CMD_READ_CALIB_ROW_gc;
    185e:	e4 2f       	mov	r30, r20
    1860:	f0 e0       	ldi	r31, 0x00	; 0
	uint8_t result = pgm_read_byte(index);
    1862:	24 91       	lpm	r18, Z
    1864:	fc 01       	movw	r30, r24
    1866:	12 86       	std	Z+10, r1	; 0x0a
	/* Clean up NVM Command register. */
	NVM.CMD = NVM_CMD_NO_OPERATION_gc;
    1868:	3f bf       	out	0x3f, r19	; 63
    186a:	1d 96       	adiw	r26, 0x0d	; 13
	(SREG) = reg;
    186c:	2c 93       	st	X, r18
	TRIGGER_PORT.PIN5CTRL = PORT_OPC_PULLDOWN_gc;
	// TRIGGER_PORT.PIN6CTRL = PORT_OPC_PULLDOWN_gc;
	// TRIGGER_PORT.PIN7CTRL = PORT_OPC_PULLDOWN_gc;

	ADCB.CALL = ReADCBlibrationByte(PRODSIGNATURES_ADCBCAL0);
	ADCB.CALH = ReADCBlibrationByte(PRODSIGNATURES_ADCBCAL1);
    186e:	1d 97       	sbiw	r26, 0x0d	; 13
    1870:	1c 93       	st	X, r17
    1872:	84 e0       	ldi	r24, 0x04	; 4

	ADCB.CTRLA = ADC_ENABLE_bm;
    1874:	11 96       	adiw	r26, 0x01	; 1

	ADCB.CTRLB = (ADC_CURRLIMIT_NO_gc | ADC_RESOLUTION_8BIT_gc); // ADC_RESOLUTION_12BIT_gc | ADC_CURRLIMIT_LOW_gc;
    1876:	8c 93       	st	X, r24
    1878:	11 97       	sbiw	r26, 0x01	; 1
    187a:	11 96       	adiw	r26, 0x01	; 1
    187c:	8c 91       	ld	r24, X
	ADCB.CTRLB &= ~ADC_CONMODE_bm;
    187e:	11 97       	sbiw	r26, 0x01	; 1
    1880:	8f 7e       	andi	r24, 0xEF	; 239
    1882:	11 96       	adiw	r26, 0x01	; 1
    1884:	8c 93       	st	X, r24
    1886:	11 97       	sbiw	r26, 0x01	; 1
    1888:	85 e0       	ldi	r24, 0x05	; 5
    188a:	14 96       	adiw	r26, 0x04	; 4
	ADCB.PRESCALER = ADC_PRESCALER_DIV128_gc;
    188c:	8c 93       	st	X, r24
    188e:	14 97       	sbiw	r26, 0x04	; 4
    1890:	12 96       	adiw	r26, 0x02	; 2
    1892:	1c 92       	st	X, r1
	ADCB.REFCTRL = ADC_REFSEL_INT1V_gc;
    1894:	12 97       	sbiw	r26, 0x02	; 2
    1896:	13 96       	adiw	r26, 0x03	; 3
    1898:	1c 92       	st	X, r1
	ADCB.EVCTRL = ADC_EVACT_NONE_gc;
    189a:	13 97       	sbiw	r26, 0x03	; 3
    189c:	92 96       	adiw	r26, 0x22	; 34
    189e:	1c 92       	st	X, r1
	ADCB.CH0.INTCTRL = 0;
    18a0:	92 97       	sbiw	r26, 0x22	; 34
    18a2:	90 96       	adiw	r26, 0x20	; 32
    18a4:	1c 93       	st	X, r17
	ADCB.CH0.CTRL = ADC_CH_INPUTMODE_SINGLEENDED_gc;
    18a6:	af e7       	ldi	r26, 0x7F	; 127
    18a8:	bc e0       	ldi	r27, 0x0C	; 12
	#else
		//round up by default
		__ticks_dc = (uint32_t)(ceil(fabs(__tmp)));
	#endif

	__builtin_avr_delay_cycles(__ticks_dc);
    18aa:	11 97       	sbiw	r26, 0x01	; 1
    18ac:	f1 f7       	brne	.-4      	; 0x18aa <main+0x162>
    18ae:	00 c0       	rjmp	.+0      	; 0x18b0 <main+0x168>
    18b0:	00 00       	nop
    18b2:	8b 83       	std	Y+3, r24	; 0x03
    18b4:	10 92 00 04 	sts	0x0400, r1	; 0x800400 <__TEXT_REGION_LENGTH__+0x7ce400>
}

static void init_ADCConversionTimer(void)
{
	CLK.RTCCTRL = CLK_RTCSRC_RCOSC_gc | CLK_RTCEN_bm;
	RTC.CTRL = 0;
    18b8:	e0 e0       	ldi	r30, 0x00	; 0
    18ba:	f4 e0       	ldi	r31, 0x04	; 4
	while (RTC.STATUS & RTC_SYNCBUSY_bm)
    18bc:	81 81       	ldd	r24, Z+1	; 0x01
    18be:	80 fd       	sbrc	r24, 0
    18c0:	fd cf       	rjmp	.-6      	; 0x18bc <main+0x174>
    18c2:	10 92 08 04 	sts	0x0408, r1	; 0x800408 <__TEXT_REGION_LENGTH__+0x7ce408>
		;

	RTC.CNT = 0;
    18c6:	10 92 09 04 	sts	0x0409, r1	; 0x800409 <__TEXT_REGION_LENGTH__+0x7ce409>
    18ca:	e0 e0       	ldi	r30, 0x00	; 0
    18cc:	f4 e0       	ldi	r31, 0x04	; 4
	while (RTC.STATUS & RTC_SYNCBUSY_bm)
    18ce:	81 81       	ldd	r24, Z+1	; 0x01
    18d0:	80 fd       	sbrc	r24, 0
    18d2:	fd cf       	rjmp	.-6      	; 0x18ce <main+0x186>
    18d4:	82 e0       	ldi	r24, 0x02	; 2
    18d6:	90 e0       	ldi	r25, 0x00	; 0
		;
	RTC.PER = 2;
    18d8:	80 93 0a 04 	sts	0x040A, r24	; 0x80040a <__TEXT_REGION_LENGTH__+0x7ce40a>
    18dc:	90 93 0b 04 	sts	0x040B, r25	; 0x80040b <__TEXT_REGION_LENGTH__+0x7ce40b>
    18e0:	e0 e0       	ldi	r30, 0x00	; 0
    18e2:	f4 e0       	ldi	r31, 0x04	; 4
	while (RTC.STATUS & RTC_SYNCBUSY_bm)
    18e4:	81 81       	ldd	r24, Z+1	; 0x01
    18e6:	80 fd       	sbrc	r24, 0
    18e8:	fd cf       	rjmp	.-6      	; 0x18e4 <main+0x19c>
    18ea:	e0 e0       	ldi	r30, 0x00	; 0
    18ec:	f4 e0       	ldi	r31, 0x04	; 4
		;

	RTC.INTFLAGS = RTC_OVFIF_bm;
    18ee:	91 e0       	ldi	r25, 0x01	; 1
    18f0:	93 83       	std	Z+3, r25	; 0x03
    18f2:	42 e0       	ldi	r20, 0x02	; 2
    18f4:	42 83       	std	Z+2, r20	; 0x02
	RTC.INTCTRL = RTC_OVFINTLVL_MED_gc;								   // Enable overflow interrupt.
    18f6:	80 81       	ld	r24, Z
    18f8:	88 7f       	andi	r24, 0xF8	; 248
	RTC.CTRL = (RTC.CTRL & ~RTC_PRESCALER_gm) | RTC_PRESCALER_DIV1_gc; // (RTC.CTRL & ~RTC_PRESCALER_gm) | 0x07;	//Prescaler of 1024.
    18fa:	81 60       	ori	r24, 0x01	; 1
    18fc:	80 83       	st	Z, r24
    18fe:	e0 e4       	ldi	r30, 0x40	; 64
    1900:	fa e0       	ldi	r31, 0x0A	; 10
	}
}

static void init_generalTimer(void)
{
	TCE1.CTRLA = 0;
    1902:	10 82       	st	Z, r1
    1904:	2c e0       	ldi	r18, 0x0C	; 12
    1906:	21 87       	std	Z+9, r18	; 0x09
	TCE1.CTRLFSET = 0x0C;
    1908:	68 e0       	ldi	r22, 0x08	; 8
    190a:	70 e0       	ldi	r23, 0x00	; 0
	TCE1.PER = 8;
    190c:	66 a3       	std	Z+38, r22	; 0x26
    190e:	77 a3       	std	Z+39, r23	; 0x27
    1910:	96 83       	std	Z+6, r25	; 0x06
    1912:	37 e0       	ldi	r19, 0x07	; 7
	TCE1.INTCTRLA = TC_OVFINTLVL_LO_gc;
    1914:	30 83       	st	Z, r19
	TCE1.CTRLA = TC_CLKSEL_DIV1024_gc;
    1916:	84 85       	ldd	r24, Z+12	; 0x0c
    1918:	81 60       	ori	r24, 0x01	; 1
	TCE1.INTFLAGS |= TC1_OVFIF_bm;
    191a:	84 87       	std	Z+12, r24	; 0x0c
    191c:	a0 e8       	ldi	r26, 0x80	; 128
    191e:	b6 e0       	ldi	r27, 0x06	; 6
	return (result);
}

static void init_RotaryEncoder(void)
{
	ENCODER_PORT.DIRCLR |= ENCODER_PIN1 | ENCODER_PIN2; // DT, CLK
    1920:	12 96       	adiw	r26, 0x02	; 2
    1922:	8c 91       	ld	r24, X
    1924:	12 97       	sbiw	r26, 0x02	; 2
    1926:	8c 60       	ori	r24, 0x0C	; 12
    1928:	12 96       	adiw	r26, 0x02	; 2
    192a:	8c 93       	st	X, r24
    192c:	12 97       	sbiw	r26, 0x02	; 2
    192e:	e0 e6       	ldi	r30, 0x60	; 96
    1930:	f6 e0       	ldi	r31, 0x06	; 6
	ENCODER_PORT2.DIRCLR |= ENCODER_BUTTON_PIN;
    1932:	82 81       	ldd	r24, Z+2	; 0x02
    1934:	80 61       	ori	r24, 0x10	; 16
    1936:	82 83       	std	Z+2, r24	; 0x02
    1938:	83 e0       	ldi	r24, 0x03	; 3
    193a:	52 96       	adiw	r26, 0x12	; 18
	ENCODER_PORT_CTRL1 = PORT_ISC_LEVEL_gc;
    193c:	8c 93       	st	X, r24
    193e:	52 97       	sbiw	r26, 0x12	; 18
    1940:	53 96       	adiw	r26, 0x13	; 19
    1942:	8c 93       	st	X, r24
	ENCODER_PORT_CTRL2 = PORT_ISC_LEVEL_gc;
    1944:	44 8b       	std	Z+20, r20	; 0x14
    1946:	42 85       	ldd	r20, Z+10	; 0x0a
	ENCODER_PORT_CTRLB = PORT_ISC_FALLING_gc;
    1948:	40 61       	ori	r20, 0x10	; 16

	ENCODER_PORT2.INT0MASK |= ENCODER_BUTTON_PIN;
    194a:	42 87       	std	Z+10, r20	; 0x0a
    194c:	91 87       	std	Z+9, r25	; 0x09
    194e:	a0 ee       	ldi	r26, 0xE0	; 224
	ENCODER_PORT2.INTCTRL = PORT_INT0LVL_LO_gc;
    1950:	b7 e0       	ldi	r27, 0x07	; 7

	BUTTON_12_PORT.DIRCLR |= BUTTON_1_PIN | BUTTON_2_PIN;
    1952:	12 96       	adiw	r26, 0x02	; 2
    1954:	4c 91       	ld	r20, X
    1956:	12 97       	sbiw	r26, 0x02	; 2
    1958:	43 60       	ori	r20, 0x03	; 3
    195a:	12 96       	adiw	r26, 0x02	; 2
    195c:	4c 93       	st	X, r20
    195e:	12 97       	sbiw	r26, 0x02	; 2
    1960:	41 e1       	ldi	r20, 0x11	; 17
    1962:	50 96       	adiw	r26, 0x10	; 16
	BUTTON_1_PORTCTRL = PORT_ISC_RISING_gc | PORT_OPC_PULLDOWN_gc;
    1964:	4c 93       	st	X, r20
    1966:	50 97       	sbiw	r26, 0x10	; 16
    1968:	51 96       	adiw	r26, 0x11	; 17
    196a:	4c 93       	st	X, r20
	BUTTON_2_PORTCTRL = PORT_ISC_RISING_gc | PORT_OPC_PULLDOWN_gc;
    196c:	51 97       	sbiw	r26, 0x11	; 17
    196e:	1a 96       	adiw	r26, 0x0a	; 10
    1970:	4c 91       	ld	r20, X
	BUTTON_12_PORT.INT0MASK |= BUTTON_1_PIN | BUTTON_2_PIN;
    1972:	1a 97       	sbiw	r26, 0x0a	; 10
    1974:	43 60       	ori	r20, 0x03	; 3
    1976:	1a 96       	adiw	r26, 0x0a	; 10
    1978:	4c 93       	st	X, r20
    197a:	1a 97       	sbiw	r26, 0x0a	; 10
    197c:	19 96       	adiw	r26, 0x09	; 9
    197e:	9c 93       	st	X, r25
	BUTTON_12_PORT.INTCTRL = PORT_INT0LVL_LO_gc;
    1980:	a0 e8       	ldi	r26, 0x80	; 128
    1982:	b1 e0       	ldi	r27, 0x01	; 1

	EVSYS.CH0CTRL = EVSYS_QDIRM_10_gc | EVSYS_QDEN_bm | EVSYS_DIGFILT_8SAMPLES_gc;
    1984:	4f e4       	ldi	r20, 0x4F	; 79
    1986:	18 96       	adiw	r26, 0x08	; 8
    1988:	4c 93       	st	X, r20
    198a:	18 97       	sbiw	r26, 0x08	; 8
    198c:	42 e7       	ldi	r20, 0x72	; 114
    198e:	4c 93       	st	X, r20
	EVSYS.CH0MUX = EVSYS_CHMUX_PORTE_PIN2_gc;
    1990:	a0 e0       	ldi	r26, 0x00	; 0
    1992:	ba e0       	ldi	r27, 0x0A	; 10

	TCE0.CTRLD = (TC_EVSEL_CH0_gc | TC_EVACT_QDEC_gc);
    1994:	48 e6       	ldi	r20, 0x68	; 104
    1996:	13 96       	adiw	r26, 0x03	; 3
    1998:	4c 93       	st	X, r20
    199a:	13 97       	sbiw	r26, 0x03	; 3
    199c:	42 e0       	ldi	r20, 0x02	; 2
    199e:	50 e0       	ldi	r21, 0x00	; 0
	TCE0.PER = 2;
    19a0:	96 96       	adiw	r26, 0x26	; 38
    19a2:	4d 93       	st	X+, r20
    19a4:	5c 93       	st	X, r21
    19a6:	97 97       	sbiw	r26, 0x27	; 39
    19a8:	8c 93       	st	X, r24
    19aa:	90 96       	adiw	r26, 0x20	; 32
	TCE0.CTRLA = TC_CLKSEL_DIV4_gc;
    19ac:	1d 92       	st	X+, r1
	TCE0.CNT = 0;
    19ae:	1c 92       	st	X, r1
    19b0:	91 97       	sbiw	r26, 0x21	; 33
    19b2:	16 96       	adiw	r26, 0x06	; 6
    19b4:	8c 93       	st	X, r24
	TCE0.INTCTRLA = TC_OVFINTLVL_HI_gc;
    19b6:	a0 e0       	ldi	r26, 0x00	; 0
    19b8:	b8 e0       	ldi	r27, 0x08	; 8
	TCD0.INTFLAGS |= TC1_OVFIF_bm;
}

static void init_lcdRefreshTimer(void)
{
	TCC0.CTRLA = 0;
    19ba:	1c 92       	st	X, r1
    19bc:	19 96       	adiw	r26, 0x09	; 9
    19be:	2c 93       	st	X, r18
	TCC0.CTRLFSET = 0x0C;
    19c0:	19 97       	sbiw	r26, 0x09	; 9
    19c2:	4c e2       	ldi	r20, 0x2C	; 44
    19c4:	5a e0       	ldi	r21, 0x0A	; 10
	TCC0.PER = F_CPU / 1024 / HZ_LCD_REFRESH;
    19c6:	96 96       	adiw	r26, 0x26	; 38
    19c8:	4d 93       	st	X+, r20
    19ca:	5c 93       	st	X, r21
    19cc:	97 97       	sbiw	r26, 0x27	; 39
    19ce:	16 96       	adiw	r26, 0x06	; 6
    19d0:	9c 93       	st	X, r25
	TCC0.INTCTRLA = TC_OVFINTLVL_LO_gc;
    19d2:	16 97       	sbiw	r26, 0x06	; 6
    19d4:	3c 93       	st	X, r19
    19d6:	1c 96       	adiw	r26, 0x0c	; 12
	TCC0.CTRLA = TC_CLKSEL_DIV1024_gc;
    19d8:	4c 91       	ld	r20, X
	TCC0.INTFLAGS |= TC1_OVFIF_bm;
    19da:	1c 97       	sbiw	r26, 0x0c	; 12
    19dc:	41 60       	ori	r20, 0x01	; 1
    19de:	1c 96       	adiw	r26, 0x0c	; 12
    19e0:	4c 93       	st	X, r20
    19e2:	4f ef       	ldi	r20, 0xFF	; 255
    19e4:	40 93 01 06 	sts	0x0601, r20	; 0x800601 <__TEXT_REGION_LENGTH__+0x7ce601>
}

static void init_ws2812RefreshTimer(void)
{
	WS2812_PORT.DIRSET = PIN0_bm | PIN1_bm | PIN2_bm | PIN3_bm | PIN4_bm | PIN4_bm | PIN5_bm | PIN6_bm | PIN7_bm;
    19e8:	a0 e4       	ldi	r26, 0x40	; 64
    19ea:	b8 e0       	ldi	r27, 0x08	; 8

	TCC1.CTRLA = 0;
    19ec:	1c 92       	st	X, r1
    19ee:	19 96       	adiw	r26, 0x09	; 9
    19f0:	2c 93       	st	X, r18
	TCC1.CTRLFSET = 0x0C;
    19f2:	19 97       	sbiw	r26, 0x09	; 9
    19f4:	46 ee       	ldi	r20, 0xE6	; 230
    19f6:	5b e1       	ldi	r21, 0x1B	; 27
	TCC1.PER = F_CPU / 64 / HZ_LED_REFRESH;
    19f8:	96 96       	adiw	r26, 0x26	; 38
    19fa:	4d 93       	st	X+, r20
    19fc:	5c 93       	st	X, r21
    19fe:	97 97       	sbiw	r26, 0x27	; 39
    1a00:	16 96       	adiw	r26, 0x06	; 6
    1a02:	8c 93       	st	X, r24
	TCC1.INTCTRLA = TC_OVFINTLVL_HI_gc;
    1a04:	16 97       	sbiw	r26, 0x06	; 6
    1a06:	45 e0       	ldi	r20, 0x05	; 5
    1a08:	4c 93       	st	X, r20
	TCC1.CTRLA = TC_CLKSEL_DIV64_gc;
    1a0a:	1c 96       	adiw	r26, 0x0c	; 12
    1a0c:	4c 91       	ld	r20, X
	TCC1.INTFLAGS |= TC1_OVFIF_bm;
    1a0e:	1c 97       	sbiw	r26, 0x0c	; 12
    1a10:	41 60       	ori	r20, 0x01	; 1
    1a12:	1c 96       	adiw	r26, 0x0c	; 12
    1a14:	4c 93       	st	X, r20
    1a16:	a0 e0       	ldi	r26, 0x00	; 0
    1a18:	b9 e0       	ldi	r27, 0x09	; 9
	countTCF0++;
}

static void init_animRefreshTimer(void)
{
	TCD0.CTRLA = 0;
    1a1a:	1c 92       	st	X, r1
    1a1c:	19 96       	adiw	r26, 0x09	; 9
    1a1e:	2c 93       	st	X, r18
	TCD0.CTRLFSET = 0x0C;
    1a20:	19 97       	sbiw	r26, 0x09	; 9
    1a22:	4e eb       	ldi	r20, 0xBE	; 190
    1a24:	51 e0       	ldi	r21, 0x01	; 1
	TCD0.PER = F_CPU / 1024 / HZ_ANIMATION_REFRESH;
    1a26:	96 96       	adiw	r26, 0x26	; 38
    1a28:	4d 93       	st	X+, r20
    1a2a:	5c 93       	st	X, r21
    1a2c:	97 97       	sbiw	r26, 0x27	; 39
    1a2e:	16 96       	adiw	r26, 0x06	; 6
    1a30:	9c 93       	st	X, r25
	TCD0.INTCTRLA = TC_OVFINTLVL_LO_gc;
    1a32:	16 97       	sbiw	r26, 0x06	; 6
    1a34:	3c 93       	st	X, r19
    1a36:	1c 96       	adiw	r26, 0x0c	; 12
	TCD0.CTRLA = TC_CLKSEL_DIV1024_gc;
    1a38:	9c 91       	ld	r25, X
	TCD0.INTFLAGS |= TC1_OVFIF_bm;
    1a3a:	1c 97       	sbiw	r26, 0x0c	; 12
    1a3c:	91 60       	ori	r25, 0x01	; 1
    1a3e:	1c 96       	adiw	r26, 0x0c	; 12
    1a40:	9c 93       	st	X, r25
    1a42:	a0 ea       	ldi	r26, 0xA0	; 160
    1a44:	b9 e0       	ldi	r27, 0x09	; 9
	DMX_USART.CTRLB = USART_RXEN_bm;
}

inline void Init_MIDI(void) {
	// Disable the USART before configuration
	DMX_USART.CTRLB &= ~(USART_RXEN_bm | USART_TXEN_bm);
    1a46:	14 96       	adiw	r26, 0x04	; 4
    1a48:	9c 91       	ld	r25, X
    1a4a:	14 97       	sbiw	r26, 0x04	; 4
    1a4c:	97 7e       	andi	r25, 0xE7	; 231
    1a4e:	14 96       	adiw	r26, 0x04	; 4
    1a50:	9c 93       	st	X, r25
    1a52:	14 97       	sbiw	r26, 0x04	; 4
    1a54:	90 ec       	ldi	r25, 0xC0	; 192
    1a56:	16 96       	adiw	r26, 0x06	; 6

	DMX_USART.BAUDCTRLA = (4032 & 0xff) << USART_BSEL_gp;
    1a58:	9c 93       	st	X, r25
    1a5a:	16 97       	sbiw	r26, 0x06	; 6
    1a5c:	9f ea       	ldi	r25, 0xAF	; 175
    1a5e:	17 96       	adiw	r26, 0x07	; 7
	DMX_USART.BAUDCTRLB = ((-6) << USART_BSCALE_gp) | ((4032 >> 8) << USART_BSEL_gp);
    1a60:	9c 93       	st	X, r25
    1a62:	17 97       	sbiw	r26, 0x07	; 7
    1a64:	15 96       	adiw	r26, 0x05	; 5
    1a66:	8c 93       	st	X, r24

	// Configure USART: 8 data bits, no parity, 1 stop bit (8N1)
	DMX_USART.CTRLC = USART_CHSIZE_8BIT_gc | USART_PMODE_DISABLED_gc;
    1a68:	15 97       	sbiw	r26, 0x05	; 5
    1a6a:	14 96       	adiw	r26, 0x04	; 4
    1a6c:	8c 91       	ld	r24, X

	// Enable transmitter
	DMX_USART.CTRLB |= USART_TXEN_bm;
    1a6e:	14 97       	sbiw	r26, 0x04	; 4
    1a70:	88 60       	ori	r24, 0x08	; 8
    1a72:	14 96       	adiw	r26, 0x04	; 4
    1a74:	8c 93       	st	X, r24
    1a76:	88 e0       	ldi	r24, 0x08	; 8
    1a78:	81 83       	std	Z+1, r24	; 0x01

	// Configure TX pin (PD3) as output
	DMX_PORT.DIRSET = DMX_USART_TX_PIN;
    1a7a:	78 94       	sei
    1a7c:	80 81       	ld	r24, Z
	init_ws2812RefreshTimer();
	init_animRefreshTimer();
	//init_DMX();
	Init_MIDI();
	
	sei();
    1a7e:	80 66       	ori	r24, 0x60	; 96
	BOX_LED_PORT.DIR |= BOX_LED1_PIN | BOX_LED2_PIN;
    1a80:	80 83       	st	Z, r24
    1a82:	86 81       	ldd	r24, Z+6	; 0x06
    1a84:	80 66       	ori	r24, 0x60	; 96
	BOX_LED_PORT.OUTCLR |= BOX_LED2_PIN | BOX_LED1_PIN;
    1a86:	86 83       	std	Z+6, r24	; 0x06
    1a88:	01 e0       	ldi	r16, 0x01	; 1
    1a8a:	13 e2       	ldi	r17, 0x23	; 35
    1a8c:	0f 2e       	mov	r0, r31
    1a8e:	fb ef       	ldi	r31, 0xFB	; 251
    1a90:	ef 2e       	mov	r14, r31
    1a92:	f2 e2       	ldi	r31, 0x22	; 34
    1a94:	ff 2e       	mov	r15, r31
    1a96:	f0 2d       	mov	r31, r0
    1a98:	c0 e0       	ldi	r28, 0x00	; 0
    1a9a:	d0 e0       	ldi	r29, 0x00	; 0

	while (1)
	{
		for (int i = 0; i < NB_TRIGGERS; i++) {
    1a9c:	fe 01       	movw	r30, r28
    1a9e:	e0 50       	subi	r30, 0x00	; 0
			if (sendNoteOnFlag[i]) {
    1aa0:	f2 4d       	sbci	r31, 0xD2	; 210
    1aa2:	80 81       	ld	r24, Z
    1aa4:	88 23       	and	r24, r24
    1aa6:	51 f0       	breq	.+20     	; 0x1abc <main+0x374>
    1aa8:	f7 01       	movw	r30, r14
				MIDI_SendNoteOn(1, note_for_trigger[i], velocity[i]);
    1aaa:	40 81       	ld	r20, Z
    1aac:	d8 01       	movw	r26, r16
    1aae:	6c 91       	ld	r22, X
    1ab0:	81 e0       	ldi	r24, 0x01	; 1
    1ab2:	46 dd       	rcall	.-1396   	; 0x1540 <MIDI_SendNoteOn>
    1ab4:	fe 01       	movw	r30, r28
    1ab6:	e0 50       	subi	r30, 0x00	; 0
				sendNoteOnFlag[i] = 0;
    1ab8:	f2 4d       	sbci	r31, 0xD2	; 210
    1aba:	10 82       	st	Z, r1
    1abc:	fe 01       	movw	r30, r28
    1abe:	e6 50       	subi	r30, 0x06	; 6
			}
			if (sendNoteOffFlag[i]) {
    1ac0:	f2 4d       	sbci	r31, 0xD2	; 210
    1ac2:	80 81       	ld	r24, Z
    1ac4:	88 23       	and	r24, r24
    1ac6:	49 f0       	breq	.+18     	; 0x1ada <main+0x392>
    1ac8:	40 e0       	ldi	r20, 0x00	; 0
				MIDI_SendNoteOff(1, note_for_trigger[i], 0);
    1aca:	f8 01       	movw	r30, r16
    1acc:	60 81       	ld	r22, Z
    1ace:	81 e0       	ldi	r24, 0x01	; 1
    1ad0:	47 dd       	rcall	.-1394   	; 0x1560 <MIDI_SendNoteOff>
    1ad2:	fe 01       	movw	r30, r28
    1ad4:	e6 50       	subi	r30, 0x06	; 6
				sendNoteOffFlag[i] = 0;
    1ad6:	f2 4d       	sbci	r31, 0xD2	; 210
    1ad8:	10 82       	st	Z, r1
    1ada:	21 96       	adiw	r28, 0x01	; 1
    1adc:	0f 5f       	subi	r16, 0xFF	; 255
	BOX_LED_PORT.DIR |= BOX_LED1_PIN | BOX_LED2_PIN;
	BOX_LED_PORT.OUTCLR |= BOX_LED2_PIN | BOX_LED1_PIN;

	while (1)
	{
		for (int i = 0; i < NB_TRIGGERS; i++) {
    1ade:	1f 4f       	sbci	r17, 0xFF	; 255
    1ae0:	ff ef       	ldi	r31, 0xFF	; 255
    1ae2:	ef 1a       	sub	r14, r31
    1ae4:	ff 0a       	sbc	r15, r31
    1ae6:	c6 30       	cpi	r28, 0x06	; 6
    1ae8:	d1 05       	cpc	r29, r1
    1aea:	c1 f6       	brne	.-80     	; 0x1a9c <main+0x354>
    1aec:	cd cf       	rjmp	.-102    	; 0x1a88 <main+0x340>

00001aee <__vector_14>:
    1aee:	1f 92       	push	r1
    1af0:	0f 92       	push	r0
		WriteConfigToNVM();
	}

 }
 
 void flashMainLed() {
    1af2:	0f b6       	in	r0, 0x3f	; 63
    1af4:	0f 92       	push	r0
    1af6:	11 24       	eor	r1, r1
    1af8:	0b b6       	in	r0, 0x3b	; 59
    1afa:	0f 92       	push	r0
    1afc:	2f 93       	push	r18
    1afe:	3f 93       	push	r19
    1b00:	4f 93       	push	r20
    1b02:	5f 93       	push	r21
    1b04:	6f 93       	push	r22
    1b06:	7f 93       	push	r23
    1b08:	8f 93       	push	r24
    1b0a:	9f 93       	push	r25
    1b0c:	af 93       	push	r26
    1b0e:	bf 93       	push	r27
    1b10:	ef 93       	push	r30
    1b12:	ff 93       	push	r31
    1b14:	cf 93       	push	r28
    1b16:	df 93       	push	r29
    1b18:	cd b7       	in	r28, 0x3d	; 61
    1b1a:	de b7       	in	r29, 0x3e	; 62
    1b1c:	60 97       	sbiw	r28, 0x10	; 16
    1b1e:	cd bf       	out	0x3d, r28	; 61
    1b20:	de bf       	out	0x3e, r29	; 62
    1b22:	80 91 71 30 	lds	r24, 0x3071	; 0x803071 <editingValue>
    1b26:	88 23       	and	r24, r24
    1b28:	51 f0       	breq	.+20     	; 0x1b3e <__vector_14+0x50>
    1b2a:	e0 e6       	ldi	r30, 0x60	; 96
    1b2c:	f6 e0       	ldi	r31, 0x06	; 6
    1b2e:	87 81       	ldd	r24, Z+7	; 0x07
    1b30:	80 66       	ori	r24, 0x60	; 96
    1b32:	87 83       	std	Z+7, r24	; 0x07
    1b34:	e0 91 7a 30 	lds	r30, 0x307A	; 0x80307a <menuState>
    1b38:	f0 91 7b 30 	lds	r31, 0x307B	; 0x80307b <menuState+0x1>
    1b3c:	18 c0       	rjmp	.+48     	; 0x1b6e <__vector_14+0x80>
    1b3e:	80 91 fa 23 	lds	r24, 0x23FA	; 0x8023fa <boxLight>
    1b42:	81 30       	cpi	r24, 0x01	; 1
    1b44:	31 f4       	brne	.+12     	; 0x1b52 <__vector_14+0x64>
    1b46:	e0 e6       	ldi	r30, 0x60	; 96
    1b48:	f6 e0       	ldi	r31, 0x06	; 6
    1b4a:	86 81       	ldd	r24, Z+6	; 0x06
    1b4c:	80 66       	ori	r24, 0x60	; 96
    1b4e:	86 83       	std	Z+6, r24	; 0x06
    1b50:	31 c6       	rjmp	.+3170   	; 0x27b4 <__vector_14+0xcc6>
    1b52:	e0 e6       	ldi	r30, 0x60	; 96
    1b54:	f6 e0       	ldi	r31, 0x06	; 6
    1b56:	85 81       	ldd	r24, Z+5	; 0x05
    1b58:	80 66       	ori	r24, 0x60	; 96
    1b5a:	85 83       	std	Z+5, r24	; 0x05
    1b5c:	2b c6       	rjmp	.+3158   	; 0x27b4 <__vector_14+0xcc6>
    1b5e:	82 32       	cpi	r24, 0x22	; 34
    1b60:	91 05       	cpc	r25, r1
    1b62:	09 f4       	brne	.+2      	; 0x1b66 <__vector_14+0x78>
    1b64:	7f c4       	rjmp	.+2302   	; 0x2464 <__vector_14+0x976>
    1b66:	83 97       	sbiw	r24, 0x23	; 35
    1b68:	09 f0       	breq	.+2      	; 0x1b6c <__vector_14+0x7e>
    1b6a:	31 c6       	rjmp	.+3170   	; 0x27ce <__vector_14+0xce0>
    1b6c:	b2 c4       	rjmp	.+2404   	; 0x24d2 <__vector_14+0x9e4>
    1b6e:	e0 93 15 24 	sts	0x2415, r30	; 0x802415 <menuLastState>
    1b72:	f0 93 16 24 	sts	0x2416, r31	; 0x802416 <menuLastState+0x1>
    1b76:	e1 34       	cpi	r30, 0x41	; 65
    1b78:	81 e0       	ldi	r24, 0x01	; 1
    1b7a:	f8 07       	cpc	r31, r24
    1b7c:	08 f0       	brcs	.+2      	; 0x1b80 <__vector_14+0x92>
    1b7e:	05 c6       	rjmp	.+3082   	; 0x278a <__vector_14+0xc9c>
    1b80:	88 27       	eor	r24, r24
    1b82:	e2 5f       	subi	r30, 0xF2	; 242
    1b84:	fe 4f       	sbci	r31, 0xFE	; 254
    1b86:	8f 4f       	sbci	r24, 0xFF	; 255
    1b88:	0c 94 3b 1e 	jmp	0x3c76	; 0x3c76 <__tablejump2__>
    1b8c:	a0 91 13 24 	lds	r26, 0x2413	; 0x802413 <titleLCD>
    1b90:	b0 91 14 24 	lds	r27, 0x2414	; 0x802414 <titleLCD+0x1>
    1b94:	81 e1       	ldi	r24, 0x11	; 17
    1b96:	e5 e2       	ldi	r30, 0x25	; 37
    1b98:	f8 e2       	ldi	r31, 0x28	; 40
    1b9a:	01 90       	ld	r0, Z+
    1b9c:	0d 92       	st	X+, r0
    1b9e:	8a 95       	dec	r24
    1ba0:	e1 f7       	brne	.-8      	; 0x1b9a <__vector_14+0xac>
    1ba2:	80 e1       	ldi	r24, 0x10	; 16
    1ba4:	fe 01       	movw	r30, r28
    1ba6:	31 96       	adiw	r30, 0x01	; 1
    1ba8:	df 01       	movw	r26, r30
    1baa:	98 2f       	mov	r25, r24
    1bac:	1d 92       	st	X+, r1
    1bae:	9a 95       	dec	r25
    1bb0:	e9 f7       	brne	.-6      	; 0x1bac <__vector_14+0xbe>
    1bb2:	90 91 10 24 	lds	r25, 0x2410	; 0x802410 <dmxAddress>
    1bb6:	1f 92       	push	r1
    1bb8:	9f 93       	push	r25
    1bba:	26 e3       	ldi	r18, 0x36	; 54
    1bbc:	38 e2       	ldi	r19, 0x28	; 40
    1bbe:	3f 93       	push	r19
    1bc0:	2f 93       	push	r18
    1bc2:	1f 92       	push	r1
    1bc4:	8f 93       	push	r24
    1bc6:	ff 93       	push	r31
    1bc8:	ef 93       	push	r30
    1bca:	0e 94 a8 1e 	call	0x3d50	; 0x3d50 <snprintf>
    1bce:	e0 91 6e 30 	lds	r30, 0x306E	; 0x80306e <operationMode>
    1bd2:	cd bf       	out	0x3d, r28	; 61
    1bd4:	de bf       	out	0x3e, r29	; 62
    1bd6:	e1 30       	cpi	r30, 0x01	; 1
    1bd8:	41 f0       	breq	.+16     	; 0x1bea <__vector_14+0xfc>
    1bda:	f0 e0       	ldi	r31, 0x00	; 0
    1bdc:	ee 0f       	add	r30, r30
    1bde:	ff 1f       	adc	r31, r31
    1be0:	e0 52       	subi	r30, 0x20	; 32
    1be2:	fb 4f       	sbci	r31, 0xFB	; 251
    1be4:	65 91       	lpm	r22, Z+
    1be6:	74 91       	lpm	r23, Z
    1be8:	03 c0       	rjmp	.+6      	; 0x1bf0 <__vector_14+0x102>
    1bea:	be 01       	movw	r22, r28
    1bec:	6f 5f       	subi	r22, 0xFF	; 255
    1bee:	7f 4f       	sbci	r23, 0xFF	; 255
    1bf0:	80 91 11 24 	lds	r24, 0x2411	; 0x802411 <valueLCD>
    1bf4:	90 91 12 24 	lds	r25, 0x2412	; 0x802412 <valueLCD+0x1>
    1bf8:	0e 94 a1 1e 	call	0x3d42	; 0x3d42 <strcpy>
    1bfc:	c6 c5       	rjmp	.+2956   	; 0x278a <__vector_14+0xc9c>
    1bfe:	a0 91 13 24 	lds	r26, 0x2413	; 0x802413 <titleLCD>
    1c02:	b0 91 14 24 	lds	r27, 0x2414	; 0x802414 <titleLCD+0x1>
    1c06:	81 e1       	ldi	r24, 0x11	; 17
    1c08:	e8 e4       	ldi	r30, 0x48	; 72
    1c0a:	f8 e2       	ldi	r31, 0x28	; 40
    1c0c:	01 90       	ld	r0, Z+
    1c0e:	0d 92       	st	X+, r0
    1c10:	8a 95       	dec	r24
    1c12:	e1 f7       	brne	.-8      	; 0x1c0c <__vector_14+0x11e>
    1c14:	e0 91 6e 30 	lds	r30, 0x306E	; 0x80306e <operationMode>
    1c18:	f0 e0       	ldi	r31, 0x00	; 0
    1c1a:	ee 0f       	add	r30, r30
    1c1c:	ff 1f       	adc	r31, r31
    1c1e:	e0 52       	subi	r30, 0x20	; 32
    1c20:	fb 4f       	sbci	r31, 0xFB	; 251
    1c22:	65 91       	lpm	r22, Z+
    1c24:	74 91       	lpm	r23, Z
    1c26:	80 91 11 24 	lds	r24, 0x2411	; 0x802411 <valueLCD>
    1c2a:	90 91 12 24 	lds	r25, 0x2412	; 0x802412 <valueLCD+0x1>
    1c2e:	0e 94 a1 1e 	call	0x3d42	; 0x3d42 <strcpy>
    1c32:	ab c5       	rjmp	.+2902   	; 0x278a <__vector_14+0xc9c>
    1c34:	a0 91 13 24 	lds	r26, 0x2413	; 0x802413 <titleLCD>
    1c38:	b0 91 14 24 	lds	r27, 0x2414	; 0x802414 <titleLCD+0x1>
    1c3c:	81 e1       	ldi	r24, 0x11	; 17
    1c3e:	e9 e5       	ldi	r30, 0x59	; 89
    1c40:	f8 e2       	ldi	r31, 0x28	; 40
    1c42:	01 90       	ld	r0, Z+
    1c44:	0d 92       	st	X+, r0
    1c46:	8a 95       	dec	r24
    1c48:	e1 f7       	brne	.-8      	; 0x1c42 <__vector_14+0x154>
    1c4a:	80 91 10 24 	lds	r24, 0x2410	; 0x802410 <dmxAddress>
    1c4e:	1f 92       	push	r1
    1c50:	8f 93       	push	r24
    1c52:	8a e6       	ldi	r24, 0x6A	; 106
    1c54:	98 e2       	ldi	r25, 0x28	; 40
    1c56:	9f 93       	push	r25
    1c58:	8f 93       	push	r24
    1c5a:	1f 92       	push	r1
    1c5c:	80 e1       	ldi	r24, 0x10	; 16
    1c5e:	8f 93       	push	r24
    1c60:	80 91 12 24 	lds	r24, 0x2412	; 0x802412 <valueLCD+0x1>
    1c64:	8f 93       	push	r24
    1c66:	80 91 11 24 	lds	r24, 0x2411	; 0x802411 <valueLCD>
    1c6a:	8f 93       	push	r24
    1c6c:	0e 94 a8 1e 	call	0x3d50	; 0x3d50 <snprintf>
    1c70:	cd bf       	out	0x3d, r28	; 61
    1c72:	de bf       	out	0x3e, r29	; 62
    1c74:	8a c5       	rjmp	.+2836   	; 0x278a <__vector_14+0xc9c>
    1c76:	a0 91 13 24 	lds	r26, 0x2413	; 0x802413 <titleLCD>
    1c7a:	b0 91 14 24 	lds	r27, 0x2414	; 0x802414 <titleLCD+0x1>
    1c7e:	81 e1       	ldi	r24, 0x11	; 17
    1c80:	ec e7       	ldi	r30, 0x7C	; 124
    1c82:	f8 e2       	ldi	r31, 0x28	; 40
    1c84:	01 90       	ld	r0, Z+
    1c86:	0d 92       	st	X+, r0
    1c88:	8a 95       	dec	r24
    1c8a:	e1 f7       	brne	.-8      	; 0x1c84 <__vector_14+0x196>
    1c8c:	80 91 0d 24 	lds	r24, 0x240D	; 0x80240d <colorR1>
    1c90:	1f 92       	push	r1
    1c92:	8f 93       	push	r24
    1c94:	8a e6       	ldi	r24, 0x6A	; 106
    1c96:	98 e2       	ldi	r25, 0x28	; 40
    1c98:	9f 93       	push	r25
    1c9a:	8f 93       	push	r24
    1c9c:	1f 92       	push	r1
    1c9e:	80 e1       	ldi	r24, 0x10	; 16
    1ca0:	8f 93       	push	r24
    1ca2:	80 91 12 24 	lds	r24, 0x2412	; 0x802412 <valueLCD+0x1>
    1ca6:	8f 93       	push	r24
    1ca8:	80 91 11 24 	lds	r24, 0x2411	; 0x802411 <valueLCD>
    1cac:	8f 93       	push	r24
    1cae:	0e 94 a8 1e 	call	0x3d50	; 0x3d50 <snprintf>
    1cb2:	cd bf       	out	0x3d, r28	; 61
    1cb4:	de bf       	out	0x3e, r29	; 62
    1cb6:	69 c5       	rjmp	.+2770   	; 0x278a <__vector_14+0xc9c>
    1cb8:	a0 91 13 24 	lds	r26, 0x2413	; 0x802413 <titleLCD>
    1cbc:	b0 91 14 24 	lds	r27, 0x2414	; 0x802414 <titleLCD+0x1>
    1cc0:	81 e1       	ldi	r24, 0x11	; 17
    1cc2:	ed e8       	ldi	r30, 0x8D	; 141
    1cc4:	f8 e2       	ldi	r31, 0x28	; 40
    1cc6:	01 90       	ld	r0, Z+
    1cc8:	0d 92       	st	X+, r0
    1cca:	8a 95       	dec	r24
    1ccc:	e1 f7       	brne	.-8      	; 0x1cc6 <__vector_14+0x1d8>
    1cce:	80 91 0c 24 	lds	r24, 0x240C	; 0x80240c <colorG1>
    1cd2:	1f 92       	push	r1
    1cd4:	8f 93       	push	r24
    1cd6:	8a e6       	ldi	r24, 0x6A	; 106
    1cd8:	98 e2       	ldi	r25, 0x28	; 40
    1cda:	9f 93       	push	r25
    1cdc:	8f 93       	push	r24
    1cde:	1f 92       	push	r1
    1ce0:	80 e1       	ldi	r24, 0x10	; 16
    1ce2:	8f 93       	push	r24
    1ce4:	80 91 12 24 	lds	r24, 0x2412	; 0x802412 <valueLCD+0x1>
    1ce8:	8f 93       	push	r24
    1cea:	80 91 11 24 	lds	r24, 0x2411	; 0x802411 <valueLCD>
    1cee:	8f 93       	push	r24
    1cf0:	0e 94 a8 1e 	call	0x3d50	; 0x3d50 <snprintf>
    1cf4:	cd bf       	out	0x3d, r28	; 61
    1cf6:	de bf       	out	0x3e, r29	; 62
    1cf8:	48 c5       	rjmp	.+2704   	; 0x278a <__vector_14+0xc9c>
    1cfa:	a0 91 13 24 	lds	r26, 0x2413	; 0x802413 <titleLCD>
    1cfe:	b0 91 14 24 	lds	r27, 0x2414	; 0x802414 <titleLCD+0x1>
    1d02:	81 e1       	ldi	r24, 0x11	; 17
    1d04:	ee e9       	ldi	r30, 0x9E	; 158
    1d06:	f8 e2       	ldi	r31, 0x28	; 40
    1d08:	01 90       	ld	r0, Z+
    1d0a:	0d 92       	st	X+, r0
    1d0c:	8a 95       	dec	r24
    1d0e:	e1 f7       	brne	.-8      	; 0x1d08 <__vector_14+0x21a>
    1d10:	80 91 0b 24 	lds	r24, 0x240B	; 0x80240b <colorB1>
    1d14:	1f 92       	push	r1
    1d16:	8f 93       	push	r24
    1d18:	8a e6       	ldi	r24, 0x6A	; 106
    1d1a:	98 e2       	ldi	r25, 0x28	; 40
    1d1c:	9f 93       	push	r25
    1d1e:	8f 93       	push	r24
    1d20:	1f 92       	push	r1
    1d22:	80 e1       	ldi	r24, 0x10	; 16
    1d24:	8f 93       	push	r24
    1d26:	80 91 12 24 	lds	r24, 0x2412	; 0x802412 <valueLCD+0x1>
    1d2a:	8f 93       	push	r24
    1d2c:	80 91 11 24 	lds	r24, 0x2411	; 0x802411 <valueLCD>
    1d30:	8f 93       	push	r24
    1d32:	0e 94 a8 1e 	call	0x3d50	; 0x3d50 <snprintf>
    1d36:	cd bf       	out	0x3d, r28	; 61
    1d38:	de bf       	out	0x3e, r29	; 62
    1d3a:	27 c5       	rjmp	.+2638   	; 0x278a <__vector_14+0xc9c>
    1d3c:	a0 91 13 24 	lds	r26, 0x2413	; 0x802413 <titleLCD>
    1d40:	b0 91 14 24 	lds	r27, 0x2414	; 0x802414 <titleLCD+0x1>
    1d44:	81 e1       	ldi	r24, 0x11	; 17
    1d46:	ef ea       	ldi	r30, 0xAF	; 175
    1d48:	f8 e2       	ldi	r31, 0x28	; 40
    1d4a:	01 90       	ld	r0, Z+
    1d4c:	0d 92       	st	X+, r0
    1d4e:	8a 95       	dec	r24
    1d50:	e1 f7       	brne	.-8      	; 0x1d4a <__vector_14+0x25c>
    1d52:	80 91 0a 24 	lds	r24, 0x240A	; 0x80240a <colorR2>
    1d56:	1f 92       	push	r1
    1d58:	8f 93       	push	r24
    1d5a:	8a e6       	ldi	r24, 0x6A	; 106
    1d5c:	98 e2       	ldi	r25, 0x28	; 40
    1d5e:	9f 93       	push	r25
    1d60:	8f 93       	push	r24
    1d62:	1f 92       	push	r1
    1d64:	80 e1       	ldi	r24, 0x10	; 16
    1d66:	8f 93       	push	r24
    1d68:	80 91 12 24 	lds	r24, 0x2412	; 0x802412 <valueLCD+0x1>
    1d6c:	8f 93       	push	r24
    1d6e:	80 91 11 24 	lds	r24, 0x2411	; 0x802411 <valueLCD>
    1d72:	8f 93       	push	r24
    1d74:	0e 94 a8 1e 	call	0x3d50	; 0x3d50 <snprintf>
    1d78:	cd bf       	out	0x3d, r28	; 61
    1d7a:	de bf       	out	0x3e, r29	; 62
    1d7c:	06 c5       	rjmp	.+2572   	; 0x278a <__vector_14+0xc9c>
    1d7e:	a0 91 13 24 	lds	r26, 0x2413	; 0x802413 <titleLCD>
    1d82:	b0 91 14 24 	lds	r27, 0x2414	; 0x802414 <titleLCD+0x1>
    1d86:	81 e1       	ldi	r24, 0x11	; 17
    1d88:	e0 ec       	ldi	r30, 0xC0	; 192
    1d8a:	f8 e2       	ldi	r31, 0x28	; 40
    1d8c:	01 90       	ld	r0, Z+
    1d8e:	0d 92       	st	X+, r0
    1d90:	8a 95       	dec	r24
    1d92:	e1 f7       	brne	.-8      	; 0x1d8c <__vector_14+0x29e>
    1d94:	80 91 09 24 	lds	r24, 0x2409	; 0x802409 <colorG2>
    1d98:	1f 92       	push	r1
    1d9a:	8f 93       	push	r24
    1d9c:	8a e6       	ldi	r24, 0x6A	; 106
    1d9e:	98 e2       	ldi	r25, 0x28	; 40
    1da0:	9f 93       	push	r25
    1da2:	8f 93       	push	r24
    1da4:	1f 92       	push	r1
    1da6:	80 e1       	ldi	r24, 0x10	; 16
    1da8:	8f 93       	push	r24
    1daa:	80 91 12 24 	lds	r24, 0x2412	; 0x802412 <valueLCD+0x1>
    1dae:	8f 93       	push	r24
    1db0:	80 91 11 24 	lds	r24, 0x2411	; 0x802411 <valueLCD>
    1db4:	8f 93       	push	r24
    1db6:	0e 94 a8 1e 	call	0x3d50	; 0x3d50 <snprintf>
    1dba:	cd bf       	out	0x3d, r28	; 61
    1dbc:	de bf       	out	0x3e, r29	; 62
    1dbe:	e5 c4       	rjmp	.+2506   	; 0x278a <__vector_14+0xc9c>
    1dc0:	a0 91 13 24 	lds	r26, 0x2413	; 0x802413 <titleLCD>
    1dc4:	b0 91 14 24 	lds	r27, 0x2414	; 0x802414 <titleLCD+0x1>
    1dc8:	81 e1       	ldi	r24, 0x11	; 17
    1dca:	e1 ed       	ldi	r30, 0xD1	; 209
    1dcc:	f8 e2       	ldi	r31, 0x28	; 40
    1dce:	01 90       	ld	r0, Z+
    1dd0:	0d 92       	st	X+, r0
    1dd2:	8a 95       	dec	r24
    1dd4:	e1 f7       	brne	.-8      	; 0x1dce <__vector_14+0x2e0>
    1dd6:	80 91 08 24 	lds	r24, 0x2408	; 0x802408 <colorB2>
    1dda:	1f 92       	push	r1
    1ddc:	8f 93       	push	r24
    1dde:	8a e6       	ldi	r24, 0x6A	; 106
    1de0:	98 e2       	ldi	r25, 0x28	; 40
    1de2:	9f 93       	push	r25
    1de4:	8f 93       	push	r24
    1de6:	1f 92       	push	r1
    1de8:	80 e1       	ldi	r24, 0x10	; 16
    1dea:	8f 93       	push	r24
    1dec:	80 91 12 24 	lds	r24, 0x2412	; 0x802412 <valueLCD+0x1>
    1df0:	8f 93       	push	r24
    1df2:	80 91 11 24 	lds	r24, 0x2411	; 0x802411 <valueLCD>
    1df6:	8f 93       	push	r24
    1df8:	0e 94 a8 1e 	call	0x3d50	; 0x3d50 <snprintf>
    1dfc:	cd bf       	out	0x3d, r28	; 61
    1dfe:	de bf       	out	0x3e, r29	; 62
    1e00:	c4 c4       	rjmp	.+2440   	; 0x278a <__vector_14+0xc9c>
    1e02:	a0 91 13 24 	lds	r26, 0x2413	; 0x802413 <titleLCD>
    1e06:	b0 91 14 24 	lds	r27, 0x2414	; 0x802414 <titleLCD+0x1>
    1e0a:	81 e1       	ldi	r24, 0x11	; 17
    1e0c:	e2 ee       	ldi	r30, 0xE2	; 226
    1e0e:	f8 e2       	ldi	r31, 0x28	; 40
    1e10:	01 90       	ld	r0, Z+
    1e12:	0d 92       	st	X+, r0
    1e14:	8a 95       	dec	r24
    1e16:	e1 f7       	brne	.-8      	; 0x1e10 <__vector_14+0x322>
    1e18:	80 91 0e 24 	lds	r24, 0x240E	; 0x80240e <release>
    1e1c:	1f 92       	push	r1
    1e1e:	8f 93       	push	r24
    1e20:	8a e6       	ldi	r24, 0x6A	; 106
    1e22:	98 e2       	ldi	r25, 0x28	; 40
    1e24:	9f 93       	push	r25
    1e26:	8f 93       	push	r24
    1e28:	1f 92       	push	r1
    1e2a:	80 e1       	ldi	r24, 0x10	; 16
    1e2c:	8f 93       	push	r24
    1e2e:	80 91 12 24 	lds	r24, 0x2412	; 0x802412 <valueLCD+0x1>
    1e32:	8f 93       	push	r24
    1e34:	80 91 11 24 	lds	r24, 0x2411	; 0x802411 <valueLCD>
    1e38:	8f 93       	push	r24
    1e3a:	0e 94 a8 1e 	call	0x3d50	; 0x3d50 <snprintf>
    1e3e:	cd bf       	out	0x3d, r28	; 61
    1e40:	de bf       	out	0x3e, r29	; 62
    1e42:	a3 c4       	rjmp	.+2374   	; 0x278a <__vector_14+0xc9c>
    1e44:	80 91 0f 24 	lds	r24, 0x240F	; 0x80240f <animation>
    1e48:	90 e0       	ldi	r25, 0x00	; 0
    1e4a:	89 30       	cpi	r24, 0x09	; 9
    1e4c:	91 05       	cpc	r25, r1
    1e4e:	14 f0       	brlt	.+4      	; 0x1e54 <__vector_14+0x366>
    1e50:	88 e0       	ldi	r24, 0x08	; 8
    1e52:	90 e0       	ldi	r25, 0x00	; 0
    1e54:	80 93 0f 24 	sts	0x240F, r24	; 0x80240f <animation>
    1e58:	a0 91 13 24 	lds	r26, 0x2413	; 0x802413 <titleLCD>
    1e5c:	b0 91 14 24 	lds	r27, 0x2414	; 0x802414 <titleLCD+0x1>
    1e60:	81 e1       	ldi	r24, 0x11	; 17
    1e62:	e3 ef       	ldi	r30, 0xF3	; 243
    1e64:	f8 e2       	ldi	r31, 0x28	; 40
    1e66:	01 90       	ld	r0, Z+
    1e68:	0d 92       	st	X+, r0
    1e6a:	8a 95       	dec	r24
    1e6c:	e1 f7       	brne	.-8      	; 0x1e66 <__vector_14+0x378>
    1e6e:	e0 91 0f 24 	lds	r30, 0x240F	; 0x80240f <animation>
    1e72:	f0 e0       	ldi	r31, 0x00	; 0
    1e74:	ee 0f       	add	r30, r30
    1e76:	ff 1f       	adc	r31, r31
    1e78:	e6 50       	subi	r30, 0x06	; 6
    1e7a:	fb 4f       	sbci	r31, 0xFB	; 251
    1e7c:	65 91       	lpm	r22, Z+
    1e7e:	74 91       	lpm	r23, Z
    1e80:	80 91 11 24 	lds	r24, 0x2411	; 0x802411 <valueLCD>
    1e84:	90 91 12 24 	lds	r25, 0x2412	; 0x802412 <valueLCD+0x1>
    1e88:	0e 94 a1 1e 	call	0x3d42	; 0x3d42 <strcpy>
    1e8c:	7e c4       	rjmp	.+2300   	; 0x278a <__vector_14+0xc9c>
    1e8e:	a0 91 13 24 	lds	r26, 0x2413	; 0x802413 <titleLCD>
    1e92:	b0 91 14 24 	lds	r27, 0x2414	; 0x802414 <titleLCD+0x1>
    1e96:	81 e1       	ldi	r24, 0x11	; 17
    1e98:	e4 e0       	ldi	r30, 0x04	; 4
    1e9a:	f9 e2       	ldi	r31, 0x29	; 41
    1e9c:	01 90       	ld	r0, Z+
    1e9e:	0d 92       	st	X+, r0
    1ea0:	8a 95       	dec	r24
    1ea2:	e1 f7       	brne	.-8      	; 0x1e9c <__vector_14+0x3ae>
    1ea4:	e0 91 6d 30 	lds	r30, 0x306D	; 0x80306d <animationTrigger>
    1ea8:	f0 e0       	ldi	r31, 0x00	; 0
    1eaa:	ee 0f       	add	r30, r30
    1eac:	ff 1f       	adc	r31, r31
    1eae:	e4 51       	subi	r30, 0x14	; 20
    1eb0:	fb 4f       	sbci	r31, 0xFB	; 251
    1eb2:	65 91       	lpm	r22, Z+
    1eb4:	74 91       	lpm	r23, Z
    1eb6:	80 91 11 24 	lds	r24, 0x2411	; 0x802411 <valueLCD>
    1eba:	90 91 12 24 	lds	r25, 0x2412	; 0x802412 <valueLCD+0x1>
    1ebe:	0e 94 a1 1e 	call	0x3d42	; 0x3d42 <strcpy>
    1ec2:	63 c4       	rjmp	.+2246   	; 0x278a <__vector_14+0xc9c>
    1ec4:	a0 91 13 24 	lds	r26, 0x2413	; 0x802413 <titleLCD>
    1ec8:	b0 91 14 24 	lds	r27, 0x2414	; 0x802414 <titleLCD+0x1>
    1ecc:	81 e1       	ldi	r24, 0x11	; 17
    1ece:	e5 e1       	ldi	r30, 0x15	; 21
    1ed0:	f9 e2       	ldi	r31, 0x29	; 41
    1ed2:	01 90       	ld	r0, Z+
    1ed4:	0d 92       	st	X+, r0
    1ed6:	8a 95       	dec	r24
    1ed8:	e1 f7       	brne	.-8      	; 0x1ed2 <__vector_14+0x3e4>
    1eda:	e0 91 6c 30 	lds	r30, 0x306C	; 0x80306c <releaseCurve>
    1ede:	f0 e0       	ldi	r31, 0x00	; 0
    1ee0:	ee 0f       	add	r30, r30
    1ee2:	ff 1f       	adc	r31, r31
    1ee4:	ec 51       	subi	r30, 0x1C	; 28
    1ee6:	fb 4f       	sbci	r31, 0xFB	; 251
    1ee8:	65 91       	lpm	r22, Z+
    1eea:	74 91       	lpm	r23, Z
    1eec:	80 91 11 24 	lds	r24, 0x2411	; 0x802411 <valueLCD>
    1ef0:	90 91 12 24 	lds	r25, 0x2412	; 0x802412 <valueLCD+0x1>
    1ef4:	0e 94 a1 1e 	call	0x3d42	; 0x3d42 <strcpy>
    1ef8:	48 c4       	rjmp	.+2192   	; 0x278a <__vector_14+0xc9c>
    1efa:	a0 91 13 24 	lds	r26, 0x2413	; 0x802413 <titleLCD>
    1efe:	b0 91 14 24 	lds	r27, 0x2414	; 0x802414 <titleLCD+0x1>
    1f02:	81 e1       	ldi	r24, 0x11	; 17
    1f04:	e6 e2       	ldi	r30, 0x26	; 38
    1f06:	f9 e2       	ldi	r31, 0x29	; 41
    1f08:	01 90       	ld	r0, Z+
    1f0a:	0d 92       	st	X+, r0
    1f0c:	8a 95       	dec	r24
    1f0e:	e1 f7       	brne	.-8      	; 0x1f08 <__vector_14+0x41a>
    1f10:	80 91 07 24 	lds	r24, 0x2407	; 0x802407 <dimmer>
    1f14:	1f 92       	push	r1
    1f16:	8f 93       	push	r24
    1f18:	8a e6       	ldi	r24, 0x6A	; 106
    1f1a:	98 e2       	ldi	r25, 0x28	; 40
    1f1c:	9f 93       	push	r25
    1f1e:	8f 93       	push	r24
    1f20:	1f 92       	push	r1
    1f22:	80 e1       	ldi	r24, 0x10	; 16
    1f24:	8f 93       	push	r24
    1f26:	80 91 12 24 	lds	r24, 0x2412	; 0x802412 <valueLCD+0x1>
    1f2a:	8f 93       	push	r24
    1f2c:	80 91 11 24 	lds	r24, 0x2411	; 0x802411 <valueLCD>
    1f30:	8f 93       	push	r24
    1f32:	0e 94 a8 1e 	call	0x3d50	; 0x3d50 <snprintf>
    1f36:	cd bf       	out	0x3d, r28	; 61
    1f38:	de bf       	out	0x3e, r29	; 62
    1f3a:	27 c4       	rjmp	.+2126   	; 0x278a <__vector_14+0xc9c>
    1f3c:	a0 91 13 24 	lds	r26, 0x2413	; 0x802413 <titleLCD>
    1f40:	b0 91 14 24 	lds	r27, 0x2414	; 0x802414 <titleLCD+0x1>
    1f44:	81 e1       	ldi	r24, 0x11	; 17
    1f46:	e7 e3       	ldi	r30, 0x37	; 55
    1f48:	f9 e2       	ldi	r31, 0x29	; 41
    1f4a:	01 90       	ld	r0, Z+
    1f4c:	0d 92       	st	X+, r0
    1f4e:	8a 95       	dec	r24
    1f50:	e1 f7       	brne	.-8      	; 0x1f4a <__vector_14+0x45c>
    1f52:	80 91 06 24 	lds	r24, 0x2406	; 0x802406 <inputSens1>
    1f56:	1f 92       	push	r1
    1f58:	8f 93       	push	r24
    1f5a:	8a e6       	ldi	r24, 0x6A	; 106
    1f5c:	98 e2       	ldi	r25, 0x28	; 40
    1f5e:	9f 93       	push	r25
    1f60:	8f 93       	push	r24
    1f62:	1f 92       	push	r1
    1f64:	80 e1       	ldi	r24, 0x10	; 16
    1f66:	8f 93       	push	r24
    1f68:	80 91 12 24 	lds	r24, 0x2412	; 0x802412 <valueLCD+0x1>
    1f6c:	8f 93       	push	r24
    1f6e:	80 91 11 24 	lds	r24, 0x2411	; 0x802411 <valueLCD>
    1f72:	8f 93       	push	r24
    1f74:	0e 94 a8 1e 	call	0x3d50	; 0x3d50 <snprintf>
    1f78:	cd bf       	out	0x3d, r28	; 61
    1f7a:	de bf       	out	0x3e, r29	; 62
    1f7c:	06 c4       	rjmp	.+2060   	; 0x278a <__vector_14+0xc9c>
    1f7e:	a0 91 13 24 	lds	r26, 0x2413	; 0x802413 <titleLCD>
    1f82:	b0 91 14 24 	lds	r27, 0x2414	; 0x802414 <titleLCD+0x1>
    1f86:	81 e1       	ldi	r24, 0x11	; 17
    1f88:	e8 e4       	ldi	r30, 0x48	; 72
    1f8a:	f9 e2       	ldi	r31, 0x29	; 41
    1f8c:	01 90       	ld	r0, Z+
    1f8e:	0d 92       	st	X+, r0
    1f90:	8a 95       	dec	r24
    1f92:	e1 f7       	brne	.-8      	; 0x1f8c <__vector_14+0x49e>
    1f94:	80 91 05 24 	lds	r24, 0x2405	; 0x802405 <inputSens2>
    1f98:	1f 92       	push	r1
    1f9a:	8f 93       	push	r24
    1f9c:	8a e6       	ldi	r24, 0x6A	; 106
    1f9e:	98 e2       	ldi	r25, 0x28	; 40
    1fa0:	9f 93       	push	r25
    1fa2:	8f 93       	push	r24
    1fa4:	1f 92       	push	r1
    1fa6:	80 e1       	ldi	r24, 0x10	; 16
    1fa8:	8f 93       	push	r24
    1faa:	80 91 12 24 	lds	r24, 0x2412	; 0x802412 <valueLCD+0x1>
    1fae:	8f 93       	push	r24
    1fb0:	80 91 11 24 	lds	r24, 0x2411	; 0x802411 <valueLCD>
    1fb4:	8f 93       	push	r24
    1fb6:	0e 94 a8 1e 	call	0x3d50	; 0x3d50 <snprintf>
    1fba:	cd bf       	out	0x3d, r28	; 61
    1fbc:	de bf       	out	0x3e, r29	; 62
    1fbe:	e5 c3       	rjmp	.+1994   	; 0x278a <__vector_14+0xc9c>
    1fc0:	a0 91 13 24 	lds	r26, 0x2413	; 0x802413 <titleLCD>
    1fc4:	b0 91 14 24 	lds	r27, 0x2414	; 0x802414 <titleLCD+0x1>
    1fc8:	81 e1       	ldi	r24, 0x11	; 17
    1fca:	e9 e5       	ldi	r30, 0x59	; 89
    1fcc:	f9 e2       	ldi	r31, 0x29	; 41
    1fce:	01 90       	ld	r0, Z+
    1fd0:	0d 92       	st	X+, r0
    1fd2:	8a 95       	dec	r24
    1fd4:	e1 f7       	brne	.-8      	; 0x1fce <__vector_14+0x4e0>
    1fd6:	80 91 04 24 	lds	r24, 0x2404	; 0x802404 <inputSens3>
    1fda:	1f 92       	push	r1
    1fdc:	8f 93       	push	r24
    1fde:	8a e6       	ldi	r24, 0x6A	; 106
    1fe0:	98 e2       	ldi	r25, 0x28	; 40
    1fe2:	9f 93       	push	r25
    1fe4:	8f 93       	push	r24
    1fe6:	1f 92       	push	r1
    1fe8:	80 e1       	ldi	r24, 0x10	; 16
    1fea:	8f 93       	push	r24
    1fec:	80 91 12 24 	lds	r24, 0x2412	; 0x802412 <valueLCD+0x1>
    1ff0:	8f 93       	push	r24
    1ff2:	80 91 11 24 	lds	r24, 0x2411	; 0x802411 <valueLCD>
    1ff6:	8f 93       	push	r24
    1ff8:	0e 94 a8 1e 	call	0x3d50	; 0x3d50 <snprintf>
    1ffc:	cd bf       	out	0x3d, r28	; 61
    1ffe:	de bf       	out	0x3e, r29	; 62
    2000:	c4 c3       	rjmp	.+1928   	; 0x278a <__vector_14+0xc9c>
    2002:	a0 91 13 24 	lds	r26, 0x2413	; 0x802413 <titleLCD>
    2006:	b0 91 14 24 	lds	r27, 0x2414	; 0x802414 <titleLCD+0x1>
    200a:	81 e1       	ldi	r24, 0x11	; 17
    200c:	ea e6       	ldi	r30, 0x6A	; 106
    200e:	f9 e2       	ldi	r31, 0x29	; 41
    2010:	01 90       	ld	r0, Z+
    2012:	0d 92       	st	X+, r0
    2014:	8a 95       	dec	r24
    2016:	e1 f7       	brne	.-8      	; 0x2010 <__vector_14+0x522>
    2018:	80 91 03 24 	lds	r24, 0x2403	; 0x802403 <inputSens4>
    201c:	1f 92       	push	r1
    201e:	8f 93       	push	r24
    2020:	8a e6       	ldi	r24, 0x6A	; 106
    2022:	98 e2       	ldi	r25, 0x28	; 40
    2024:	9f 93       	push	r25
    2026:	8f 93       	push	r24
    2028:	1f 92       	push	r1
    202a:	80 e1       	ldi	r24, 0x10	; 16
    202c:	8f 93       	push	r24
    202e:	80 91 12 24 	lds	r24, 0x2412	; 0x802412 <valueLCD+0x1>
    2032:	8f 93       	push	r24
    2034:	80 91 11 24 	lds	r24, 0x2411	; 0x802411 <valueLCD>
    2038:	8f 93       	push	r24
    203a:	0e 94 a8 1e 	call	0x3d50	; 0x3d50 <snprintf>
    203e:	cd bf       	out	0x3d, r28	; 61
    2040:	de bf       	out	0x3e, r29	; 62
    2042:	a3 c3       	rjmp	.+1862   	; 0x278a <__vector_14+0xc9c>
    2044:	a0 91 13 24 	lds	r26, 0x2413	; 0x802413 <titleLCD>
    2048:	b0 91 14 24 	lds	r27, 0x2414	; 0x802414 <titleLCD+0x1>
    204c:	81 e1       	ldi	r24, 0x11	; 17
    204e:	eb e7       	ldi	r30, 0x7B	; 123
    2050:	f9 e2       	ldi	r31, 0x29	; 41
    2052:	01 90       	ld	r0, Z+
    2054:	0d 92       	st	X+, r0
    2056:	8a 95       	dec	r24
    2058:	e1 f7       	brne	.-8      	; 0x2052 <__vector_14+0x564>
    205a:	80 91 02 24 	lds	r24, 0x2402	; 0x802402 <inputSens5>
    205e:	1f 92       	push	r1
    2060:	8f 93       	push	r24
    2062:	8a e6       	ldi	r24, 0x6A	; 106
    2064:	98 e2       	ldi	r25, 0x28	; 40
    2066:	9f 93       	push	r25
    2068:	8f 93       	push	r24
    206a:	1f 92       	push	r1
    206c:	80 e1       	ldi	r24, 0x10	; 16
    206e:	8f 93       	push	r24
    2070:	80 91 12 24 	lds	r24, 0x2412	; 0x802412 <valueLCD+0x1>
    2074:	8f 93       	push	r24
    2076:	80 91 11 24 	lds	r24, 0x2411	; 0x802411 <valueLCD>
    207a:	8f 93       	push	r24
    207c:	0e 94 a8 1e 	call	0x3d50	; 0x3d50 <snprintf>
    2080:	cd bf       	out	0x3d, r28	; 61
    2082:	de bf       	out	0x3e, r29	; 62
    2084:	82 c3       	rjmp	.+1796   	; 0x278a <__vector_14+0xc9c>
    2086:	a0 91 13 24 	lds	r26, 0x2413	; 0x802413 <titleLCD>
    208a:	b0 91 14 24 	lds	r27, 0x2414	; 0x802414 <titleLCD+0x1>
    208e:	81 e1       	ldi	r24, 0x11	; 17
    2090:	ec e8       	ldi	r30, 0x8C	; 140
    2092:	f9 e2       	ldi	r31, 0x29	; 41
    2094:	01 90       	ld	r0, Z+
    2096:	0d 92       	st	X+, r0
    2098:	8a 95       	dec	r24
    209a:	e1 f7       	brne	.-8      	; 0x2094 <__vector_14+0x5a6>
    209c:	80 91 01 24 	lds	r24, 0x2401	; 0x802401 <inputSens6>
    20a0:	1f 92       	push	r1
    20a2:	8f 93       	push	r24
    20a4:	8a e6       	ldi	r24, 0x6A	; 106
    20a6:	98 e2       	ldi	r25, 0x28	; 40
    20a8:	9f 93       	push	r25
    20aa:	8f 93       	push	r24
    20ac:	1f 92       	push	r1
    20ae:	80 e1       	ldi	r24, 0x10	; 16
    20b0:	8f 93       	push	r24
    20b2:	80 91 12 24 	lds	r24, 0x2412	; 0x802412 <valueLCD+0x1>
    20b6:	8f 93       	push	r24
    20b8:	80 91 11 24 	lds	r24, 0x2411	; 0x802411 <valueLCD>
    20bc:	8f 93       	push	r24
    20be:	0e 94 a8 1e 	call	0x3d50	; 0x3d50 <snprintf>
    20c2:	cd bf       	out	0x3d, r28	; 61
    20c4:	de bf       	out	0x3e, r29	; 62
    20c6:	61 c3       	rjmp	.+1730   	; 0x278a <__vector_14+0xc9c>
    20c8:	a0 91 13 24 	lds	r26, 0x2413	; 0x802413 <titleLCD>
    20cc:	b0 91 14 24 	lds	r27, 0x2414	; 0x802414 <titleLCD+0x1>
    20d0:	81 e1       	ldi	r24, 0x11	; 17
    20d2:	ed e9       	ldi	r30, 0x9D	; 157
    20d4:	f9 e2       	ldi	r31, 0x29	; 41
    20d6:	01 90       	ld	r0, Z+
    20d8:	0d 92       	st	X+, r0
    20da:	8a 95       	dec	r24
    20dc:	e1 f7       	brne	.-8      	; 0x20d6 <__vector_14+0x5e8>
    20de:	80 91 00 24 	lds	r24, 0x2400	; 0x802400 <nbPixels1>
    20e2:	1f 92       	push	r1
    20e4:	8f 93       	push	r24
    20e6:	8a e6       	ldi	r24, 0x6A	; 106
    20e8:	98 e2       	ldi	r25, 0x28	; 40
    20ea:	9f 93       	push	r25
    20ec:	8f 93       	push	r24
    20ee:	1f 92       	push	r1
    20f0:	80 e1       	ldi	r24, 0x10	; 16
    20f2:	8f 93       	push	r24
    20f4:	80 91 12 24 	lds	r24, 0x2412	; 0x802412 <valueLCD+0x1>
    20f8:	8f 93       	push	r24
    20fa:	80 91 11 24 	lds	r24, 0x2411	; 0x802411 <valueLCD>
    20fe:	8f 93       	push	r24
    2100:	0e 94 a8 1e 	call	0x3d50	; 0x3d50 <snprintf>
    2104:	cd bf       	out	0x3d, r28	; 61
    2106:	de bf       	out	0x3e, r29	; 62
    2108:	40 c3       	rjmp	.+1664   	; 0x278a <__vector_14+0xc9c>
    210a:	a0 91 13 24 	lds	r26, 0x2413	; 0x802413 <titleLCD>
    210e:	b0 91 14 24 	lds	r27, 0x2414	; 0x802414 <titleLCD+0x1>
    2112:	81 e1       	ldi	r24, 0x11	; 17
    2114:	ee ea       	ldi	r30, 0xAE	; 174
    2116:	f9 e2       	ldi	r31, 0x29	; 41
    2118:	01 90       	ld	r0, Z+
    211a:	0d 92       	st	X+, r0
    211c:	8a 95       	dec	r24
    211e:	e1 f7       	brne	.-8      	; 0x2118 <__vector_14+0x62a>
    2120:	80 91 ff 23 	lds	r24, 0x23FF	; 0x8023ff <nbPixels2>
    2124:	1f 92       	push	r1
    2126:	8f 93       	push	r24
    2128:	8a e6       	ldi	r24, 0x6A	; 106
    212a:	98 e2       	ldi	r25, 0x28	; 40
    212c:	9f 93       	push	r25
    212e:	8f 93       	push	r24
    2130:	1f 92       	push	r1
    2132:	80 e1       	ldi	r24, 0x10	; 16
    2134:	8f 93       	push	r24
    2136:	80 91 12 24 	lds	r24, 0x2412	; 0x802412 <valueLCD+0x1>
    213a:	8f 93       	push	r24
    213c:	80 91 11 24 	lds	r24, 0x2411	; 0x802411 <valueLCD>
    2140:	8f 93       	push	r24
    2142:	0e 94 a8 1e 	call	0x3d50	; 0x3d50 <snprintf>
    2146:	cd bf       	out	0x3d, r28	; 61
    2148:	de bf       	out	0x3e, r29	; 62
    214a:	1f c3       	rjmp	.+1598   	; 0x278a <__vector_14+0xc9c>
    214c:	a0 91 13 24 	lds	r26, 0x2413	; 0x802413 <titleLCD>
    2150:	b0 91 14 24 	lds	r27, 0x2414	; 0x802414 <titleLCD+0x1>
    2154:	81 e1       	ldi	r24, 0x11	; 17
    2156:	ef eb       	ldi	r30, 0xBF	; 191
    2158:	f9 e2       	ldi	r31, 0x29	; 41
    215a:	01 90       	ld	r0, Z+
    215c:	0d 92       	st	X+, r0
    215e:	8a 95       	dec	r24
    2160:	e1 f7       	brne	.-8      	; 0x215a <__vector_14+0x66c>
    2162:	80 91 fe 23 	lds	r24, 0x23FE	; 0x8023fe <nbPixels3>
    2166:	1f 92       	push	r1
    2168:	8f 93       	push	r24
    216a:	8a e6       	ldi	r24, 0x6A	; 106
    216c:	98 e2       	ldi	r25, 0x28	; 40
    216e:	9f 93       	push	r25
    2170:	8f 93       	push	r24
    2172:	1f 92       	push	r1
    2174:	80 e1       	ldi	r24, 0x10	; 16
    2176:	8f 93       	push	r24
    2178:	80 91 12 24 	lds	r24, 0x2412	; 0x802412 <valueLCD+0x1>
    217c:	8f 93       	push	r24
    217e:	80 91 11 24 	lds	r24, 0x2411	; 0x802411 <valueLCD>
    2182:	8f 93       	push	r24
    2184:	0e 94 a8 1e 	call	0x3d50	; 0x3d50 <snprintf>
    2188:	cd bf       	out	0x3d, r28	; 61
    218a:	de bf       	out	0x3e, r29	; 62
    218c:	fe c2       	rjmp	.+1532   	; 0x278a <__vector_14+0xc9c>
    218e:	a0 91 13 24 	lds	r26, 0x2413	; 0x802413 <titleLCD>
    2192:	b0 91 14 24 	lds	r27, 0x2414	; 0x802414 <titleLCD+0x1>
    2196:	81 e1       	ldi	r24, 0x11	; 17
    2198:	e0 ed       	ldi	r30, 0xD0	; 208
    219a:	f9 e2       	ldi	r31, 0x29	; 41
    219c:	01 90       	ld	r0, Z+
    219e:	0d 92       	st	X+, r0
    21a0:	8a 95       	dec	r24
    21a2:	e1 f7       	brne	.-8      	; 0x219c <__vector_14+0x6ae>
    21a4:	80 91 fd 23 	lds	r24, 0x23FD	; 0x8023fd <nbPixels4>
    21a8:	1f 92       	push	r1
    21aa:	8f 93       	push	r24
    21ac:	8a e6       	ldi	r24, 0x6A	; 106
    21ae:	98 e2       	ldi	r25, 0x28	; 40
    21b0:	9f 93       	push	r25
    21b2:	8f 93       	push	r24
    21b4:	1f 92       	push	r1
    21b6:	80 e1       	ldi	r24, 0x10	; 16
    21b8:	8f 93       	push	r24
    21ba:	80 91 12 24 	lds	r24, 0x2412	; 0x802412 <valueLCD+0x1>
    21be:	8f 93       	push	r24
    21c0:	80 91 11 24 	lds	r24, 0x2411	; 0x802411 <valueLCD>
    21c4:	8f 93       	push	r24
    21c6:	0e 94 a8 1e 	call	0x3d50	; 0x3d50 <snprintf>
    21ca:	cd bf       	out	0x3d, r28	; 61
    21cc:	de bf       	out	0x3e, r29	; 62
    21ce:	dd c2       	rjmp	.+1466   	; 0x278a <__vector_14+0xc9c>
    21d0:	a0 91 13 24 	lds	r26, 0x2413	; 0x802413 <titleLCD>
    21d4:	b0 91 14 24 	lds	r27, 0x2414	; 0x802414 <titleLCD+0x1>
    21d8:	81 e1       	ldi	r24, 0x11	; 17
    21da:	e1 ee       	ldi	r30, 0xE1	; 225
    21dc:	f9 e2       	ldi	r31, 0x29	; 41
    21de:	01 90       	ld	r0, Z+
    21e0:	0d 92       	st	X+, r0
    21e2:	8a 95       	dec	r24
    21e4:	e1 f7       	brne	.-8      	; 0x21de <__vector_14+0x6f0>
    21e6:	80 91 fc 23 	lds	r24, 0x23FC	; 0x8023fc <nbPixels5>
    21ea:	1f 92       	push	r1
    21ec:	8f 93       	push	r24
    21ee:	8a e6       	ldi	r24, 0x6A	; 106
    21f0:	98 e2       	ldi	r25, 0x28	; 40
    21f2:	9f 93       	push	r25
    21f4:	8f 93       	push	r24
    21f6:	1f 92       	push	r1
    21f8:	80 e1       	ldi	r24, 0x10	; 16
    21fa:	8f 93       	push	r24
    21fc:	80 91 12 24 	lds	r24, 0x2412	; 0x802412 <valueLCD+0x1>
    2200:	8f 93       	push	r24
    2202:	80 91 11 24 	lds	r24, 0x2411	; 0x802411 <valueLCD>
    2206:	8f 93       	push	r24
    2208:	0e 94 a8 1e 	call	0x3d50	; 0x3d50 <snprintf>
    220c:	cd bf       	out	0x3d, r28	; 61
    220e:	de bf       	out	0x3e, r29	; 62
    2210:	bc c2       	rjmp	.+1400   	; 0x278a <__vector_14+0xc9c>
    2212:	a0 91 13 24 	lds	r26, 0x2413	; 0x802413 <titleLCD>
    2216:	b0 91 14 24 	lds	r27, 0x2414	; 0x802414 <titleLCD+0x1>
    221a:	81 e1       	ldi	r24, 0x11	; 17
    221c:	e2 ef       	ldi	r30, 0xF2	; 242
    221e:	f9 e2       	ldi	r31, 0x29	; 41
    2220:	01 90       	ld	r0, Z+
    2222:	0d 92       	st	X+, r0
    2224:	8a 95       	dec	r24
    2226:	e1 f7       	brne	.-8      	; 0x2220 <__vector_14+0x732>
    2228:	80 91 fb 23 	lds	r24, 0x23FB	; 0x8023fb <nbPixels6>
    222c:	1f 92       	push	r1
    222e:	8f 93       	push	r24
    2230:	8a e6       	ldi	r24, 0x6A	; 106
    2232:	98 e2       	ldi	r25, 0x28	; 40
    2234:	9f 93       	push	r25
    2236:	8f 93       	push	r24
    2238:	1f 92       	push	r1
    223a:	80 e1       	ldi	r24, 0x10	; 16
    223c:	8f 93       	push	r24
    223e:	80 91 12 24 	lds	r24, 0x2412	; 0x802412 <valueLCD+0x1>
    2242:	8f 93       	push	r24
    2244:	80 91 11 24 	lds	r24, 0x2411	; 0x802411 <valueLCD>
    2248:	8f 93       	push	r24
    224a:	0e 94 a8 1e 	call	0x3d50	; 0x3d50 <snprintf>
    224e:	cd bf       	out	0x3d, r28	; 61
    2250:	de bf       	out	0x3e, r29	; 62
    2252:	9b c2       	rjmp	.+1334   	; 0x278a <__vector_14+0xc9c>
    2254:	a0 91 13 24 	lds	r26, 0x2413	; 0x802413 <titleLCD>
    2258:	b0 91 14 24 	lds	r27, 0x2414	; 0x802414 <titleLCD+0x1>
    225c:	81 e1       	ldi	r24, 0x11	; 17
    225e:	e3 e0       	ldi	r30, 0x03	; 3
    2260:	fa e2       	ldi	r31, 0x2A	; 42
    2262:	01 90       	ld	r0, Z+
    2264:	0d 92       	st	X+, r0
    2266:	8a 95       	dec	r24
    2268:	e1 f7       	brne	.-8      	; 0x2262 <__vector_14+0x774>
    226a:	80 91 f8 23 	lds	r24, 0x23F8	; 0x8023f8 <midiNote1>
    226e:	1f 92       	push	r1
    2270:	8f 93       	push	r24
    2272:	8a e6       	ldi	r24, 0x6A	; 106
    2274:	98 e2       	ldi	r25, 0x28	; 40
    2276:	9f 93       	push	r25
    2278:	8f 93       	push	r24
    227a:	1f 92       	push	r1
    227c:	80 e1       	ldi	r24, 0x10	; 16
    227e:	8f 93       	push	r24
    2280:	80 91 12 24 	lds	r24, 0x2412	; 0x802412 <valueLCD+0x1>
    2284:	8f 93       	push	r24
    2286:	80 91 11 24 	lds	r24, 0x2411	; 0x802411 <valueLCD>
    228a:	8f 93       	push	r24
    228c:	0e 94 a8 1e 	call	0x3d50	; 0x3d50 <snprintf>
    2290:	cd bf       	out	0x3d, r28	; 61
    2292:	de bf       	out	0x3e, r29	; 62
    2294:	7a c2       	rjmp	.+1268   	; 0x278a <__vector_14+0xc9c>
    2296:	a0 91 13 24 	lds	r26, 0x2413	; 0x802413 <titleLCD>
    229a:	b0 91 14 24 	lds	r27, 0x2414	; 0x802414 <titleLCD+0x1>
    229e:	81 e1       	ldi	r24, 0x11	; 17
    22a0:	e4 e1       	ldi	r30, 0x14	; 20
    22a2:	fa e2       	ldi	r31, 0x2A	; 42
    22a4:	01 90       	ld	r0, Z+
    22a6:	0d 92       	st	X+, r0
    22a8:	8a 95       	dec	r24
    22aa:	e1 f7       	brne	.-8      	; 0x22a4 <__vector_14+0x7b6>
    22ac:	80 91 f7 23 	lds	r24, 0x23F7	; 0x8023f7 <midiNote2>
    22b0:	1f 92       	push	r1
    22b2:	8f 93       	push	r24
    22b4:	8a e6       	ldi	r24, 0x6A	; 106
    22b6:	98 e2       	ldi	r25, 0x28	; 40
    22b8:	9f 93       	push	r25
    22ba:	8f 93       	push	r24
    22bc:	1f 92       	push	r1
    22be:	80 e1       	ldi	r24, 0x10	; 16
    22c0:	8f 93       	push	r24
    22c2:	80 91 12 24 	lds	r24, 0x2412	; 0x802412 <valueLCD+0x1>
    22c6:	8f 93       	push	r24
    22c8:	80 91 11 24 	lds	r24, 0x2411	; 0x802411 <valueLCD>
    22cc:	8f 93       	push	r24
    22ce:	0e 94 a8 1e 	call	0x3d50	; 0x3d50 <snprintf>
    22d2:	cd bf       	out	0x3d, r28	; 61
    22d4:	de bf       	out	0x3e, r29	; 62
    22d6:	59 c2       	rjmp	.+1202   	; 0x278a <__vector_14+0xc9c>
    22d8:	a0 91 13 24 	lds	r26, 0x2413	; 0x802413 <titleLCD>
    22dc:	b0 91 14 24 	lds	r27, 0x2414	; 0x802414 <titleLCD+0x1>
    22e0:	81 e1       	ldi	r24, 0x11	; 17
    22e2:	e5 e2       	ldi	r30, 0x25	; 37
    22e4:	fa e2       	ldi	r31, 0x2A	; 42
    22e6:	01 90       	ld	r0, Z+
    22e8:	0d 92       	st	X+, r0
    22ea:	8a 95       	dec	r24
    22ec:	e1 f7       	brne	.-8      	; 0x22e6 <__vector_14+0x7f8>
    22ee:	80 91 f6 23 	lds	r24, 0x23F6	; 0x8023f6 <midiNote3>
    22f2:	1f 92       	push	r1
    22f4:	8f 93       	push	r24
    22f6:	8a e6       	ldi	r24, 0x6A	; 106
    22f8:	98 e2       	ldi	r25, 0x28	; 40
    22fa:	9f 93       	push	r25
    22fc:	8f 93       	push	r24
    22fe:	1f 92       	push	r1
    2300:	80 e1       	ldi	r24, 0x10	; 16
    2302:	8f 93       	push	r24
    2304:	80 91 12 24 	lds	r24, 0x2412	; 0x802412 <valueLCD+0x1>
    2308:	8f 93       	push	r24
    230a:	80 91 11 24 	lds	r24, 0x2411	; 0x802411 <valueLCD>
    230e:	8f 93       	push	r24
    2310:	0e 94 a8 1e 	call	0x3d50	; 0x3d50 <snprintf>
    2314:	cd bf       	out	0x3d, r28	; 61
    2316:	de bf       	out	0x3e, r29	; 62
    2318:	38 c2       	rjmp	.+1136   	; 0x278a <__vector_14+0xc9c>
    231a:	a0 91 13 24 	lds	r26, 0x2413	; 0x802413 <titleLCD>
    231e:	b0 91 14 24 	lds	r27, 0x2414	; 0x802414 <titleLCD+0x1>
    2322:	81 e1       	ldi	r24, 0x11	; 17
    2324:	e6 e3       	ldi	r30, 0x36	; 54
    2326:	fa e2       	ldi	r31, 0x2A	; 42
    2328:	01 90       	ld	r0, Z+
    232a:	0d 92       	st	X+, r0
    232c:	8a 95       	dec	r24
    232e:	e1 f7       	brne	.-8      	; 0x2328 <__vector_14+0x83a>
    2330:	80 91 f5 23 	lds	r24, 0x23F5	; 0x8023f5 <midiNote4>
    2334:	1f 92       	push	r1
    2336:	8f 93       	push	r24
    2338:	8a e6       	ldi	r24, 0x6A	; 106
    233a:	98 e2       	ldi	r25, 0x28	; 40
    233c:	9f 93       	push	r25
    233e:	8f 93       	push	r24
    2340:	1f 92       	push	r1
    2342:	80 e1       	ldi	r24, 0x10	; 16
    2344:	8f 93       	push	r24
    2346:	80 91 12 24 	lds	r24, 0x2412	; 0x802412 <valueLCD+0x1>
    234a:	8f 93       	push	r24
    234c:	80 91 11 24 	lds	r24, 0x2411	; 0x802411 <valueLCD>
    2350:	8f 93       	push	r24
    2352:	0e 94 a8 1e 	call	0x3d50	; 0x3d50 <snprintf>
    2356:	cd bf       	out	0x3d, r28	; 61
    2358:	de bf       	out	0x3e, r29	; 62
    235a:	17 c2       	rjmp	.+1070   	; 0x278a <__vector_14+0xc9c>
    235c:	a0 91 13 24 	lds	r26, 0x2413	; 0x802413 <titleLCD>
    2360:	b0 91 14 24 	lds	r27, 0x2414	; 0x802414 <titleLCD+0x1>
    2364:	81 e1       	ldi	r24, 0x11	; 17
    2366:	e7 e4       	ldi	r30, 0x47	; 71
    2368:	fa e2       	ldi	r31, 0x2A	; 42
    236a:	01 90       	ld	r0, Z+
    236c:	0d 92       	st	X+, r0
    236e:	8a 95       	dec	r24
    2370:	e1 f7       	brne	.-8      	; 0x236a <__vector_14+0x87c>
    2372:	80 91 f4 23 	lds	r24, 0x23F4	; 0x8023f4 <midiNote5>
    2376:	1f 92       	push	r1
    2378:	8f 93       	push	r24
    237a:	8a e6       	ldi	r24, 0x6A	; 106
    237c:	98 e2       	ldi	r25, 0x28	; 40
    237e:	9f 93       	push	r25
    2380:	8f 93       	push	r24
    2382:	1f 92       	push	r1
    2384:	80 e1       	ldi	r24, 0x10	; 16
    2386:	8f 93       	push	r24
    2388:	80 91 12 24 	lds	r24, 0x2412	; 0x802412 <valueLCD+0x1>
    238c:	8f 93       	push	r24
    238e:	80 91 11 24 	lds	r24, 0x2411	; 0x802411 <valueLCD>
    2392:	8f 93       	push	r24
    2394:	0e 94 a8 1e 	call	0x3d50	; 0x3d50 <snprintf>
    2398:	cd bf       	out	0x3d, r28	; 61
    239a:	de bf       	out	0x3e, r29	; 62
    239c:	f6 c1       	rjmp	.+1004   	; 0x278a <__vector_14+0xc9c>
    239e:	a0 91 13 24 	lds	r26, 0x2413	; 0x802413 <titleLCD>
    23a2:	b0 91 14 24 	lds	r27, 0x2414	; 0x802414 <titleLCD+0x1>
    23a6:	81 e1       	ldi	r24, 0x11	; 17
    23a8:	e8 e5       	ldi	r30, 0x58	; 88
    23aa:	fa e2       	ldi	r31, 0x2A	; 42
    23ac:	01 90       	ld	r0, Z+
    23ae:	0d 92       	st	X+, r0
    23b0:	8a 95       	dec	r24
    23b2:	e1 f7       	brne	.-8      	; 0x23ac <__vector_14+0x8be>
    23b4:	80 91 f3 23 	lds	r24, 0x23F3	; 0x8023f3 <midiNote6>
    23b8:	1f 92       	push	r1
    23ba:	8f 93       	push	r24
    23bc:	8a e6       	ldi	r24, 0x6A	; 106
    23be:	98 e2       	ldi	r25, 0x28	; 40
    23c0:	9f 93       	push	r25
    23c2:	8f 93       	push	r24
    23c4:	1f 92       	push	r1
    23c6:	80 e1       	ldi	r24, 0x10	; 16
    23c8:	8f 93       	push	r24
    23ca:	80 91 12 24 	lds	r24, 0x2412	; 0x802412 <valueLCD+0x1>
    23ce:	8f 93       	push	r24
    23d0:	80 91 11 24 	lds	r24, 0x2411	; 0x802411 <valueLCD>
    23d4:	8f 93       	push	r24
    23d6:	0e 94 a8 1e 	call	0x3d50	; 0x3d50 <snprintf>
    23da:	cd bf       	out	0x3d, r28	; 61
    23dc:	de bf       	out	0x3e, r29	; 62
    23de:	d5 c1       	rjmp	.+938    	; 0x278a <__vector_14+0xc9c>
    23e0:	a0 91 13 24 	lds	r26, 0x2413	; 0x802413 <titleLCD>
    23e4:	b0 91 14 24 	lds	r27, 0x2414	; 0x802414 <titleLCD+0x1>
    23e8:	81 e1       	ldi	r24, 0x11	; 17
    23ea:	e9 e6       	ldi	r30, 0x69	; 105
    23ec:	fa e2       	ldi	r31, 0x2A	; 42
    23ee:	01 90       	ld	r0, Z+
    23f0:	0d 92       	st	X+, r0
    23f2:	8a 95       	dec	r24
    23f4:	e1 f7       	brne	.-8      	; 0x23ee <__vector_14+0x900>
    23f6:	80 91 fa 23 	lds	r24, 0x23FA	; 0x8023fa <boxLight>
    23fa:	1f 92       	push	r1
    23fc:	8f 93       	push	r24
    23fe:	8a e7       	ldi	r24, 0x7A	; 122
    2400:	9a e2       	ldi	r25, 0x2A	; 42
    2402:	9f 93       	push	r25
    2404:	8f 93       	push	r24
    2406:	1f 92       	push	r1
    2408:	80 e1       	ldi	r24, 0x10	; 16
    240a:	8f 93       	push	r24
    240c:	80 91 12 24 	lds	r24, 0x2412	; 0x802412 <valueLCD+0x1>
    2410:	8f 93       	push	r24
    2412:	80 91 11 24 	lds	r24, 0x2411	; 0x802411 <valueLCD>
    2416:	8f 93       	push	r24
    2418:	0e 94 a8 1e 	call	0x3d50	; 0x3d50 <snprintf>
    241c:	cd bf       	out	0x3d, r28	; 61
    241e:	de bf       	out	0x3e, r29	; 62
    2420:	b4 c1       	rjmp	.+872    	; 0x278a <__vector_14+0xc9c>
    2422:	a0 91 13 24 	lds	r26, 0x2413	; 0x802413 <titleLCD>
    2426:	b0 91 14 24 	lds	r27, 0x2414	; 0x802414 <titleLCD+0x1>
    242a:	81 e1       	ldi	r24, 0x11	; 17
    242c:	ee e8       	ldi	r30, 0x8E	; 142
    242e:	fa e2       	ldi	r31, 0x2A	; 42
    2430:	01 90       	ld	r0, Z+
    2432:	0d 92       	st	X+, r0
    2434:	8a 95       	dec	r24
    2436:	e1 f7       	brne	.-8      	; 0x2430 <__vector_14+0x942>
    2438:	80 91 f9 23 	lds	r24, 0x23F9	; 0x8023f9 <lcdLight>
    243c:	1f 92       	push	r1
    243e:	8f 93       	push	r24
    2440:	8a e7       	ldi	r24, 0x7A	; 122
    2442:	9a e2       	ldi	r25, 0x2A	; 42
    2444:	9f 93       	push	r25
    2446:	8f 93       	push	r24
    2448:	1f 92       	push	r1
    244a:	80 e1       	ldi	r24, 0x10	; 16
    244c:	8f 93       	push	r24
    244e:	80 91 12 24 	lds	r24, 0x2412	; 0x802412 <valueLCD+0x1>
    2452:	8f 93       	push	r24
    2454:	80 91 11 24 	lds	r24, 0x2411	; 0x802411 <valueLCD>
    2458:	8f 93       	push	r24
    245a:	0e 94 a8 1e 	call	0x3d50	; 0x3d50 <snprintf>
    245e:	cd bf       	out	0x3d, r28	; 61
    2460:	de bf       	out	0x3e, r29	; 62
    2462:	93 c1       	rjmp	.+806    	; 0x278a <__vector_14+0xc9c>
    2464:	a0 91 13 24 	lds	r26, 0x2413	; 0x802413 <titleLCD>
    2468:	b0 91 14 24 	lds	r27, 0x2414	; 0x802414 <titleLCD+0x1>
    246c:	81 e1       	ldi	r24, 0x11	; 17
    246e:	ef e9       	ldi	r30, 0x9F	; 159
    2470:	fa e2       	ldi	r31, 0x2A	; 42
    2472:	01 90       	ld	r0, Z+
    2474:	0d 92       	st	X+, r0
    2476:	8a 95       	dec	r24
    2478:	e1 f7       	brne	.-8      	; 0x2472 <__vector_14+0x984>
    247a:	e4 e5       	ldi	r30, 0x54	; 84
    247c:	f0 e3       	ldi	r31, 0x30	; 48
    247e:	83 85       	ldd	r24, Z+11	; 0x0b
    2480:	8f 93       	push	r24
    2482:	82 85       	ldd	r24, Z+10	; 0x0a
    2484:	8f 93       	push	r24
    2486:	81 85       	ldd	r24, Z+9	; 0x09
    2488:	8f 93       	push	r24
    248a:	80 85       	ldd	r24, Z+8	; 0x08
    248c:	8f 93       	push	r24
    248e:	87 81       	ldd	r24, Z+7	; 0x07
    2490:	8f 93       	push	r24
    2492:	86 81       	ldd	r24, Z+6	; 0x06
    2494:	8f 93       	push	r24
    2496:	85 81       	ldd	r24, Z+5	; 0x05
    2498:	8f 93       	push	r24
    249a:	84 81       	ldd	r24, Z+4	; 0x04
    249c:	8f 93       	push	r24
    249e:	83 81       	ldd	r24, Z+3	; 0x03
    24a0:	8f 93       	push	r24
    24a2:	82 81       	ldd	r24, Z+2	; 0x02
    24a4:	8f 93       	push	r24
    24a6:	81 81       	ldd	r24, Z+1	; 0x01
    24a8:	8f 93       	push	r24
    24aa:	80 81       	ld	r24, Z
    24ac:	8f 93       	push	r24
    24ae:	80 eb       	ldi	r24, 0xB0	; 176
    24b0:	9a e2       	ldi	r25, 0x2A	; 42
    24b2:	9f 93       	push	r25
    24b4:	8f 93       	push	r24
    24b6:	1f 92       	push	r1
    24b8:	80 e1       	ldi	r24, 0x10	; 16
    24ba:	8f 93       	push	r24
    24bc:	80 91 12 24 	lds	r24, 0x2412	; 0x802412 <valueLCD+0x1>
    24c0:	8f 93       	push	r24
    24c2:	80 91 11 24 	lds	r24, 0x2411	; 0x802411 <valueLCD>
    24c6:	8f 93       	push	r24
    24c8:	0e 94 a8 1e 	call	0x3d50	; 0x3d50 <snprintf>
    24cc:	cd bf       	out	0x3d, r28	; 61
    24ce:	de bf       	out	0x3e, r29	; 62
    24d0:	5c c1       	rjmp	.+696    	; 0x278a <__vector_14+0xc9c>
    24d2:	a0 91 13 24 	lds	r26, 0x2413	; 0x802413 <titleLCD>
    24d6:	b0 91 14 24 	lds	r27, 0x2414	; 0x802414 <titleLCD+0x1>
    24da:	81 e1       	ldi	r24, 0x11	; 17
    24dc:	e1 ec       	ldi	r30, 0xC1	; 193
    24de:	fa e2       	ldi	r31, 0x2A	; 42
    24e0:	01 90       	ld	r0, Z+
    24e2:	0d 92       	st	X+, r0
    24e4:	8a 95       	dec	r24
    24e6:	e1 f7       	brne	.-8      	; 0x24e0 <__vector_14+0x9f2>
    24e8:	e4 e5       	ldi	r30, 0x54	; 84
    24ea:	f0 e3       	ldi	r31, 0x30	; 48
    24ec:	87 89       	ldd	r24, Z+23	; 0x17
    24ee:	8f 93       	push	r24
    24f0:	86 89       	ldd	r24, Z+22	; 0x16
    24f2:	8f 93       	push	r24
    24f4:	85 89       	ldd	r24, Z+21	; 0x15
    24f6:	8f 93       	push	r24
    24f8:	84 89       	ldd	r24, Z+20	; 0x14
    24fa:	8f 93       	push	r24
    24fc:	83 89       	ldd	r24, Z+19	; 0x13
    24fe:	8f 93       	push	r24
    2500:	82 89       	ldd	r24, Z+18	; 0x12
    2502:	8f 93       	push	r24
    2504:	81 89       	ldd	r24, Z+17	; 0x11
    2506:	8f 93       	push	r24
    2508:	80 89       	ldd	r24, Z+16	; 0x10
    250a:	8f 93       	push	r24
    250c:	87 85       	ldd	r24, Z+15	; 0x0f
    250e:	8f 93       	push	r24
    2510:	86 85       	ldd	r24, Z+14	; 0x0e
    2512:	8f 93       	push	r24
    2514:	85 85       	ldd	r24, Z+13	; 0x0d
    2516:	8f 93       	push	r24
    2518:	84 85       	ldd	r24, Z+12	; 0x0c
    251a:	8f 93       	push	r24
    251c:	80 eb       	ldi	r24, 0xB0	; 176
    251e:	9a e2       	ldi	r25, 0x2A	; 42
    2520:	9f 93       	push	r25
    2522:	8f 93       	push	r24
    2524:	1f 92       	push	r1
    2526:	80 e1       	ldi	r24, 0x10	; 16
    2528:	8f 93       	push	r24
    252a:	80 91 12 24 	lds	r24, 0x2412	; 0x802412 <valueLCD+0x1>
    252e:	8f 93       	push	r24
    2530:	80 91 11 24 	lds	r24, 0x2411	; 0x802411 <valueLCD>
    2534:	8f 93       	push	r24
    2536:	0e 94 a8 1e 	call	0x3d50	; 0x3d50 <snprintf>
    253a:	cd bf       	out	0x3d, r28	; 61
    253c:	de bf       	out	0x3e, r29	; 62
    253e:	25 c1       	rjmp	.+586    	; 0x278a <__vector_14+0xc9c>
    2540:	a0 91 13 24 	lds	r26, 0x2413	; 0x802413 <titleLCD>
    2544:	b0 91 14 24 	lds	r27, 0x2414	; 0x802414 <titleLCD+0x1>
    2548:	81 e1       	ldi	r24, 0x11	; 17
    254a:	e2 ed       	ldi	r30, 0xD2	; 210
    254c:	fa e2       	ldi	r31, 0x2A	; 42
    254e:	01 90       	ld	r0, Z+
    2550:	0d 92       	st	X+, r0
    2552:	8a 95       	dec	r24
    2554:	e1 f7       	brne	.-8      	; 0x254e <__vector_14+0xa60>
    2556:	67 e0       	ldi	r22, 0x07	; 7
    2558:	73 e2       	ldi	r23, 0x23	; 35
    255a:	80 91 11 24 	lds	r24, 0x2411	; 0x802411 <valueLCD>
    255e:	90 91 12 24 	lds	r25, 0x2412	; 0x802412 <valueLCD+0x1>
    2562:	0e 94 a1 1e 	call	0x3d42	; 0x3d42 <strcpy>
    2566:	11 c1       	rjmp	.+546    	; 0x278a <__vector_14+0xc9c>
    2568:	a0 91 13 24 	lds	r26, 0x2413	; 0x802413 <titleLCD>
    256c:	b0 91 14 24 	lds	r27, 0x2414	; 0x802414 <titleLCD+0x1>
    2570:	81 e1       	ldi	r24, 0x11	; 17
    2572:	e3 ee       	ldi	r30, 0xE3	; 227
    2574:	fa e2       	ldi	r31, 0x2A	; 42
    2576:	01 90       	ld	r0, Z+
    2578:	0d 92       	st	X+, r0
    257a:	8a 95       	dec	r24
    257c:	e1 f7       	brne	.-8      	; 0x2576 <__vector_14+0xa88>
    257e:	67 e0       	ldi	r22, 0x07	; 7
    2580:	73 e2       	ldi	r23, 0x23	; 35
    2582:	80 91 11 24 	lds	r24, 0x2411	; 0x802411 <valueLCD>
    2586:	90 91 12 24 	lds	r25, 0x2412	; 0x802412 <valueLCD+0x1>
    258a:	0e 94 a1 1e 	call	0x3d42	; 0x3d42 <strcpy>
    258e:	fd c0       	rjmp	.+506    	; 0x278a <__vector_14+0xc9c>
    2590:	a0 91 13 24 	lds	r26, 0x2413	; 0x802413 <titleLCD>
    2594:	b0 91 14 24 	lds	r27, 0x2414	; 0x802414 <titleLCD+0x1>
    2598:	81 e1       	ldi	r24, 0x11	; 17
    259a:	e4 ef       	ldi	r30, 0xF4	; 244
    259c:	fa e2       	ldi	r31, 0x2A	; 42
    259e:	01 90       	ld	r0, Z+
    25a0:	0d 92       	st	X+, r0
    25a2:	8a 95       	dec	r24
    25a4:	e1 f7       	brne	.-8      	; 0x259e <__vector_14+0xab0>
    25a6:	67 e0       	ldi	r22, 0x07	; 7
    25a8:	73 e2       	ldi	r23, 0x23	; 35
    25aa:	80 91 11 24 	lds	r24, 0x2411	; 0x802411 <valueLCD>
    25ae:	90 91 12 24 	lds	r25, 0x2412	; 0x802412 <valueLCD+0x1>
    25b2:	0e 94 a1 1e 	call	0x3d42	; 0x3d42 <strcpy>
    25b6:	e9 c0       	rjmp	.+466    	; 0x278a <__vector_14+0xc9c>
    25b8:	a0 91 13 24 	lds	r26, 0x2413	; 0x802413 <titleLCD>
    25bc:	b0 91 14 24 	lds	r27, 0x2414	; 0x802414 <titleLCD+0x1>
    25c0:	81 e1       	ldi	r24, 0x11	; 17
    25c2:	e5 e0       	ldi	r30, 0x05	; 5
    25c4:	fb e2       	ldi	r31, 0x2B	; 43
    25c6:	01 90       	ld	r0, Z+
    25c8:	0d 92       	st	X+, r0
    25ca:	8a 95       	dec	r24
    25cc:	e1 f7       	brne	.-8      	; 0x25c6 <__vector_14+0xad8>
    25ce:	67 e0       	ldi	r22, 0x07	; 7
    25d0:	73 e2       	ldi	r23, 0x23	; 35
    25d2:	80 91 11 24 	lds	r24, 0x2411	; 0x802411 <valueLCD>
    25d6:	90 91 12 24 	lds	r25, 0x2412	; 0x802412 <valueLCD+0x1>
    25da:	0e 94 a1 1e 	call	0x3d42	; 0x3d42 <strcpy>
    25de:	d5 c0       	rjmp	.+426    	; 0x278a <__vector_14+0xc9c>
    25e0:	a0 91 13 24 	lds	r26, 0x2413	; 0x802413 <titleLCD>
    25e4:	b0 91 14 24 	lds	r27, 0x2414	; 0x802414 <titleLCD+0x1>
    25e8:	81 e1       	ldi	r24, 0x11	; 17
    25ea:	e6 e1       	ldi	r30, 0x16	; 22
    25ec:	fb e2       	ldi	r31, 0x2B	; 43
    25ee:	01 90       	ld	r0, Z+
    25f0:	0d 92       	st	X+, r0
    25f2:	8a 95       	dec	r24
    25f4:	e1 f7       	brne	.-8      	; 0x25ee <__vector_14+0xb00>
    25f6:	67 e0       	ldi	r22, 0x07	; 7
    25f8:	73 e2       	ldi	r23, 0x23	; 35
    25fa:	80 91 11 24 	lds	r24, 0x2411	; 0x802411 <valueLCD>
    25fe:	90 91 12 24 	lds	r25, 0x2412	; 0x802412 <valueLCD+0x1>
    2602:	0e 94 a1 1e 	call	0x3d42	; 0x3d42 <strcpy>
    2606:	c1 c0       	rjmp	.+386    	; 0x278a <__vector_14+0xc9c>
    2608:	a0 91 13 24 	lds	r26, 0x2413	; 0x802413 <titleLCD>
    260c:	b0 91 14 24 	lds	r27, 0x2414	; 0x802414 <titleLCD+0x1>
    2610:	81 e1       	ldi	r24, 0x11	; 17
    2612:	e7 e2       	ldi	r30, 0x27	; 39
    2614:	fb e2       	ldi	r31, 0x2B	; 43
    2616:	01 90       	ld	r0, Z+
    2618:	0d 92       	st	X+, r0
    261a:	8a 95       	dec	r24
    261c:	e1 f7       	brne	.-8      	; 0x2616 <__vector_14+0xb28>
    261e:	67 e0       	ldi	r22, 0x07	; 7
    2620:	73 e2       	ldi	r23, 0x23	; 35
    2622:	80 91 11 24 	lds	r24, 0x2411	; 0x802411 <valueLCD>
    2626:	90 91 12 24 	lds	r25, 0x2412	; 0x802412 <valueLCD+0x1>
    262a:	0e 94 a1 1e 	call	0x3d42	; 0x3d42 <strcpy>
    262e:	ad c0       	rjmp	.+346    	; 0x278a <__vector_14+0xc9c>
    2630:	a0 91 13 24 	lds	r26, 0x2413	; 0x802413 <titleLCD>
    2634:	b0 91 14 24 	lds	r27, 0x2414	; 0x802414 <titleLCD+0x1>
    2638:	81 e1       	ldi	r24, 0x11	; 17
    263a:	e8 e3       	ldi	r30, 0x38	; 56
    263c:	fb e2       	ldi	r31, 0x2B	; 43
    263e:	01 90       	ld	r0, Z+
    2640:	0d 92       	st	X+, r0
    2642:	8a 95       	dec	r24
    2644:	e1 f7       	brne	.-8      	; 0x263e <__vector_14+0xb50>
    2646:	67 e0       	ldi	r22, 0x07	; 7
    2648:	73 e2       	ldi	r23, 0x23	; 35
    264a:	80 91 11 24 	lds	r24, 0x2411	; 0x802411 <valueLCD>
    264e:	90 91 12 24 	lds	r25, 0x2412	; 0x802412 <valueLCD+0x1>
    2652:	0e 94 a1 1e 	call	0x3d42	; 0x3d42 <strcpy>
    2656:	99 c0       	rjmp	.+306    	; 0x278a <__vector_14+0xc9c>
    2658:	a0 91 13 24 	lds	r26, 0x2413	; 0x802413 <titleLCD>
    265c:	b0 91 14 24 	lds	r27, 0x2414	; 0x802414 <titleLCD+0x1>
    2660:	81 e1       	ldi	r24, 0x11	; 17
    2662:	e7 e2       	ldi	r30, 0x27	; 39
    2664:	fb e2       	ldi	r31, 0x2B	; 43
    2666:	01 90       	ld	r0, Z+
    2668:	0d 92       	st	X+, r0
    266a:	8a 95       	dec	r24
    266c:	e1 f7       	brne	.-8      	; 0x2666 <__vector_14+0xb78>
    266e:	67 e0       	ldi	r22, 0x07	; 7
    2670:	73 e2       	ldi	r23, 0x23	; 35
    2672:	80 91 11 24 	lds	r24, 0x2411	; 0x802411 <valueLCD>
    2676:	90 91 12 24 	lds	r25, 0x2412	; 0x802412 <valueLCD+0x1>
    267a:	0e 94 a1 1e 	call	0x3d42	; 0x3d42 <strcpy>
    267e:	85 c0       	rjmp	.+266    	; 0x278a <__vector_14+0xc9c>
    2680:	a0 91 13 24 	lds	r26, 0x2413	; 0x802413 <titleLCD>
    2684:	b0 91 14 24 	lds	r27, 0x2414	; 0x802414 <titleLCD+0x1>
    2688:	81 e1       	ldi	r24, 0x11	; 17
    268a:	e6 e1       	ldi	r30, 0x16	; 22
    268c:	fb e2       	ldi	r31, 0x2B	; 43
    268e:	01 90       	ld	r0, Z+
    2690:	0d 92       	st	X+, r0
    2692:	8a 95       	dec	r24
    2694:	e1 f7       	brne	.-8      	; 0x268e <__vector_14+0xba0>
    2696:	67 e0       	ldi	r22, 0x07	; 7
    2698:	73 e2       	ldi	r23, 0x23	; 35
    269a:	80 91 11 24 	lds	r24, 0x2411	; 0x802411 <valueLCD>
    269e:	90 91 12 24 	lds	r25, 0x2412	; 0x802412 <valueLCD+0x1>
    26a2:	0e 94 a1 1e 	call	0x3d42	; 0x3d42 <strcpy>
    26a6:	71 c0       	rjmp	.+226    	; 0x278a <__vector_14+0xc9c>
    26a8:	a0 91 13 24 	lds	r26, 0x2413	; 0x802413 <titleLCD>
    26ac:	b0 91 14 24 	lds	r27, 0x2414	; 0x802414 <titleLCD+0x1>
    26b0:	80 e1       	ldi	r24, 0x10	; 16
    26b2:	e9 e4       	ldi	r30, 0x49	; 73
    26b4:	fb e2       	ldi	r31, 0x2B	; 43
    26b6:	01 90       	ld	r0, Z+
    26b8:	0d 92       	st	X+, r0
    26ba:	8a 95       	dec	r24
    26bc:	e1 f7       	brne	.-8      	; 0x26b6 <__vector_14+0xbc8>
    26be:	67 e0       	ldi	r22, 0x07	; 7
    26c0:	73 e2       	ldi	r23, 0x23	; 35
    26c2:	80 91 11 24 	lds	r24, 0x2411	; 0x802411 <valueLCD>
    26c6:	90 91 12 24 	lds	r25, 0x2412	; 0x802412 <valueLCD+0x1>
    26ca:	0e 94 a1 1e 	call	0x3d42	; 0x3d42 <strcpy>
    26ce:	5d c0       	rjmp	.+186    	; 0x278a <__vector_14+0xc9c>
    26d0:	a0 91 13 24 	lds	r26, 0x2413	; 0x802413 <titleLCD>
    26d4:	b0 91 14 24 	lds	r27, 0x2414	; 0x802414 <titleLCD+0x1>
    26d8:	80 e1       	ldi	r24, 0x10	; 16
    26da:	e9 e5       	ldi	r30, 0x59	; 89
    26dc:	fb e2       	ldi	r31, 0x2B	; 43
    26de:	01 90       	ld	r0, Z+
    26e0:	0d 92       	st	X+, r0
    26e2:	8a 95       	dec	r24
    26e4:	e1 f7       	brne	.-8      	; 0x26de <__vector_14+0xbf0>
    26e6:	67 e0       	ldi	r22, 0x07	; 7
    26e8:	73 e2       	ldi	r23, 0x23	; 35
    26ea:	80 91 11 24 	lds	r24, 0x2411	; 0x802411 <valueLCD>
    26ee:	90 91 12 24 	lds	r25, 0x2412	; 0x802412 <valueLCD+0x1>
    26f2:	0e 94 a1 1e 	call	0x3d42	; 0x3d42 <strcpy>
    26f6:	49 c0       	rjmp	.+146    	; 0x278a <__vector_14+0xc9c>
    26f8:	a0 91 13 24 	lds	r26, 0x2413	; 0x802413 <titleLCD>
    26fc:	b0 91 14 24 	lds	r27, 0x2414	; 0x802414 <titleLCD+0x1>
    2700:	81 e1       	ldi	r24, 0x11	; 17
    2702:	e9 e6       	ldi	r30, 0x69	; 105
    2704:	fb e2       	ldi	r31, 0x2B	; 43
    2706:	01 90       	ld	r0, Z+
    2708:	0d 92       	st	X+, r0
    270a:	8a 95       	dec	r24
    270c:	e1 f7       	brne	.-8      	; 0x2706 <__vector_14+0xc18>
    270e:	80 91 7a 30 	lds	r24, 0x307A	; 0x80307a <menuState>
    2712:	90 91 7b 30 	lds	r25, 0x307B	; 0x80307b <menuState+0x1>
    2716:	88 5c       	subi	r24, 0xC8	; 200
    2718:	91 09       	sbc	r25, r1
    271a:	9f 93       	push	r25
    271c:	8f 93       	push	r24
    271e:	8a e7       	ldi	r24, 0x7A	; 122
    2720:	9b e2       	ldi	r25, 0x2B	; 43
    2722:	9f 93       	push	r25
    2724:	8f 93       	push	r24
    2726:	1f 92       	push	r1
    2728:	80 e1       	ldi	r24, 0x10	; 16
    272a:	8f 93       	push	r24
    272c:	80 91 12 24 	lds	r24, 0x2412	; 0x802412 <valueLCD+0x1>
    2730:	8f 93       	push	r24
    2732:	80 91 11 24 	lds	r24, 0x2411	; 0x802411 <valueLCD>
    2736:	8f 93       	push	r24
    2738:	0e 94 a8 1e 	call	0x3d50	; 0x3d50 <snprintf>
    273c:	cd bf       	out	0x3d, r28	; 61
    273e:	de bf       	out	0x3e, r29	; 62
    2740:	24 c0       	rjmp	.+72     	; 0x278a <__vector_14+0xc9c>
    2742:	a0 91 13 24 	lds	r26, 0x2413	; 0x802413 <titleLCD>
    2746:	b0 91 14 24 	lds	r27, 0x2414	; 0x802414 <titleLCD+0x1>
    274a:	81 e1       	ldi	r24, 0x11	; 17
    274c:	ec e8       	ldi	r30, 0x8C	; 140
    274e:	fb e2       	ldi	r31, 0x2B	; 43
    2750:	01 90       	ld	r0, Z+
    2752:	0d 92       	st	X+, r0
    2754:	8a 95       	dec	r24
    2756:	e1 f7       	brne	.-8      	; 0x2750 <__vector_14+0xc62>
    2758:	80 91 7a 30 	lds	r24, 0x307A	; 0x80307a <menuState>
    275c:	90 91 7b 30 	lds	r25, 0x307B	; 0x80307b <menuState+0x1>
    2760:	8c 52       	subi	r24, 0x2C	; 44
    2762:	91 40       	sbci	r25, 0x01	; 1
    2764:	9f 93       	push	r25
    2766:	8f 93       	push	r24
    2768:	8a e7       	ldi	r24, 0x7A	; 122
    276a:	9b e2       	ldi	r25, 0x2B	; 43
    276c:	9f 93       	push	r25
    276e:	8f 93       	push	r24
    2770:	1f 92       	push	r1
    2772:	80 e1       	ldi	r24, 0x10	; 16
    2774:	8f 93       	push	r24
    2776:	80 91 12 24 	lds	r24, 0x2412	; 0x802412 <valueLCD+0x1>
    277a:	8f 93       	push	r24
    277c:	80 91 11 24 	lds	r24, 0x2411	; 0x802411 <valueLCD>
    2780:	8f 93       	push	r24
    2782:	0e 94 a8 1e 	call	0x3d50	; 0x3d50 <snprintf>
    2786:	cd bf       	out	0x3d, r28	; 61
    2788:	de bf       	out	0x3e, r29	; 62
    278a:	60 e0       	ldi	r22, 0x00	; 0
    278c:	80 e0       	ldi	r24, 0x00	; 0
    278e:	0e 94 e9 08 	call	0x11d2	; 0x11d2 <i2c_lcd_set_cursor>
    2792:	80 91 13 24 	lds	r24, 0x2413	; 0x802413 <titleLCD>
    2796:	90 91 14 24 	lds	r25, 0x2414	; 0x802414 <titleLCD+0x1>
    279a:	0e 94 11 09 	call	0x1222	; 0x1222 <i2c_lcd_write_text>
    279e:	61 e0       	ldi	r22, 0x01	; 1
    27a0:	80 e0       	ldi	r24, 0x00	; 0
    27a2:	0e 94 e9 08 	call	0x11d2	; 0x11d2 <i2c_lcd_set_cursor>
    27a6:	80 91 11 24 	lds	r24, 0x2411	; 0x802411 <valueLCD>
    27aa:	90 91 12 24 	lds	r25, 0x2412	; 0x802412 <valueLCD+0x1>
    27ae:	0e 94 11 09 	call	0x1222	; 0x1222 <i2c_lcd_write_text>
    27b2:	0d c0       	rjmp	.+26     	; 0x27ce <__vector_14+0xce0>
    27b4:	80 91 15 24 	lds	r24, 0x2415	; 0x802415 <menuLastState>
    27b8:	90 91 16 24 	lds	r25, 0x2416	; 0x802416 <menuLastState+0x1>
    27bc:	e0 91 7a 30 	lds	r30, 0x307A	; 0x80307a <menuState>
    27c0:	f0 91 7b 30 	lds	r31, 0x307B	; 0x80307b <menuState+0x1>
    27c4:	8e 17       	cp	r24, r30
    27c6:	9f 07       	cpc	r25, r31
    27c8:	09 f0       	breq	.+2      	; 0x27cc <__vector_14+0xcde>
    27ca:	d1 c9       	rjmp	.-3166   	; 0x1b6e <__vector_14+0x80>
    27cc:	c8 c9       	rjmp	.-3184   	; 0x1b5e <__vector_14+0x70>
    27ce:	60 96       	adiw	r28, 0x10	; 16
    27d0:	cd bf       	out	0x3d, r28	; 61
    27d2:	de bf       	out	0x3e, r29	; 62
    27d4:	df 91       	pop	r29
    27d6:	cf 91       	pop	r28
    27d8:	ff 91       	pop	r31
    27da:	ef 91       	pop	r30
    27dc:	bf 91       	pop	r27
    27de:	af 91       	pop	r26
    27e0:	9f 91       	pop	r25
    27e2:	8f 91       	pop	r24
    27e4:	7f 91       	pop	r23
    27e6:	6f 91       	pop	r22
    27e8:	5f 91       	pop	r21
    27ea:	4f 91       	pop	r20
    27ec:	3f 91       	pop	r19
    27ee:	2f 91       	pop	r18
    27f0:	0f 90       	pop	r0
    27f2:	0b be       	out	0x3b, r0	; 59
    27f4:	0f 90       	pop	r0
    27f6:	0f be       	out	0x3f, r0	; 63
    27f8:	0f 90       	pop	r0
    27fa:	1f 90       	pop	r1
    27fc:	18 95       	reti

000027fe <WriteConfigToNVM>:
    27fe:	e2 ea       	ldi	r30, 0xA2	; 162
    2800:	f0 e3       	ldi	r31, 0x30	; 48
    2802:	80 91 6e 30 	lds	r24, 0x306E	; 0x80306e <operationMode>
    2806:	81 83       	std	Z+1, r24	; 0x01
    2808:	80 91 10 24 	lds	r24, 0x2410	; 0x802410 <dmxAddress>
    280c:	82 83       	std	Z+2, r24	; 0x02
    280e:	80 91 0d 24 	lds	r24, 0x240D	; 0x80240d <colorR1>
    2812:	83 83       	std	Z+3, r24	; 0x03
    2814:	80 91 0c 24 	lds	r24, 0x240C	; 0x80240c <colorG1>
    2818:	84 83       	std	Z+4, r24	; 0x04
    281a:	80 91 0b 24 	lds	r24, 0x240B	; 0x80240b <colorB1>
    281e:	85 83       	std	Z+5, r24	; 0x05
    2820:	80 91 0a 24 	lds	r24, 0x240A	; 0x80240a <colorR2>
    2824:	86 83       	std	Z+6, r24	; 0x06
    2826:	80 91 09 24 	lds	r24, 0x2409	; 0x802409 <colorG2>
    282a:	87 83       	std	Z+7, r24	; 0x07
    282c:	80 91 08 24 	lds	r24, 0x2408	; 0x802408 <colorB2>
    2830:	80 87       	std	Z+8, r24	; 0x08
    2832:	80 91 0e 24 	lds	r24, 0x240E	; 0x80240e <release>
    2836:	82 87       	std	Z+10, r24	; 0x0a
    2838:	80 91 6c 30 	lds	r24, 0x306C	; 0x80306c <releaseCurve>
    283c:	85 87       	std	Z+13, r24	; 0x0d
    283e:	80 91 07 24 	lds	r24, 0x2407	; 0x802407 <dimmer>
    2842:	81 87       	std	Z+9, r24	; 0x09
    2844:	80 91 06 24 	lds	r24, 0x2406	; 0x802406 <inputSens1>
    2848:	86 87       	std	Z+14, r24	; 0x0e
    284a:	80 91 05 24 	lds	r24, 0x2405	; 0x802405 <inputSens2>
    284e:	87 87       	std	Z+15, r24	; 0x0f
    2850:	80 91 04 24 	lds	r24, 0x2404	; 0x802404 <inputSens3>
    2854:	80 8b       	std	Z+16, r24	; 0x10
    2856:	80 91 03 24 	lds	r24, 0x2403	; 0x802403 <inputSens4>
    285a:	81 8b       	std	Z+17, r24	; 0x11
    285c:	80 91 02 24 	lds	r24, 0x2402	; 0x802402 <inputSens5>
    2860:	82 8b       	std	Z+18, r24	; 0x12
    2862:	80 91 01 24 	lds	r24, 0x2401	; 0x802401 <inputSens6>
    2866:	83 8b       	std	Z+19, r24	; 0x13
    2868:	80 91 00 24 	lds	r24, 0x2400	; 0x802400 <nbPixels1>
    286c:	84 8b       	std	Z+20, r24	; 0x14
    286e:	80 91 ff 23 	lds	r24, 0x23FF	; 0x8023ff <nbPixels2>
    2872:	85 8b       	std	Z+21, r24	; 0x15
    2874:	80 91 fe 23 	lds	r24, 0x23FE	; 0x8023fe <nbPixels3>
    2878:	86 8b       	std	Z+22, r24	; 0x16
    287a:	80 91 fd 23 	lds	r24, 0x23FD	; 0x8023fd <nbPixels4>
    287e:	87 8b       	std	Z+23, r24	; 0x17
    2880:	80 91 fc 23 	lds	r24, 0x23FC	; 0x8023fc <nbPixels5>
    2884:	80 8f       	std	Z+24, r24	; 0x18
    2886:	80 91 fb 23 	lds	r24, 0x23FB	; 0x8023fb <nbPixels6>
    288a:	81 8f       	std	Z+25, r24	; 0x19
    288c:	80 91 0f 24 	lds	r24, 0x240F	; 0x80240f <animation>
    2890:	83 87       	std	Z+11, r24	; 0x0b
    2892:	80 91 6d 30 	lds	r24, 0x306D	; 0x80306d <animationTrigger>
    2896:	84 87       	std	Z+12, r24	; 0x0c
    2898:	80 91 f8 23 	lds	r24, 0x23F8	; 0x8023f8 <midiNote1>
    289c:	82 8f       	std	Z+26, r24	; 0x1a
    289e:	80 91 f7 23 	lds	r24, 0x23F7	; 0x8023f7 <midiNote2>
    28a2:	83 8f       	std	Z+27, r24	; 0x1b
    28a4:	80 91 f6 23 	lds	r24, 0x23F6	; 0x8023f6 <midiNote3>
    28a8:	84 8f       	std	Z+28, r24	; 0x1c
    28aa:	80 91 f5 23 	lds	r24, 0x23F5	; 0x8023f5 <midiNote4>
    28ae:	85 8f       	std	Z+29, r24	; 0x1d
    28b0:	80 91 f4 23 	lds	r24, 0x23F4	; 0x8023f4 <midiNote5>
    28b4:	86 8f       	std	Z+30, r24	; 0x1e
    28b6:	80 91 f3 23 	lds	r24, 0x23F3	; 0x8023f3 <midiNote6>
    28ba:	87 8f       	std	Z+31, r24	; 0x1f
    28bc:	cf 01       	movw	r24, r30
    28be:	9e d7       	rcall	.+3900   	; 0x37fc <nvm_eeprom_load_page_to_buffer>
    28c0:	80 e0       	ldi	r24, 0x00	; 0
    28c2:	b2 c7       	rjmp	.+3940   	; 0x3828 <nvm_eeprom_atomic_write_page>
    28c4:	08 95       	ret

000028c6 <ReadConfigFromNVM>:
    28c6:	40 e2       	ldi	r20, 0x20	; 32
    28c8:	50 e0       	ldi	r21, 0x00	; 0
    28ca:	62 e8       	ldi	r22, 0x82	; 130
    28cc:	70 e3       	ldi	r23, 0x30	; 48
    28ce:	80 e0       	ldi	r24, 0x00	; 0
    28d0:	90 e0       	ldi	r25, 0x00	; 0
    28d2:	6a d7       	rcall	.+3796   	; 0x37a8 <nvm_eeprom_read_buffer>
    28d4:	80 91 83 30 	lds	r24, 0x3083	; 0x803083 <read_page+0x1>
    28d8:	8f 3f       	cpi	r24, 0xFF	; 255
    28da:	11 f0       	breq	.+4      	; 0x28e0 <ReadConfigFromNVM+0x1a>
    28dc:	80 93 6e 30 	sts	0x306E, r24	; 0x80306e <operationMode>
    28e0:	80 91 84 30 	lds	r24, 0x3084	; 0x803084 <read_page+0x2>
    28e4:	8f 3f       	cpi	r24, 0xFF	; 255
    28e6:	11 f0       	breq	.+4      	; 0x28ec <ReadConfigFromNVM+0x26>
    28e8:	80 93 10 24 	sts	0x2410, r24	; 0x802410 <dmxAddress>
    28ec:	80 91 85 30 	lds	r24, 0x3085	; 0x803085 <read_page+0x3>
    28f0:	8f 3f       	cpi	r24, 0xFF	; 255
    28f2:	11 f0       	breq	.+4      	; 0x28f8 <ReadConfigFromNVM+0x32>
    28f4:	80 93 0d 24 	sts	0x240D, r24	; 0x80240d <colorR1>
    28f8:	80 91 86 30 	lds	r24, 0x3086	; 0x803086 <read_page+0x4>
    28fc:	8f 3f       	cpi	r24, 0xFF	; 255
    28fe:	11 f0       	breq	.+4      	; 0x2904 <ReadConfigFromNVM+0x3e>
    2900:	80 93 0c 24 	sts	0x240C, r24	; 0x80240c <colorG1>
    2904:	80 91 87 30 	lds	r24, 0x3087	; 0x803087 <read_page+0x5>
    2908:	8f 3f       	cpi	r24, 0xFF	; 255
    290a:	11 f0       	breq	.+4      	; 0x2910 <ReadConfigFromNVM+0x4a>
    290c:	80 93 0b 24 	sts	0x240B, r24	; 0x80240b <colorB1>
    2910:	80 91 88 30 	lds	r24, 0x3088	; 0x803088 <read_page+0x6>
    2914:	8f 3f       	cpi	r24, 0xFF	; 255
    2916:	11 f0       	breq	.+4      	; 0x291c <ReadConfigFromNVM+0x56>
    2918:	80 93 0a 24 	sts	0x240A, r24	; 0x80240a <colorR2>
    291c:	80 91 89 30 	lds	r24, 0x3089	; 0x803089 <read_page+0x7>
    2920:	8f 3f       	cpi	r24, 0xFF	; 255
    2922:	11 f0       	breq	.+4      	; 0x2928 <ReadConfigFromNVM+0x62>
    2924:	80 93 09 24 	sts	0x2409, r24	; 0x802409 <colorG2>
    2928:	80 91 8a 30 	lds	r24, 0x308A	; 0x80308a <read_page+0x8>
    292c:	8f 3f       	cpi	r24, 0xFF	; 255
    292e:	11 f0       	breq	.+4      	; 0x2934 <ReadConfigFromNVM+0x6e>
    2930:	80 93 08 24 	sts	0x2408, r24	; 0x802408 <colorB2>
    2934:	80 91 8c 30 	lds	r24, 0x308C	; 0x80308c <read_page+0xa>
    2938:	8f 3f       	cpi	r24, 0xFF	; 255
    293a:	11 f0       	breq	.+4      	; 0x2940 <ReadConfigFromNVM+0x7a>
    293c:	80 93 0e 24 	sts	0x240E, r24	; 0x80240e <release>
    2940:	80 91 8e 30 	lds	r24, 0x308E	; 0x80308e <read_page+0xc>
    2944:	8f 3f       	cpi	r24, 0xFF	; 255
    2946:	11 f0       	breq	.+4      	; 0x294c <ReadConfigFromNVM+0x86>
    2948:	80 93 6d 30 	sts	0x306D, r24	; 0x80306d <animationTrigger>
    294c:	80 91 8d 30 	lds	r24, 0x308D	; 0x80308d <read_page+0xb>
    2950:	8f 3f       	cpi	r24, 0xFF	; 255
    2952:	11 f0       	breq	.+4      	; 0x2958 <ReadConfigFromNVM+0x92>
    2954:	80 93 0f 24 	sts	0x240F, r24	; 0x80240f <animation>
    2958:	80 91 8f 30 	lds	r24, 0x308F	; 0x80308f <read_page+0xd>
    295c:	8f 3f       	cpi	r24, 0xFF	; 255
    295e:	11 f0       	breq	.+4      	; 0x2964 <ReadConfigFromNVM+0x9e>
    2960:	80 93 6c 30 	sts	0x306C, r24	; 0x80306c <releaseCurve>
    2964:	80 91 8b 30 	lds	r24, 0x308B	; 0x80308b <read_page+0x9>
    2968:	8f 3f       	cpi	r24, 0xFF	; 255
    296a:	11 f0       	breq	.+4      	; 0x2970 <ReadConfigFromNVM+0xaa>
    296c:	80 93 07 24 	sts	0x2407, r24	; 0x802407 <dimmer>
    2970:	80 91 90 30 	lds	r24, 0x3090	; 0x803090 <read_page+0xe>
    2974:	8f 3f       	cpi	r24, 0xFF	; 255
    2976:	11 f0       	breq	.+4      	; 0x297c <ReadConfigFromNVM+0xb6>
    2978:	80 93 06 24 	sts	0x2406, r24	; 0x802406 <inputSens1>
    297c:	90 91 91 30 	lds	r25, 0x3091	; 0x803091 <read_page+0xf>
    2980:	9f 3f       	cpi	r25, 0xFF	; 255
    2982:	11 f0       	breq	.+4      	; 0x2988 <ReadConfigFromNVM+0xc2>
    2984:	90 93 05 24 	sts	0x2405, r25	; 0x802405 <inputSens2>
    2988:	90 91 92 30 	lds	r25, 0x3092	; 0x803092 <read_page+0x10>
    298c:	9f 3f       	cpi	r25, 0xFF	; 255
    298e:	11 f0       	breq	.+4      	; 0x2994 <ReadConfigFromNVM+0xce>
    2990:	90 93 04 24 	sts	0x2404, r25	; 0x802404 <inputSens3>
    2994:	90 91 93 30 	lds	r25, 0x3093	; 0x803093 <read_page+0x11>
    2998:	9f 3f       	cpi	r25, 0xFF	; 255
    299a:	11 f0       	breq	.+4      	; 0x29a0 <ReadConfigFromNVM+0xda>
    299c:	90 93 03 24 	sts	0x2403, r25	; 0x802403 <inputSens4>
    29a0:	90 91 94 30 	lds	r25, 0x3094	; 0x803094 <read_page+0x12>
    29a4:	9f 3f       	cpi	r25, 0xFF	; 255
    29a6:	11 f0       	breq	.+4      	; 0x29ac <ReadConfigFromNVM+0xe6>
    29a8:	90 93 02 24 	sts	0x2402, r25	; 0x802402 <inputSens5>
    29ac:	8f 3f       	cpi	r24, 0xFF	; 255
    29ae:	21 f0       	breq	.+8      	; 0x29b8 <ReadConfigFromNVM+0xf2>
    29b0:	80 91 95 30 	lds	r24, 0x3095	; 0x803095 <read_page+0x13>
    29b4:	80 93 01 24 	sts	0x2401, r24	; 0x802401 <inputSens6>
    29b8:	80 91 96 30 	lds	r24, 0x3096	; 0x803096 <read_page+0x14>
    29bc:	8f 3f       	cpi	r24, 0xFF	; 255
    29be:	11 f0       	breq	.+4      	; 0x29c4 <ReadConfigFromNVM+0xfe>
    29c0:	80 93 00 24 	sts	0x2400, r24	; 0x802400 <nbPixels1>
    29c4:	80 91 97 30 	lds	r24, 0x3097	; 0x803097 <read_page+0x15>
    29c8:	8f 3f       	cpi	r24, 0xFF	; 255
    29ca:	11 f0       	breq	.+4      	; 0x29d0 <ReadConfigFromNVM+0x10a>
    29cc:	80 93 ff 23 	sts	0x23FF, r24	; 0x8023ff <nbPixels2>
    29d0:	80 91 98 30 	lds	r24, 0x3098	; 0x803098 <read_page+0x16>
    29d4:	8f 3f       	cpi	r24, 0xFF	; 255
    29d6:	11 f0       	breq	.+4      	; 0x29dc <ReadConfigFromNVM+0x116>
    29d8:	80 93 fe 23 	sts	0x23FE, r24	; 0x8023fe <nbPixels3>
    29dc:	80 91 99 30 	lds	r24, 0x3099	; 0x803099 <read_page+0x17>
    29e0:	8f 3f       	cpi	r24, 0xFF	; 255
    29e2:	11 f0       	breq	.+4      	; 0x29e8 <ReadConfigFromNVM+0x122>
    29e4:	80 93 fd 23 	sts	0x23FD, r24	; 0x8023fd <nbPixels4>
    29e8:	80 91 9a 30 	lds	r24, 0x309A	; 0x80309a <read_page+0x18>
    29ec:	8f 3f       	cpi	r24, 0xFF	; 255
    29ee:	11 f0       	breq	.+4      	; 0x29f4 <ReadConfigFromNVM+0x12e>
    29f0:	80 93 fc 23 	sts	0x23FC, r24	; 0x8023fc <nbPixels5>
    29f4:	80 91 9b 30 	lds	r24, 0x309B	; 0x80309b <read_page+0x19>
    29f8:	8f 3f       	cpi	r24, 0xFF	; 255
    29fa:	11 f0       	breq	.+4      	; 0x2a00 <ReadConfigFromNVM+0x13a>
    29fc:	80 93 fb 23 	sts	0x23FB, r24	; 0x8023fb <nbPixels6>
    2a00:	80 91 a2 30 	lds	r24, 0x30A2	; 0x8030a2 <write_page>
    2a04:	8f 3f       	cpi	r24, 0xFF	; 255
    2a06:	19 f0       	breq	.+6      	; 0x2a0e <ReadConfigFromNVM+0x148>
    2a08:	81 e0       	ldi	r24, 0x01	; 1
    2a0a:	80 93 f9 23 	sts	0x23F9, r24	; 0x8023f9 <lcdLight>
    2a0e:	80 91 a3 30 	lds	r24, 0x30A3	; 0x8030a3 <write_page+0x1>
    2a12:	8f 3f       	cpi	r24, 0xFF	; 255
    2a14:	19 f0       	breq	.+6      	; 0x2a1c <ReadConfigFromNVM+0x156>
    2a16:	81 e0       	ldi	r24, 0x01	; 1
    2a18:	80 93 fa 23 	sts	0x23FA, r24	; 0x8023fa <boxLight>
    2a1c:	80 91 9c 30 	lds	r24, 0x309C	; 0x80309c <read_page+0x1a>
    2a20:	8f 3f       	cpi	r24, 0xFF	; 255
    2a22:	21 f0       	breq	.+8      	; 0x2a2c <ReadConfigFromNVM+0x166>
    2a24:	80 93 f8 23 	sts	0x23F8, r24	; 0x8023f8 <midiNote1>
    2a28:	80 93 01 23 	sts	0x2301, r24	; 0x802301 <note_for_trigger>
    2a2c:	80 91 9d 30 	lds	r24, 0x309D	; 0x80309d <read_page+0x1b>
    2a30:	8f 3f       	cpi	r24, 0xFF	; 255
    2a32:	21 f0       	breq	.+8      	; 0x2a3c <ReadConfigFromNVM+0x176>
    2a34:	80 93 f7 23 	sts	0x23F7, r24	; 0x8023f7 <midiNote2>
    2a38:	80 93 02 23 	sts	0x2302, r24	; 0x802302 <note_for_trigger+0x1>
    2a3c:	80 91 9e 30 	lds	r24, 0x309E	; 0x80309e <read_page+0x1c>
    2a40:	8f 3f       	cpi	r24, 0xFF	; 255
    2a42:	21 f0       	breq	.+8      	; 0x2a4c <ReadConfigFromNVM+0x186>
    2a44:	80 93 f6 23 	sts	0x23F6, r24	; 0x8023f6 <midiNote3>
    2a48:	80 93 03 23 	sts	0x2303, r24	; 0x802303 <note_for_trigger+0x2>
    2a4c:	80 91 9f 30 	lds	r24, 0x309F	; 0x80309f <read_page+0x1d>
    2a50:	8f 3f       	cpi	r24, 0xFF	; 255
    2a52:	21 f0       	breq	.+8      	; 0x2a5c <ReadConfigFromNVM+0x196>
    2a54:	80 93 f5 23 	sts	0x23F5, r24	; 0x8023f5 <midiNote4>
    2a58:	80 93 04 23 	sts	0x2304, r24	; 0x802304 <note_for_trigger+0x3>
    2a5c:	80 91 a0 30 	lds	r24, 0x30A0	; 0x8030a0 <read_page+0x1e>
    2a60:	8f 3f       	cpi	r24, 0xFF	; 255
    2a62:	21 f0       	breq	.+8      	; 0x2a6c <ReadConfigFromNVM+0x1a6>
    2a64:	80 93 f4 23 	sts	0x23F4, r24	; 0x8023f4 <midiNote5>
    2a68:	80 93 05 23 	sts	0x2305, r24	; 0x802305 <note_for_trigger+0x4>
    2a6c:	80 91 a1 30 	lds	r24, 0x30A1	; 0x8030a1 <read_page+0x1f>
    2a70:	8f 3f       	cpi	r24, 0xFF	; 255
    2a72:	21 f0       	breq	.+8      	; 0x2a7c <ReadConfigFromNVM+0x1b6>
    2a74:	80 93 f3 23 	sts	0x23F3, r24	; 0x8023f3 <midiNote6>
    2a78:	80 93 06 23 	sts	0x2306, r24	; 0x802306 <note_for_trigger+0x5>
    2a7c:	80 91 f9 23 	lds	r24, 0x23F9	; 0x8023f9 <lcdLight>
    2a80:	81 30       	cpi	r24, 0x01	; 1
    2a82:	19 f4       	brne	.+6      	; 0x2a8a <ReadConfigFromNVM+0x1c4>
    2a84:	0c 94 1f 09 	jmp	0x123e	; 0x123e <i2c_lcd_led_on>
    2a88:	08 95       	ret
    2a8a:	0c 94 26 09 	jmp	0x124c	; 0x124c <i2c_lcd_led_off>
    2a8e:	08 95       	ret

00002a90 <updateMenuState>:
    2a90:	bc 01       	movw	r22, r24
    2a92:	90 91 71 30 	lds	r25, 0x3071	; 0x803071 <editingValue>
    2a96:	91 11       	cpse	r25, r1
    2a98:	20 c1       	rjmp	.+576    	; 0x2cda <updateMenuState+0x24a>
    2a9a:	40 91 7c 30 	lds	r20, 0x307C	; 0x80307c <menuLevel>
    2a9e:	50 91 7d 30 	lds	r21, 0x307D	; 0x80307d <menuLevel+0x1>
    2aa2:	fa 01       	movw	r30, r20
    2aa4:	ee 0f       	add	r30, r30
    2aa6:	ff 1f       	adc	r31, r31
    2aa8:	ee 58       	subi	r30, 0x8E	; 142
    2aaa:	ff 4c       	sbci	r31, 0xCF	; 207
    2aac:	20 81       	ld	r18, Z
    2aae:	31 81       	ldd	r19, Z+1	; 0x01
    2ab0:	cb 01       	movw	r24, r22
    2ab2:	82 0f       	add	r24, r18
    2ab4:	93 1f       	adc	r25, r19
    2ab6:	80 83       	st	Z, r24
    2ab8:	91 83       	std	Z+1, r25	; 0x01
    2aba:	41 30       	cpi	r20, 0x01	; 1
    2abc:	51 05       	cpc	r21, r1
    2abe:	01 f1       	breq	.+64     	; 0x2b00 <updateMenuState+0x70>
    2ac0:	42 30       	cpi	r20, 0x02	; 2
    2ac2:	51 05       	cpc	r21, r1
    2ac4:	09 f4       	brne	.+2      	; 0x2ac8 <updateMenuState+0x38>
    2ac6:	cd c0       	rjmp	.+410    	; 0x2c62 <updateMenuState+0x1d2>
    2ac8:	45 2b       	or	r20, r21
    2aca:	09 f0       	breq	.+2      	; 0x2ace <updateMenuState+0x3e>
    2acc:	06 c1       	rjmp	.+524    	; 0x2cda <updateMenuState+0x24a>
    2ace:	89 30       	cpi	r24, 0x09	; 9
    2ad0:	91 05       	cpc	r25, r1
    2ad2:	14 f0       	brlt	.+4      	; 0x2ad8 <updateMenuState+0x48>
    2ad4:	88 e0       	ldi	r24, 0x08	; 8
    2ad6:	90 e0       	ldi	r25, 0x00	; 0
    2ad8:	99 23       	and	r25, r25
    2ada:	14 f4       	brge	.+4      	; 0x2ae0 <updateMenuState+0x50>
    2adc:	80 e0       	ldi	r24, 0x00	; 0
    2ade:	90 e0       	ldi	r25, 0x00	; 0
    2ae0:	80 93 72 30 	sts	0x3072, r24	; 0x803072 <menuStates>
    2ae4:	90 93 73 30 	sts	0x3073, r25	; 0x803073 <menuStates+0x1>
    2ae8:	88 0f       	add	r24, r24
    2aea:	99 1f       	adc	r25, r25
    2aec:	fc 01       	movw	r30, r24
    2aee:	ec 53       	subi	r30, 0x3C	; 60
    2af0:	f2 4d       	sbci	r31, 0xD2	; 210
    2af2:	80 81       	ld	r24, Z
    2af4:	91 81       	ldd	r25, Z+1	; 0x01
    2af6:	80 93 7a 30 	sts	0x307A, r24	; 0x80307a <menuState>
    2afa:	90 93 7b 30 	sts	0x307B, r25	; 0x80307b <menuState+0x1>
    2afe:	08 95       	ret
    2b00:	20 91 72 30 	lds	r18, 0x3072	; 0x803072 <menuStates>
    2b04:	30 91 73 30 	lds	r19, 0x3073	; 0x803073 <menuStates+0x1>
    2b08:	25 30       	cpi	r18, 0x05	; 5
    2b0a:	31 05       	cpc	r19, r1
    2b0c:	09 f4       	brne	.+2      	; 0x2b10 <updateMenuState+0x80>
    2b0e:	45 c0       	rjmp	.+138    	; 0x2b9a <updateMenuState+0x10a>
    2b10:	3c f4       	brge	.+14     	; 0x2b20 <updateMenuState+0x90>
    2b12:	23 30       	cpi	r18, 0x03	; 3
    2b14:	31 05       	cpc	r19, r1
    2b16:	79 f0       	breq	.+30     	; 0x2b36 <updateMenuState+0xa6>
    2b18:	24 30       	cpi	r18, 0x04	; 4
    2b1a:	31 05       	cpc	r19, r1
    2b1c:	29 f1       	breq	.+74     	; 0x2b68 <updateMenuState+0xd8>
    2b1e:	08 95       	ret
    2b20:	27 30       	cpi	r18, 0x07	; 7
    2b22:	31 05       	cpc	r19, r1
    2b24:	09 f4       	brne	.+2      	; 0x2b28 <updateMenuState+0x98>
    2b26:	6b c0       	rjmp	.+214    	; 0x2bfe <updateMenuState+0x16e>
    2b28:	0c f4       	brge	.+2      	; 0x2b2c <updateMenuState+0x9c>
    2b2a:	50 c0       	rjmp	.+160    	; 0x2bcc <updateMenuState+0x13c>
    2b2c:	28 30       	cpi	r18, 0x08	; 8
    2b2e:	31 05       	cpc	r19, r1
    2b30:	09 f4       	brne	.+2      	; 0x2b34 <updateMenuState+0xa4>
    2b32:	7e c0       	rjmp	.+252    	; 0x2c30 <updateMenuState+0x1a0>
    2b34:	08 95       	ret
    2b36:	87 30       	cpi	r24, 0x07	; 7
    2b38:	91 05       	cpc	r25, r1
    2b3a:	14 f0       	brlt	.+4      	; 0x2b40 <updateMenuState+0xb0>
    2b3c:	86 e0       	ldi	r24, 0x06	; 6
    2b3e:	90 e0       	ldi	r25, 0x00	; 0
    2b40:	99 23       	and	r25, r25
    2b42:	14 f4       	brge	.+4      	; 0x2b48 <updateMenuState+0xb8>
    2b44:	80 e0       	ldi	r24, 0x00	; 0
    2b46:	90 e0       	ldi	r25, 0x00	; 0
    2b48:	80 93 74 30 	sts	0x3074, r24	; 0x803074 <menuStates+0x2>
    2b4c:	90 93 75 30 	sts	0x3075, r25	; 0x803075 <menuStates+0x3>
    2b50:	88 0f       	add	r24, r24
    2b52:	99 1f       	adc	r25, r25
    2b54:	fc 01       	movw	r30, r24
    2b56:	ea 55       	subi	r30, 0x5A	; 90
    2b58:	f2 4d       	sbci	r31, 0xD2	; 210
    2b5a:	80 81       	ld	r24, Z
    2b5c:	91 81       	ldd	r25, Z+1	; 0x01
    2b5e:	80 93 7a 30 	sts	0x307A, r24	; 0x80307a <menuState>
    2b62:	90 93 7b 30 	sts	0x307B, r25	; 0x80307b <menuState+0x1>
    2b66:	08 95       	ret
    2b68:	88 30       	cpi	r24, 0x08	; 8
    2b6a:	91 05       	cpc	r25, r1
    2b6c:	14 f0       	brlt	.+4      	; 0x2b72 <updateMenuState+0xe2>
    2b6e:	87 e0       	ldi	r24, 0x07	; 7
    2b70:	90 e0       	ldi	r25, 0x00	; 0
    2b72:	99 23       	and	r25, r25
    2b74:	14 f4       	brge	.+4      	; 0x2b7a <updateMenuState+0xea>
    2b76:	80 e0       	ldi	r24, 0x00	; 0
    2b78:	90 e0       	ldi	r25, 0x00	; 0
    2b7a:	80 93 74 30 	sts	0x3074, r24	; 0x803074 <menuStates+0x2>
    2b7e:	90 93 75 30 	sts	0x3075, r25	; 0x803075 <menuStates+0x3>
    2b82:	88 0f       	add	r24, r24
    2b84:	99 1f       	adc	r25, r25
    2b86:	fc 01       	movw	r30, r24
    2b88:	ec 54       	subi	r30, 0x4C	; 76
    2b8a:	f2 4d       	sbci	r31, 0xD2	; 210
    2b8c:	80 81       	ld	r24, Z
    2b8e:	91 81       	ldd	r25, Z+1	; 0x01
    2b90:	80 93 7a 30 	sts	0x307A, r24	; 0x80307a <menuState>
    2b94:	90 93 7b 30 	sts	0x307B, r25	; 0x80307b <menuState+0x1>
    2b98:	08 95       	ret
    2b9a:	85 30       	cpi	r24, 0x05	; 5
    2b9c:	91 05       	cpc	r25, r1
    2b9e:	14 f0       	brlt	.+4      	; 0x2ba4 <updateMenuState+0x114>
    2ba0:	84 e0       	ldi	r24, 0x04	; 4
    2ba2:	90 e0       	ldi	r25, 0x00	; 0
    2ba4:	99 23       	and	r25, r25
    2ba6:	14 f4       	brge	.+4      	; 0x2bac <updateMenuState+0x11c>
    2ba8:	80 e0       	ldi	r24, 0x00	; 0
    2baa:	90 e0       	ldi	r25, 0x00	; 0
    2bac:	80 93 74 30 	sts	0x3074, r24	; 0x803074 <menuStates+0x2>
    2bb0:	90 93 75 30 	sts	0x3075, r25	; 0x803075 <menuStates+0x3>
    2bb4:	88 0f       	add	r24, r24
    2bb6:	99 1f       	adc	r25, r25
    2bb8:	fc 01       	movw	r30, r24
    2bba:	e4 56       	subi	r30, 0x64	; 100
    2bbc:	f2 4d       	sbci	r31, 0xD2	; 210
    2bbe:	80 81       	ld	r24, Z
    2bc0:	91 81       	ldd	r25, Z+1	; 0x01
    2bc2:	80 93 7a 30 	sts	0x307A, r24	; 0x80307a <menuState>
    2bc6:	90 93 7b 30 	sts	0x307B, r25	; 0x80307b <menuState+0x1>
    2bca:	08 95       	ret
    2bcc:	8f 30       	cpi	r24, 0x0F	; 15
    2bce:	91 05       	cpc	r25, r1
    2bd0:	14 f0       	brlt	.+4      	; 0x2bd6 <updateMenuState+0x146>
    2bd2:	8e e0       	ldi	r24, 0x0E	; 14
    2bd4:	90 e0       	ldi	r25, 0x00	; 0
    2bd6:	99 23       	and	r25, r25
    2bd8:	14 f4       	brge	.+4      	; 0x2bde <updateMenuState+0x14e>
    2bda:	80 e0       	ldi	r24, 0x00	; 0
    2bdc:	90 e0       	ldi	r25, 0x00	; 0
    2bde:	80 93 74 30 	sts	0x3074, r24	; 0x803074 <menuStates+0x2>
    2be2:	90 93 75 30 	sts	0x3075, r25	; 0x803075 <menuStates+0x3>
    2be6:	88 0f       	add	r24, r24
    2be8:	99 1f       	adc	r25, r25
    2bea:	fc 01       	movw	r30, r24
    2bec:	e2 58       	subi	r30, 0x82	; 130
    2bee:	f2 4d       	sbci	r31, 0xD2	; 210
    2bf0:	80 81       	ld	r24, Z
    2bf2:	91 81       	ldd	r25, Z+1	; 0x01
    2bf4:	80 93 7a 30 	sts	0x307A, r24	; 0x80307a <menuState>
    2bf8:	90 93 7b 30 	sts	0x307B, r25	; 0x80307b <menuState+0x1>
    2bfc:	08 95       	ret
    2bfe:	85 31       	cpi	r24, 0x15	; 21
    2c00:	91 05       	cpc	r25, r1
    2c02:	14 f0       	brlt	.+4      	; 0x2c08 <updateMenuState+0x178>
    2c04:	84 e1       	ldi	r24, 0x14	; 20
    2c06:	90 e0       	ldi	r25, 0x00	; 0
    2c08:	99 23       	and	r25, r25
    2c0a:	14 f4       	brge	.+4      	; 0x2c10 <updateMenuState+0x180>
    2c0c:	80 e0       	ldi	r24, 0x00	; 0
    2c0e:	90 e0       	ldi	r25, 0x00	; 0
    2c10:	80 93 74 30 	sts	0x3074, r24	; 0x803074 <menuStates+0x2>
    2c14:	90 93 75 30 	sts	0x3075, r25	; 0x803075 <menuStates+0x3>
    2c18:	88 0f       	add	r24, r24
    2c1a:	99 1f       	adc	r25, r25
    2c1c:	fc 01       	movw	r30, r24
    2c1e:	ec 5a       	subi	r30, 0xAC	; 172
    2c20:	f2 4d       	sbci	r31, 0xD2	; 210
    2c22:	80 81       	ld	r24, Z
    2c24:	91 81       	ldd	r25, Z+1	; 0x01
    2c26:	80 93 7a 30 	sts	0x307A, r24	; 0x80307a <menuState>
    2c2a:	90 93 7b 30 	sts	0x307B, r25	; 0x80307b <menuState+0x1>
    2c2e:	08 95       	ret
    2c30:	83 30       	cpi	r24, 0x03	; 3
    2c32:	91 05       	cpc	r25, r1
    2c34:	14 f0       	brlt	.+4      	; 0x2c3a <updateMenuState+0x1aa>
    2c36:	82 e0       	ldi	r24, 0x02	; 2
    2c38:	90 e0       	ldi	r25, 0x00	; 0
    2c3a:	99 23       	and	r25, r25
    2c3c:	14 f4       	brge	.+4      	; 0x2c42 <updateMenuState+0x1b2>
    2c3e:	80 e0       	ldi	r24, 0x00	; 0
    2c40:	90 e0       	ldi	r25, 0x00	; 0
    2c42:	80 93 74 30 	sts	0x3074, r24	; 0x803074 <menuStates+0x2>
    2c46:	90 93 75 30 	sts	0x3075, r25	; 0x803075 <menuStates+0x3>
    2c4a:	88 0f       	add	r24, r24
    2c4c:	99 1f       	adc	r25, r25
    2c4e:	fc 01       	movw	r30, r24
    2c50:	e2 5b       	subi	r30, 0xB2	; 178
    2c52:	f2 4d       	sbci	r31, 0xD2	; 210
    2c54:	80 81       	ld	r24, Z
    2c56:	91 81       	ldd	r25, Z+1	; 0x01
    2c58:	80 93 7a 30 	sts	0x307A, r24	; 0x80307a <menuState>
    2c5c:	90 93 7b 30 	sts	0x307B, r25	; 0x80307b <menuState+0x1>
    2c60:	08 95       	ret
    2c62:	20 91 74 30 	lds	r18, 0x3074	; 0x803074 <menuStates+0x2>
    2c66:	30 91 75 30 	lds	r19, 0x3075	; 0x803075 <menuStates+0x3>
    2c6a:	21 15       	cp	r18, r1
    2c6c:	31 05       	cpc	r19, r1
    2c6e:	21 f0       	breq	.+8      	; 0x2c78 <updateMenuState+0x1e8>
    2c70:	21 30       	cpi	r18, 0x01	; 1
    2c72:	31 05       	cpc	r19, r1
    2c74:	d1 f0       	breq	.+52     	; 0x2caa <updateMenuState+0x21a>
    2c76:	08 95       	ret
    2c78:	85 31       	cpi	r24, 0x15	; 21
    2c7a:	91 05       	cpc	r25, r1
    2c7c:	14 f0       	brlt	.+4      	; 0x2c82 <updateMenuState+0x1f2>
    2c7e:	84 e1       	ldi	r24, 0x14	; 20
    2c80:	90 e0       	ldi	r25, 0x00	; 0
    2c82:	99 23       	and	r25, r25
    2c84:	14 f4       	brge	.+4      	; 0x2c8a <updateMenuState+0x1fa>
    2c86:	80 e0       	ldi	r24, 0x00	; 0
    2c88:	90 e0       	ldi	r25, 0x00	; 0
    2c8a:	80 93 76 30 	sts	0x3076, r24	; 0x803076 <menuStates+0x4>
    2c8e:	90 93 77 30 	sts	0x3077, r25	; 0x803077 <menuStates+0x5>
    2c92:	88 0f       	add	r24, r24
    2c94:	99 1f       	adc	r25, r25
    2c96:	fc 01       	movw	r30, r24
    2c98:	ec 5d       	subi	r30, 0xDC	; 220
    2c9a:	f2 4d       	sbci	r31, 0xD2	; 210
    2c9c:	80 81       	ld	r24, Z
    2c9e:	91 81       	ldd	r25, Z+1	; 0x01
    2ca0:	80 93 7a 30 	sts	0x307A, r24	; 0x80307a <menuState>
    2ca4:	90 93 7b 30 	sts	0x307B, r25	; 0x80307b <menuState+0x1>
    2ca8:	08 95       	ret
    2caa:	85 31       	cpi	r24, 0x15	; 21
    2cac:	91 05       	cpc	r25, r1
    2cae:	14 f0       	brlt	.+4      	; 0x2cb4 <updateMenuState+0x224>
    2cb0:	84 e1       	ldi	r24, 0x14	; 20
    2cb2:	90 e0       	ldi	r25, 0x00	; 0
    2cb4:	99 23       	and	r25, r25
    2cb6:	14 f4       	brge	.+4      	; 0x2cbc <updateMenuState+0x22c>
    2cb8:	80 e0       	ldi	r24, 0x00	; 0
    2cba:	90 e0       	ldi	r25, 0x00	; 0
    2cbc:	80 93 76 30 	sts	0x3076, r24	; 0x803076 <menuStates+0x4>
    2cc0:	90 93 77 30 	sts	0x3077, r25	; 0x803077 <menuStates+0x5>
    2cc4:	88 0f       	add	r24, r24
    2cc6:	99 1f       	adc	r25, r25
    2cc8:	fc 01       	movw	r30, r24
    2cca:	ec 5d       	subi	r30, 0xDC	; 220
    2ccc:	f2 4d       	sbci	r31, 0xD2	; 210
    2cce:	80 81       	ld	r24, Z
    2cd0:	91 81       	ldd	r25, Z+1	; 0x01
    2cd2:	80 93 7a 30 	sts	0x307A, r24	; 0x80307a <menuState>
    2cd6:	90 93 7b 30 	sts	0x307B, r25	; 0x80307b <menuState+0x1>
    2cda:	08 95       	ret

00002cdc <__vector_47>:
    2cdc:	1f 92       	push	r1
    2cde:	0f 92       	push	r0
    2ce0:	0f b6       	in	r0, 0x3f	; 63
    2ce2:	0f 92       	push	r0
    2ce4:	11 24       	eor	r1, r1
    2ce6:	0b b6       	in	r0, 0x3b	; 59
    2ce8:	0f 92       	push	r0
    2cea:	0f 93       	push	r16
    2cec:	1f 93       	push	r17
    2cee:	2f 93       	push	r18
    2cf0:	3f 93       	push	r19
    2cf2:	4f 93       	push	r20
    2cf4:	5f 93       	push	r21
    2cf6:	6f 93       	push	r22
    2cf8:	7f 93       	push	r23
    2cfa:	8f 93       	push	r24
    2cfc:	9f 93       	push	r25
    2cfe:	af 93       	push	r26
    2d00:	bf 93       	push	r27
    2d02:	cf 93       	push	r28
    2d04:	df 93       	push	r29
    2d06:	ef 93       	push	r30
    2d08:	ff 93       	push	r31
    2d0a:	80 91 6f 30 	lds	r24, 0x306F	; 0x80306f <processingEncoder>
    2d0e:	90 91 70 30 	lds	r25, 0x3070	; 0x803070 <processingEncoder+0x1>
    2d12:	89 2b       	or	r24, r25
    2d14:	09 f0       	breq	.+2      	; 0x2d18 <__vector_47+0x3c>
    2d16:	d0 c2       	rjmp	.+1440   	; 0x32b8 <__vector_47+0x5dc>
    2d18:	80 91 20 0a 	lds	r24, 0x0A20	; 0x800a20 <__TEXT_REGION_LENGTH__+0x7cea20>
    2d1c:	90 91 21 0a 	lds	r25, 0x0A21	; 0x800a21 <__TEXT_REGION_LENGTH__+0x7cea21>
    2d20:	02 97       	sbiw	r24, 0x02	; 2
    2d22:	18 f4       	brcc	.+6      	; 0x2d2a <__vector_47+0x4e>
    2d24:	cf ef       	ldi	r28, 0xFF	; 255
    2d26:	df ef       	ldi	r29, 0xFF	; 255
    2d28:	02 c0       	rjmp	.+4      	; 0x2d2e <__vector_47+0x52>
    2d2a:	c1 e0       	ldi	r28, 0x01	; 1
    2d2c:	d0 e0       	ldi	r29, 0x00	; 0
    2d2e:	40 91 7e 30 	lds	r20, 0x307E	; 0x80307e <countTCF0>
    2d32:	50 91 7f 30 	lds	r21, 0x307F	; 0x80307f <countTCF0+0x1>
    2d36:	60 91 80 30 	lds	r22, 0x3080	; 0x803080 <countTCF0+0x2>
    2d3a:	70 91 81 30 	lds	r23, 0x3081	; 0x803081 <countTCF0+0x3>
    2d3e:	80 91 52 30 	lds	r24, 0x3052	; 0x803052 <lastCounter>
    2d42:	90 91 53 30 	lds	r25, 0x3053	; 0x803053 <lastCounter+0x1>
    2d46:	09 2e       	mov	r0, r25
    2d48:	00 0c       	add	r0, r0
    2d4a:	aa 0b       	sbc	r26, r26
    2d4c:	bb 0b       	sbc	r27, r27
    2d4e:	8a 01       	movw	r16, r20
    2d50:	9b 01       	movw	r18, r22
    2d52:	08 1b       	sub	r16, r24
    2d54:	19 0b       	sbc	r17, r25
    2d56:	2a 0b       	sbc	r18, r26
    2d58:	3b 0b       	sbc	r19, r27
    2d5a:	0c 30       	cpi	r16, 0x0C	; 12
    2d5c:	11 05       	cpc	r17, r1
    2d5e:	21 05       	cpc	r18, r1
    2d60:	31 05       	cpc	r19, r1
    2d62:	08 f4       	brcc	.+2      	; 0x2d66 <__vector_47+0x8a>
    2d64:	a9 c2       	rjmp	.+1362   	; 0x32b8 <__vector_47+0x5dc>
    2d66:	40 93 52 30 	sts	0x3052, r20	; 0x803052 <lastCounter>
    2d6a:	50 93 53 30 	sts	0x3053, r21	; 0x803053 <lastCounter+0x1>
    2d6e:	81 e0       	ldi	r24, 0x01	; 1
    2d70:	90 e0       	ldi	r25, 0x00	; 0
    2d72:	80 93 6f 30 	sts	0x306F, r24	; 0x80306f <processingEncoder>
    2d76:	90 93 70 30 	sts	0x3070, r25	; 0x803070 <processingEncoder+0x1>
    2d7a:	ce 01       	movw	r24, r28
    2d7c:	89 de       	rcall	.-750    	; 0x2a90 <updateMenuState>
    2d7e:	80 91 71 30 	lds	r24, 0x3071	; 0x803071 <editingValue>
    2d82:	88 23       	and	r24, r24
    2d84:	09 f4       	brne	.+2      	; 0x2d88 <__vector_47+0xac>
    2d86:	94 c2       	rjmp	.+1320   	; 0x32b0 <__vector_47+0x5d4>
    2d88:	e0 91 7a 30 	lds	r30, 0x307A	; 0x80307a <menuState>
    2d8c:	f0 91 7b 30 	lds	r31, 0x307B	; 0x80307b <menuState+0x1>
    2d90:	31 97       	sbiw	r30, 0x01	; 1
    2d92:	e1 32       	cpi	r30, 0x21	; 33
    2d94:	f1 05       	cpc	r31, r1
    2d96:	08 f0       	brcs	.+2      	; 0x2d9a <__vector_47+0xbe>
    2d98:	8b c2       	rjmp	.+1302   	; 0x32b0 <__vector_47+0x5d4>
    2d9a:	88 27       	eor	r24, r24
    2d9c:	e1 5b       	subi	r30, 0xB1	; 177
    2d9e:	fd 4f       	sbci	r31, 0xFD	; 253
    2da0:	8f 4f       	sbci	r24, 0xFF	; 255
    2da2:	69 c7       	rjmp	.+3794   	; 0x3c76 <__tablejump2__>
    2da4:	80 91 6e 30 	lds	r24, 0x306E	; 0x80306e <operationMode>
    2da8:	c8 0f       	add	r28, r24
    2daa:	d1 1d       	adc	r29, r1
    2dac:	1c 16       	cp	r1, r28
    2dae:	1d 06       	cpc	r1, r29
    2db0:	14 f4       	brge	.+4      	; 0x2db6 <__vector_47+0xda>
    2db2:	c1 e0       	ldi	r28, 0x01	; 1
    2db4:	d0 e0       	ldi	r29, 0x00	; 0
    2db6:	dd 23       	and	r29, r29
    2db8:	14 f4       	brge	.+4      	; 0x2dbe <__vector_47+0xe2>
    2dba:	c0 e0       	ldi	r28, 0x00	; 0
    2dbc:	d0 e0       	ldi	r29, 0x00	; 0
    2dbe:	c0 93 6e 30 	sts	0x306E, r28	; 0x80306e <operationMode>
    2dc2:	76 c2       	rjmp	.+1260   	; 0x32b0 <__vector_47+0x5d4>
    2dc4:	80 91 fa 23 	lds	r24, 0x23FA	; 0x8023fa <boxLight>
    2dc8:	c8 0f       	add	r28, r24
    2dca:	d1 1d       	adc	r29, r1
    2dcc:	1c 16       	cp	r1, r28
    2dce:	1d 06       	cpc	r1, r29
    2dd0:	14 f4       	brge	.+4      	; 0x2dd6 <__vector_47+0xfa>
    2dd2:	c1 e0       	ldi	r28, 0x01	; 1
    2dd4:	d0 e0       	ldi	r29, 0x00	; 0
    2dd6:	dd 23       	and	r29, r29
    2dd8:	14 f4       	brge	.+4      	; 0x2dde <__vector_47+0x102>
    2dda:	c0 e0       	ldi	r28, 0x00	; 0
    2ddc:	d0 e0       	ldi	r29, 0x00	; 0
    2dde:	c0 93 fa 23 	sts	0x23FA, r28	; 0x8023fa <boxLight>
    2de2:	66 c2       	rjmp	.+1228   	; 0x32b0 <__vector_47+0x5d4>
    2de4:	80 91 f9 23 	lds	r24, 0x23F9	; 0x8023f9 <lcdLight>
    2de8:	c8 0f       	add	r28, r24
    2dea:	d1 1d       	adc	r29, r1
    2dec:	1c 16       	cp	r1, r28
    2dee:	1d 06       	cpc	r1, r29
    2df0:	14 f4       	brge	.+4      	; 0x2df6 <__vector_47+0x11a>
    2df2:	c1 e0       	ldi	r28, 0x01	; 1
    2df4:	d0 e0       	ldi	r29, 0x00	; 0
    2df6:	dd 23       	and	r29, r29
    2df8:	14 f4       	brge	.+4      	; 0x2dfe <__vector_47+0x122>
    2dfa:	c0 e0       	ldi	r28, 0x00	; 0
    2dfc:	d0 e0       	ldi	r29, 0x00	; 0
    2dfe:	c0 93 f9 23 	sts	0x23F9, r28	; 0x8023f9 <lcdLight>
    2e02:	c1 30       	cpi	r28, 0x01	; 1
    2e04:	19 f4       	brne	.+6      	; 0x2e0c <__vector_47+0x130>
    2e06:	0e 94 1f 09 	call	0x123e	; 0x123e <i2c_lcd_led_on>
    2e0a:	52 c2       	rjmp	.+1188   	; 0x32b0 <__vector_47+0x5d4>
    2e0c:	0e 94 26 09 	call	0x124c	; 0x124c <i2c_lcd_led_off>
    2e10:	4f c2       	rjmp	.+1182   	; 0x32b0 <__vector_47+0x5d4>
    2e12:	80 91 10 24 	lds	r24, 0x2410	; 0x802410 <dmxAddress>
    2e16:	c8 0f       	add	r28, r24
    2e18:	d1 1d       	adc	r29, r1
    2e1a:	cf 3f       	cpi	r28, 0xFF	; 255
    2e1c:	d1 05       	cpc	r29, r1
    2e1e:	19 f0       	breq	.+6      	; 0x2e26 <__vector_47+0x14a>
    2e20:	14 f0       	brlt	.+4      	; 0x2e26 <__vector_47+0x14a>
    2e22:	cf ef       	ldi	r28, 0xFF	; 255
    2e24:	d0 e0       	ldi	r29, 0x00	; 0
    2e26:	dd 23       	and	r29, r29
    2e28:	14 f4       	brge	.+4      	; 0x2e2e <__vector_47+0x152>
    2e2a:	c0 e0       	ldi	r28, 0x00	; 0
    2e2c:	d0 e0       	ldi	r29, 0x00	; 0
    2e2e:	c0 93 10 24 	sts	0x2410, r28	; 0x802410 <dmxAddress>
    2e32:	3e c2       	rjmp	.+1148   	; 0x32b0 <__vector_47+0x5d4>
    2e34:	80 91 0d 24 	lds	r24, 0x240D	; 0x80240d <colorR1>
    2e38:	cc 0f       	add	r28, r28
    2e3a:	dd 1f       	adc	r29, r29
    2e3c:	c2 95       	swap	r28
    2e3e:	d2 95       	swap	r29
    2e40:	d0 7f       	andi	r29, 0xF0	; 240
    2e42:	dc 27       	eor	r29, r28
    2e44:	c0 7f       	andi	r28, 0xF0	; 240
    2e46:	dc 27       	eor	r29, r28
    2e48:	c8 0f       	add	r28, r24
    2e4a:	d1 1d       	adc	r29, r1
    2e4c:	cf 3f       	cpi	r28, 0xFF	; 255
    2e4e:	d1 05       	cpc	r29, r1
    2e50:	19 f0       	breq	.+6      	; 0x2e58 <__vector_47+0x17c>
    2e52:	14 f0       	brlt	.+4      	; 0x2e58 <__vector_47+0x17c>
    2e54:	cf ef       	ldi	r28, 0xFF	; 255
    2e56:	d0 e0       	ldi	r29, 0x00	; 0
    2e58:	dd 23       	and	r29, r29
    2e5a:	14 f4       	brge	.+4      	; 0x2e60 <__vector_47+0x184>
    2e5c:	c0 e0       	ldi	r28, 0x00	; 0
    2e5e:	d0 e0       	ldi	r29, 0x00	; 0
    2e60:	c0 93 0d 24 	sts	0x240D, r28	; 0x80240d <colorR1>
    2e64:	25 c2       	rjmp	.+1098   	; 0x32b0 <__vector_47+0x5d4>
    2e66:	80 91 0c 24 	lds	r24, 0x240C	; 0x80240c <colorG1>
    2e6a:	cc 0f       	add	r28, r28
    2e6c:	dd 1f       	adc	r29, r29
    2e6e:	c2 95       	swap	r28
    2e70:	d2 95       	swap	r29
    2e72:	d0 7f       	andi	r29, 0xF0	; 240
    2e74:	dc 27       	eor	r29, r28
    2e76:	c0 7f       	andi	r28, 0xF0	; 240
    2e78:	dc 27       	eor	r29, r28
    2e7a:	c8 0f       	add	r28, r24
    2e7c:	d1 1d       	adc	r29, r1
    2e7e:	cf 3f       	cpi	r28, 0xFF	; 255
    2e80:	d1 05       	cpc	r29, r1
    2e82:	19 f0       	breq	.+6      	; 0x2e8a <__vector_47+0x1ae>
    2e84:	14 f0       	brlt	.+4      	; 0x2e8a <__vector_47+0x1ae>
    2e86:	cf ef       	ldi	r28, 0xFF	; 255
    2e88:	d0 e0       	ldi	r29, 0x00	; 0
    2e8a:	dd 23       	and	r29, r29
    2e8c:	14 f4       	brge	.+4      	; 0x2e92 <__vector_47+0x1b6>
    2e8e:	c0 e0       	ldi	r28, 0x00	; 0
    2e90:	d0 e0       	ldi	r29, 0x00	; 0
    2e92:	c0 93 0c 24 	sts	0x240C, r28	; 0x80240c <colorG1>
    2e96:	0c c2       	rjmp	.+1048   	; 0x32b0 <__vector_47+0x5d4>
    2e98:	80 91 0b 24 	lds	r24, 0x240B	; 0x80240b <colorB1>
    2e9c:	cc 0f       	add	r28, r28
    2e9e:	dd 1f       	adc	r29, r29
    2ea0:	c2 95       	swap	r28
    2ea2:	d2 95       	swap	r29
    2ea4:	d0 7f       	andi	r29, 0xF0	; 240
    2ea6:	dc 27       	eor	r29, r28
    2ea8:	c0 7f       	andi	r28, 0xF0	; 240
    2eaa:	dc 27       	eor	r29, r28
    2eac:	c8 0f       	add	r28, r24
    2eae:	d1 1d       	adc	r29, r1
    2eb0:	cf 3f       	cpi	r28, 0xFF	; 255
    2eb2:	d1 05       	cpc	r29, r1
    2eb4:	19 f0       	breq	.+6      	; 0x2ebc <__vector_47+0x1e0>
    2eb6:	14 f0       	brlt	.+4      	; 0x2ebc <__vector_47+0x1e0>
    2eb8:	cf ef       	ldi	r28, 0xFF	; 255
    2eba:	d0 e0       	ldi	r29, 0x00	; 0
    2ebc:	dd 23       	and	r29, r29
    2ebe:	14 f4       	brge	.+4      	; 0x2ec4 <__vector_47+0x1e8>
    2ec0:	c0 e0       	ldi	r28, 0x00	; 0
    2ec2:	d0 e0       	ldi	r29, 0x00	; 0
    2ec4:	c0 93 0b 24 	sts	0x240B, r28	; 0x80240b <colorB1>
    2ec8:	f3 c1       	rjmp	.+998    	; 0x32b0 <__vector_47+0x5d4>
    2eca:	80 91 0a 24 	lds	r24, 0x240A	; 0x80240a <colorR2>
    2ece:	cc 0f       	add	r28, r28
    2ed0:	dd 1f       	adc	r29, r29
    2ed2:	c2 95       	swap	r28
    2ed4:	d2 95       	swap	r29
    2ed6:	d0 7f       	andi	r29, 0xF0	; 240
    2ed8:	dc 27       	eor	r29, r28
    2eda:	c0 7f       	andi	r28, 0xF0	; 240
    2edc:	dc 27       	eor	r29, r28
    2ede:	c8 0f       	add	r28, r24
    2ee0:	d1 1d       	adc	r29, r1
    2ee2:	cf 3f       	cpi	r28, 0xFF	; 255
    2ee4:	d1 05       	cpc	r29, r1
    2ee6:	19 f0       	breq	.+6      	; 0x2eee <__vector_47+0x212>
    2ee8:	14 f0       	brlt	.+4      	; 0x2eee <__vector_47+0x212>
    2eea:	cf ef       	ldi	r28, 0xFF	; 255
    2eec:	d0 e0       	ldi	r29, 0x00	; 0
    2eee:	dd 23       	and	r29, r29
    2ef0:	14 f4       	brge	.+4      	; 0x2ef6 <__vector_47+0x21a>
    2ef2:	c0 e0       	ldi	r28, 0x00	; 0
    2ef4:	d0 e0       	ldi	r29, 0x00	; 0
    2ef6:	c0 93 0a 24 	sts	0x240A, r28	; 0x80240a <colorR2>
    2efa:	da c1       	rjmp	.+948    	; 0x32b0 <__vector_47+0x5d4>
    2efc:	80 91 09 24 	lds	r24, 0x2409	; 0x802409 <colorG2>
    2f00:	cc 0f       	add	r28, r28
    2f02:	dd 1f       	adc	r29, r29
    2f04:	c2 95       	swap	r28
    2f06:	d2 95       	swap	r29
    2f08:	d0 7f       	andi	r29, 0xF0	; 240
    2f0a:	dc 27       	eor	r29, r28
    2f0c:	c0 7f       	andi	r28, 0xF0	; 240
    2f0e:	dc 27       	eor	r29, r28
    2f10:	c8 0f       	add	r28, r24
    2f12:	d1 1d       	adc	r29, r1
    2f14:	cf 3f       	cpi	r28, 0xFF	; 255
    2f16:	d1 05       	cpc	r29, r1
    2f18:	19 f0       	breq	.+6      	; 0x2f20 <__vector_47+0x244>
    2f1a:	14 f0       	brlt	.+4      	; 0x2f20 <__vector_47+0x244>
    2f1c:	cf ef       	ldi	r28, 0xFF	; 255
    2f1e:	d0 e0       	ldi	r29, 0x00	; 0
    2f20:	dd 23       	and	r29, r29
    2f22:	14 f4       	brge	.+4      	; 0x2f28 <__vector_47+0x24c>
    2f24:	c0 e0       	ldi	r28, 0x00	; 0
    2f26:	d0 e0       	ldi	r29, 0x00	; 0
    2f28:	c0 93 09 24 	sts	0x2409, r28	; 0x802409 <colorG2>
    2f2c:	c1 c1       	rjmp	.+898    	; 0x32b0 <__vector_47+0x5d4>
    2f2e:	80 91 08 24 	lds	r24, 0x2408	; 0x802408 <colorB2>
    2f32:	cc 0f       	add	r28, r28
    2f34:	dd 1f       	adc	r29, r29
    2f36:	c2 95       	swap	r28
    2f38:	d2 95       	swap	r29
    2f3a:	d0 7f       	andi	r29, 0xF0	; 240
    2f3c:	dc 27       	eor	r29, r28
    2f3e:	c0 7f       	andi	r28, 0xF0	; 240
    2f40:	dc 27       	eor	r29, r28
    2f42:	c8 0f       	add	r28, r24
    2f44:	d1 1d       	adc	r29, r1
    2f46:	cf 3f       	cpi	r28, 0xFF	; 255
    2f48:	d1 05       	cpc	r29, r1
    2f4a:	19 f0       	breq	.+6      	; 0x2f52 <__vector_47+0x276>
    2f4c:	14 f0       	brlt	.+4      	; 0x2f52 <__vector_47+0x276>
    2f4e:	cf ef       	ldi	r28, 0xFF	; 255
    2f50:	d0 e0       	ldi	r29, 0x00	; 0
    2f52:	dd 23       	and	r29, r29
    2f54:	14 f4       	brge	.+4      	; 0x2f5a <__vector_47+0x27e>
    2f56:	c0 e0       	ldi	r28, 0x00	; 0
    2f58:	d0 e0       	ldi	r29, 0x00	; 0
    2f5a:	c0 93 08 24 	sts	0x2408, r28	; 0x802408 <colorB2>
    2f5e:	a8 c1       	rjmp	.+848    	; 0x32b0 <__vector_47+0x5d4>
    2f60:	20 91 0e 24 	lds	r18, 0x240E	; 0x80240e <release>
    2f64:	ce 01       	movw	r24, r28
    2f66:	88 0f       	add	r24, r24
    2f68:	99 1f       	adc	r25, r25
    2f6a:	88 0f       	add	r24, r24
    2f6c:	99 1f       	adc	r25, r25
    2f6e:	c8 0f       	add	r28, r24
    2f70:	d9 1f       	adc	r29, r25
    2f72:	c2 0f       	add	r28, r18
    2f74:	d1 1d       	adc	r29, r1
    2f76:	c5 36       	cpi	r28, 0x65	; 101
    2f78:	d1 05       	cpc	r29, r1
    2f7a:	14 f0       	brlt	.+4      	; 0x2f80 <__vector_47+0x2a4>
    2f7c:	c4 e6       	ldi	r28, 0x64	; 100
    2f7e:	d0 e0       	ldi	r29, 0x00	; 0
    2f80:	dd 23       	and	r29, r29
    2f82:	14 f4       	brge	.+4      	; 0x2f88 <__vector_47+0x2ac>
    2f84:	c0 e0       	ldi	r28, 0x00	; 0
    2f86:	d0 e0       	ldi	r29, 0x00	; 0
    2f88:	c0 93 0e 24 	sts	0x240E, r28	; 0x80240e <release>
    2f8c:	91 c1       	rjmp	.+802    	; 0x32b0 <__vector_47+0x5d4>
    2f8e:	20 91 07 24 	lds	r18, 0x2407	; 0x802407 <dimmer>
    2f92:	ce 01       	movw	r24, r28
    2f94:	88 0f       	add	r24, r24
    2f96:	99 1f       	adc	r25, r25
    2f98:	88 0f       	add	r24, r24
    2f9a:	99 1f       	adc	r25, r25
    2f9c:	c8 0f       	add	r28, r24
    2f9e:	d9 1f       	adc	r29, r25
    2fa0:	c2 0f       	add	r28, r18
    2fa2:	d1 1d       	adc	r29, r1
    2fa4:	cf 3f       	cpi	r28, 0xFF	; 255
    2fa6:	d1 05       	cpc	r29, r1
    2fa8:	19 f0       	breq	.+6      	; 0x2fb0 <__vector_47+0x2d4>
    2faa:	14 f0       	brlt	.+4      	; 0x2fb0 <__vector_47+0x2d4>
    2fac:	cf ef       	ldi	r28, 0xFF	; 255
    2fae:	d0 e0       	ldi	r29, 0x00	; 0
    2fb0:	dd 23       	and	r29, r29
    2fb2:	14 f4       	brge	.+4      	; 0x2fb8 <__vector_47+0x2dc>
    2fb4:	c0 e0       	ldi	r28, 0x00	; 0
    2fb6:	d0 e0       	ldi	r29, 0x00	; 0
    2fb8:	c0 93 07 24 	sts	0x2407, r28	; 0x802407 <dimmer>
    2fbc:	79 c1       	rjmp	.+754    	; 0x32b0 <__vector_47+0x5d4>
    2fbe:	80 91 06 24 	lds	r24, 0x2406	; 0x802406 <inputSens1>
    2fc2:	c8 0f       	add	r28, r24
    2fc4:	d1 1d       	adc	r29, r1
    2fc6:	cf 3f       	cpi	r28, 0xFF	; 255
    2fc8:	d1 05       	cpc	r29, r1
    2fca:	19 f0       	breq	.+6      	; 0x2fd2 <__vector_47+0x2f6>
    2fcc:	14 f0       	brlt	.+4      	; 0x2fd2 <__vector_47+0x2f6>
    2fce:	cf ef       	ldi	r28, 0xFF	; 255
    2fd0:	d0 e0       	ldi	r29, 0x00	; 0
    2fd2:	dd 23       	and	r29, r29
    2fd4:	14 f4       	brge	.+4      	; 0x2fda <__vector_47+0x2fe>
    2fd6:	c0 e0       	ldi	r28, 0x00	; 0
    2fd8:	d0 e0       	ldi	r29, 0x00	; 0
    2fda:	c0 93 06 24 	sts	0x2406, r28	; 0x802406 <inputSens1>
    2fde:	68 c1       	rjmp	.+720    	; 0x32b0 <__vector_47+0x5d4>
    2fe0:	80 91 05 24 	lds	r24, 0x2405	; 0x802405 <inputSens2>
    2fe4:	c8 0f       	add	r28, r24
    2fe6:	d1 1d       	adc	r29, r1
    2fe8:	cf 3f       	cpi	r28, 0xFF	; 255
    2fea:	d1 05       	cpc	r29, r1
    2fec:	19 f0       	breq	.+6      	; 0x2ff4 <__vector_47+0x318>
    2fee:	14 f0       	brlt	.+4      	; 0x2ff4 <__vector_47+0x318>
    2ff0:	cf ef       	ldi	r28, 0xFF	; 255
    2ff2:	d0 e0       	ldi	r29, 0x00	; 0
    2ff4:	dd 23       	and	r29, r29
    2ff6:	14 f4       	brge	.+4      	; 0x2ffc <__vector_47+0x320>
    2ff8:	c0 e0       	ldi	r28, 0x00	; 0
    2ffa:	d0 e0       	ldi	r29, 0x00	; 0
    2ffc:	c0 93 05 24 	sts	0x2405, r28	; 0x802405 <inputSens2>
    3000:	57 c1       	rjmp	.+686    	; 0x32b0 <__vector_47+0x5d4>
    3002:	80 91 04 24 	lds	r24, 0x2404	; 0x802404 <inputSens3>
    3006:	c8 0f       	add	r28, r24
    3008:	d1 1d       	adc	r29, r1
    300a:	cf 3f       	cpi	r28, 0xFF	; 255
    300c:	d1 05       	cpc	r29, r1
    300e:	19 f0       	breq	.+6      	; 0x3016 <__vector_47+0x33a>
    3010:	14 f0       	brlt	.+4      	; 0x3016 <__vector_47+0x33a>
    3012:	cf ef       	ldi	r28, 0xFF	; 255
    3014:	d0 e0       	ldi	r29, 0x00	; 0
    3016:	dd 23       	and	r29, r29
    3018:	14 f4       	brge	.+4      	; 0x301e <__vector_47+0x342>
    301a:	c0 e0       	ldi	r28, 0x00	; 0
    301c:	d0 e0       	ldi	r29, 0x00	; 0
    301e:	c0 93 04 24 	sts	0x2404, r28	; 0x802404 <inputSens3>
    3022:	46 c1       	rjmp	.+652    	; 0x32b0 <__vector_47+0x5d4>
    3024:	80 91 03 24 	lds	r24, 0x2403	; 0x802403 <inputSens4>
    3028:	c8 0f       	add	r28, r24
    302a:	d1 1d       	adc	r29, r1
    302c:	cf 3f       	cpi	r28, 0xFF	; 255
    302e:	d1 05       	cpc	r29, r1
    3030:	19 f0       	breq	.+6      	; 0x3038 <__vector_47+0x35c>
    3032:	14 f0       	brlt	.+4      	; 0x3038 <__vector_47+0x35c>
    3034:	cf ef       	ldi	r28, 0xFF	; 255
    3036:	d0 e0       	ldi	r29, 0x00	; 0
    3038:	dd 23       	and	r29, r29
    303a:	14 f4       	brge	.+4      	; 0x3040 <__vector_47+0x364>
    303c:	c0 e0       	ldi	r28, 0x00	; 0
    303e:	d0 e0       	ldi	r29, 0x00	; 0
    3040:	c0 93 03 24 	sts	0x2403, r28	; 0x802403 <inputSens4>
    3044:	35 c1       	rjmp	.+618    	; 0x32b0 <__vector_47+0x5d4>
    3046:	80 91 02 24 	lds	r24, 0x2402	; 0x802402 <inputSens5>
    304a:	c8 0f       	add	r28, r24
    304c:	d1 1d       	adc	r29, r1
    304e:	cf 3f       	cpi	r28, 0xFF	; 255
    3050:	d1 05       	cpc	r29, r1
    3052:	19 f0       	breq	.+6      	; 0x305a <__vector_47+0x37e>
    3054:	14 f0       	brlt	.+4      	; 0x305a <__vector_47+0x37e>
    3056:	cf ef       	ldi	r28, 0xFF	; 255
    3058:	d0 e0       	ldi	r29, 0x00	; 0
    305a:	dd 23       	and	r29, r29
    305c:	14 f4       	brge	.+4      	; 0x3062 <__vector_47+0x386>
    305e:	c0 e0       	ldi	r28, 0x00	; 0
    3060:	d0 e0       	ldi	r29, 0x00	; 0
    3062:	c0 93 02 24 	sts	0x2402, r28	; 0x802402 <inputSens5>
    3066:	24 c1       	rjmp	.+584    	; 0x32b0 <__vector_47+0x5d4>
    3068:	80 91 01 24 	lds	r24, 0x2401	; 0x802401 <inputSens6>
    306c:	c8 0f       	add	r28, r24
    306e:	d1 1d       	adc	r29, r1
    3070:	cf 3f       	cpi	r28, 0xFF	; 255
    3072:	d1 05       	cpc	r29, r1
    3074:	19 f0       	breq	.+6      	; 0x307c <__vector_47+0x3a0>
    3076:	14 f0       	brlt	.+4      	; 0x307c <__vector_47+0x3a0>
    3078:	cf ef       	ldi	r28, 0xFF	; 255
    307a:	d0 e0       	ldi	r29, 0x00	; 0
    307c:	dd 23       	and	r29, r29
    307e:	14 f4       	brge	.+4      	; 0x3084 <__vector_47+0x3a8>
    3080:	c0 e0       	ldi	r28, 0x00	; 0
    3082:	d0 e0       	ldi	r29, 0x00	; 0
    3084:	c0 93 01 24 	sts	0x2401, r28	; 0x802401 <inputSens6>
    3088:	13 c1       	rjmp	.+550    	; 0x32b0 <__vector_47+0x5d4>
    308a:	80 91 00 24 	lds	r24, 0x2400	; 0x802400 <nbPixels1>
    308e:	c8 0f       	add	r28, r24
    3090:	d1 1d       	adc	r29, r1
    3092:	ca 30       	cpi	r28, 0x0A	; 10
    3094:	d1 05       	cpc	r29, r1
    3096:	34 f0       	brlt	.+12     	; 0x30a4 <__vector_47+0x3c8>
    3098:	cf 31       	cpi	r28, 0x1F	; 31
    309a:	d1 05       	cpc	r29, r1
    309c:	2c f0       	brlt	.+10     	; 0x30a8 <__vector_47+0x3cc>
    309e:	ce e1       	ldi	r28, 0x1E	; 30
    30a0:	d0 e0       	ldi	r29, 0x00	; 0
    30a2:	02 c0       	rjmp	.+4      	; 0x30a8 <__vector_47+0x3cc>
    30a4:	ca e0       	ldi	r28, 0x0A	; 10
    30a6:	d0 e0       	ldi	r29, 0x00	; 0
    30a8:	c0 93 00 24 	sts	0x2400, r28	; 0x802400 <nbPixels1>
    30ac:	01 c1       	rjmp	.+514    	; 0x32b0 <__vector_47+0x5d4>
    30ae:	80 91 ff 23 	lds	r24, 0x23FF	; 0x8023ff <nbPixels2>
    30b2:	c8 0f       	add	r28, r24
    30b4:	d1 1d       	adc	r29, r1
    30b6:	ca 30       	cpi	r28, 0x0A	; 10
    30b8:	d1 05       	cpc	r29, r1
    30ba:	34 f0       	brlt	.+12     	; 0x30c8 <__vector_47+0x3ec>
    30bc:	cf 31       	cpi	r28, 0x1F	; 31
    30be:	d1 05       	cpc	r29, r1
    30c0:	2c f0       	brlt	.+10     	; 0x30cc <__vector_47+0x3f0>
    30c2:	ce e1       	ldi	r28, 0x1E	; 30
    30c4:	d0 e0       	ldi	r29, 0x00	; 0
    30c6:	02 c0       	rjmp	.+4      	; 0x30cc <__vector_47+0x3f0>
    30c8:	ca e0       	ldi	r28, 0x0A	; 10
    30ca:	d0 e0       	ldi	r29, 0x00	; 0
    30cc:	c0 93 ff 23 	sts	0x23FF, r28	; 0x8023ff <nbPixels2>
    30d0:	ef c0       	rjmp	.+478    	; 0x32b0 <__vector_47+0x5d4>
    30d2:	80 91 fe 23 	lds	r24, 0x23FE	; 0x8023fe <nbPixels3>
    30d6:	c8 0f       	add	r28, r24
    30d8:	d1 1d       	adc	r29, r1
    30da:	ca 30       	cpi	r28, 0x0A	; 10
    30dc:	d1 05       	cpc	r29, r1
    30de:	34 f0       	brlt	.+12     	; 0x30ec <__vector_47+0x410>
    30e0:	cf 31       	cpi	r28, 0x1F	; 31
    30e2:	d1 05       	cpc	r29, r1
    30e4:	2c f0       	brlt	.+10     	; 0x30f0 <__vector_47+0x414>
    30e6:	ce e1       	ldi	r28, 0x1E	; 30
    30e8:	d0 e0       	ldi	r29, 0x00	; 0
    30ea:	02 c0       	rjmp	.+4      	; 0x30f0 <__vector_47+0x414>
    30ec:	ca e0       	ldi	r28, 0x0A	; 10
    30ee:	d0 e0       	ldi	r29, 0x00	; 0
    30f0:	c0 93 fe 23 	sts	0x23FE, r28	; 0x8023fe <nbPixels3>
    30f4:	dd c0       	rjmp	.+442    	; 0x32b0 <__vector_47+0x5d4>
    30f6:	80 91 fd 23 	lds	r24, 0x23FD	; 0x8023fd <nbPixels4>
    30fa:	c8 0f       	add	r28, r24
    30fc:	d1 1d       	adc	r29, r1
    30fe:	ca 30       	cpi	r28, 0x0A	; 10
    3100:	d1 05       	cpc	r29, r1
    3102:	34 f0       	brlt	.+12     	; 0x3110 <__vector_47+0x434>
    3104:	cf 31       	cpi	r28, 0x1F	; 31
    3106:	d1 05       	cpc	r29, r1
    3108:	2c f0       	brlt	.+10     	; 0x3114 <__vector_47+0x438>
    310a:	ce e1       	ldi	r28, 0x1E	; 30
    310c:	d0 e0       	ldi	r29, 0x00	; 0
    310e:	02 c0       	rjmp	.+4      	; 0x3114 <__vector_47+0x438>
    3110:	ca e0       	ldi	r28, 0x0A	; 10
    3112:	d0 e0       	ldi	r29, 0x00	; 0
    3114:	c0 93 fd 23 	sts	0x23FD, r28	; 0x8023fd <nbPixels4>
    3118:	cb c0       	rjmp	.+406    	; 0x32b0 <__vector_47+0x5d4>
    311a:	80 91 fc 23 	lds	r24, 0x23FC	; 0x8023fc <nbPixels5>
    311e:	c8 0f       	add	r28, r24
    3120:	d1 1d       	adc	r29, r1
    3122:	ca 30       	cpi	r28, 0x0A	; 10
    3124:	d1 05       	cpc	r29, r1
    3126:	34 f0       	brlt	.+12     	; 0x3134 <__vector_47+0x458>
    3128:	cf 31       	cpi	r28, 0x1F	; 31
    312a:	d1 05       	cpc	r29, r1
    312c:	2c f0       	brlt	.+10     	; 0x3138 <__vector_47+0x45c>
    312e:	ce e1       	ldi	r28, 0x1E	; 30
    3130:	d0 e0       	ldi	r29, 0x00	; 0
    3132:	02 c0       	rjmp	.+4      	; 0x3138 <__vector_47+0x45c>
    3134:	ca e0       	ldi	r28, 0x0A	; 10
    3136:	d0 e0       	ldi	r29, 0x00	; 0
    3138:	c0 93 fc 23 	sts	0x23FC, r28	; 0x8023fc <nbPixels5>
    313c:	b9 c0       	rjmp	.+370    	; 0x32b0 <__vector_47+0x5d4>
    313e:	80 91 fb 23 	lds	r24, 0x23FB	; 0x8023fb <nbPixels6>
    3142:	c8 0f       	add	r28, r24
    3144:	d1 1d       	adc	r29, r1
    3146:	ca 30       	cpi	r28, 0x0A	; 10
    3148:	d1 05       	cpc	r29, r1
    314a:	34 f0       	brlt	.+12     	; 0x3158 <__vector_47+0x47c>
    314c:	cf 31       	cpi	r28, 0x1F	; 31
    314e:	d1 05       	cpc	r29, r1
    3150:	2c f0       	brlt	.+10     	; 0x315c <__vector_47+0x480>
    3152:	ce e1       	ldi	r28, 0x1E	; 30
    3154:	d0 e0       	ldi	r29, 0x00	; 0
    3156:	02 c0       	rjmp	.+4      	; 0x315c <__vector_47+0x480>
    3158:	ca e0       	ldi	r28, 0x0A	; 10
    315a:	d0 e0       	ldi	r29, 0x00	; 0
    315c:	c0 93 fb 23 	sts	0x23FB, r28	; 0x8023fb <nbPixels6>
    3160:	a7 c0       	rjmp	.+334    	; 0x32b0 <__vector_47+0x5d4>
    3162:	80 91 0f 24 	lds	r24, 0x240F	; 0x80240f <animation>
    3166:	c8 0f       	add	r28, r24
    3168:	d1 1d       	adc	r29, r1
    316a:	c9 30       	cpi	r28, 0x09	; 9
    316c:	d1 05       	cpc	r29, r1
    316e:	14 f0       	brlt	.+4      	; 0x3174 <__vector_47+0x498>
    3170:	c8 e0       	ldi	r28, 0x08	; 8
    3172:	d0 e0       	ldi	r29, 0x00	; 0
    3174:	dd 23       	and	r29, r29
    3176:	14 f4       	brge	.+4      	; 0x317c <__vector_47+0x4a0>
    3178:	c0 e0       	ldi	r28, 0x00	; 0
    317a:	d0 e0       	ldi	r29, 0x00	; 0
    317c:	c0 93 0f 24 	sts	0x240F, r28	; 0x80240f <animation>
    3180:	97 c0       	rjmp	.+302    	; 0x32b0 <__vector_47+0x5d4>
    3182:	80 91 6d 30 	lds	r24, 0x306D	; 0x80306d <animationTrigger>
    3186:	c8 0f       	add	r28, r24
    3188:	d1 1d       	adc	r29, r1
    318a:	c7 30       	cpi	r28, 0x07	; 7
    318c:	d1 05       	cpc	r29, r1
    318e:	14 f0       	brlt	.+4      	; 0x3194 <__vector_47+0x4b8>
    3190:	c6 e0       	ldi	r28, 0x06	; 6
    3192:	d0 e0       	ldi	r29, 0x00	; 0
    3194:	dd 23       	and	r29, r29
    3196:	14 f4       	brge	.+4      	; 0x319c <__vector_47+0x4c0>
    3198:	c0 e0       	ldi	r28, 0x00	; 0
    319a:	d0 e0       	ldi	r29, 0x00	; 0
    319c:	c0 93 6d 30 	sts	0x306D, r28	; 0x80306d <animationTrigger>
    31a0:	87 c0       	rjmp	.+270    	; 0x32b0 <__vector_47+0x5d4>
    31a2:	80 91 f8 23 	lds	r24, 0x23F8	; 0x8023f8 <midiNote1>
    31a6:	c8 0f       	add	r28, r24
    31a8:	d1 1d       	adc	r29, r1
    31aa:	c2 33       	cpi	r28, 0x32	; 50
    31ac:	d1 05       	cpc	r29, r1
    31ae:	34 f0       	brlt	.+12     	; 0x31bc <__vector_47+0x4e0>
    31b0:	c1 35       	cpi	r28, 0x51	; 81
    31b2:	d1 05       	cpc	r29, r1
    31b4:	2c f0       	brlt	.+10     	; 0x31c0 <__vector_47+0x4e4>
    31b6:	c0 e5       	ldi	r28, 0x50	; 80
    31b8:	d0 e0       	ldi	r29, 0x00	; 0
    31ba:	02 c0       	rjmp	.+4      	; 0x31c0 <__vector_47+0x4e4>
    31bc:	c2 e3       	ldi	r28, 0x32	; 50
    31be:	d0 e0       	ldi	r29, 0x00	; 0
    31c0:	c0 93 f8 23 	sts	0x23F8, r28	; 0x8023f8 <midiNote1>
    31c4:	c0 93 01 23 	sts	0x2301, r28	; 0x802301 <note_for_trigger>
    31c8:	73 c0       	rjmp	.+230    	; 0x32b0 <__vector_47+0x5d4>
    31ca:	80 91 f7 23 	lds	r24, 0x23F7	; 0x8023f7 <midiNote2>
    31ce:	c8 0f       	add	r28, r24
    31d0:	d1 1d       	adc	r29, r1
    31d2:	c2 33       	cpi	r28, 0x32	; 50
    31d4:	d1 05       	cpc	r29, r1
    31d6:	34 f0       	brlt	.+12     	; 0x31e4 <__vector_47+0x508>
    31d8:	c1 35       	cpi	r28, 0x51	; 81
    31da:	d1 05       	cpc	r29, r1
    31dc:	2c f0       	brlt	.+10     	; 0x31e8 <__vector_47+0x50c>
    31de:	c0 e5       	ldi	r28, 0x50	; 80
    31e0:	d0 e0       	ldi	r29, 0x00	; 0
    31e2:	02 c0       	rjmp	.+4      	; 0x31e8 <__vector_47+0x50c>
    31e4:	c2 e3       	ldi	r28, 0x32	; 50
    31e6:	d0 e0       	ldi	r29, 0x00	; 0
    31e8:	c0 93 f7 23 	sts	0x23F7, r28	; 0x8023f7 <midiNote2>
    31ec:	c0 93 02 23 	sts	0x2302, r28	; 0x802302 <note_for_trigger+0x1>
    31f0:	5f c0       	rjmp	.+190    	; 0x32b0 <__vector_47+0x5d4>
    31f2:	80 91 f6 23 	lds	r24, 0x23F6	; 0x8023f6 <midiNote3>
    31f6:	c8 0f       	add	r28, r24
    31f8:	d1 1d       	adc	r29, r1
    31fa:	c2 33       	cpi	r28, 0x32	; 50
    31fc:	d1 05       	cpc	r29, r1
    31fe:	34 f0       	brlt	.+12     	; 0x320c <__vector_47+0x530>
    3200:	c1 35       	cpi	r28, 0x51	; 81
    3202:	d1 05       	cpc	r29, r1
    3204:	2c f0       	brlt	.+10     	; 0x3210 <__vector_47+0x534>
    3206:	c0 e5       	ldi	r28, 0x50	; 80
    3208:	d0 e0       	ldi	r29, 0x00	; 0
    320a:	02 c0       	rjmp	.+4      	; 0x3210 <__vector_47+0x534>
    320c:	c2 e3       	ldi	r28, 0x32	; 50
    320e:	d0 e0       	ldi	r29, 0x00	; 0
    3210:	c0 93 f6 23 	sts	0x23F6, r28	; 0x8023f6 <midiNote3>
    3214:	c0 93 03 23 	sts	0x2303, r28	; 0x802303 <note_for_trigger+0x2>
    3218:	4b c0       	rjmp	.+150    	; 0x32b0 <__vector_47+0x5d4>
    321a:	80 91 f5 23 	lds	r24, 0x23F5	; 0x8023f5 <midiNote4>
    321e:	c8 0f       	add	r28, r24
    3220:	d1 1d       	adc	r29, r1
    3222:	c2 33       	cpi	r28, 0x32	; 50
    3224:	d1 05       	cpc	r29, r1
    3226:	34 f0       	brlt	.+12     	; 0x3234 <__vector_47+0x558>
    3228:	c1 35       	cpi	r28, 0x51	; 81
    322a:	d1 05       	cpc	r29, r1
    322c:	2c f0       	brlt	.+10     	; 0x3238 <__vector_47+0x55c>
    322e:	c0 e5       	ldi	r28, 0x50	; 80
    3230:	d0 e0       	ldi	r29, 0x00	; 0
    3232:	02 c0       	rjmp	.+4      	; 0x3238 <__vector_47+0x55c>
    3234:	c2 e3       	ldi	r28, 0x32	; 50
    3236:	d0 e0       	ldi	r29, 0x00	; 0
    3238:	c0 93 f5 23 	sts	0x23F5, r28	; 0x8023f5 <midiNote4>
    323c:	c0 93 04 23 	sts	0x2304, r28	; 0x802304 <note_for_trigger+0x3>
    3240:	37 c0       	rjmp	.+110    	; 0x32b0 <__vector_47+0x5d4>
    3242:	80 91 f4 23 	lds	r24, 0x23F4	; 0x8023f4 <midiNote5>
    3246:	c8 0f       	add	r28, r24
    3248:	d1 1d       	adc	r29, r1
    324a:	c2 33       	cpi	r28, 0x32	; 50
    324c:	d1 05       	cpc	r29, r1
    324e:	34 f0       	brlt	.+12     	; 0x325c <__vector_47+0x580>
    3250:	c1 35       	cpi	r28, 0x51	; 81
    3252:	d1 05       	cpc	r29, r1
    3254:	2c f0       	brlt	.+10     	; 0x3260 <__vector_47+0x584>
    3256:	c0 e5       	ldi	r28, 0x50	; 80
    3258:	d0 e0       	ldi	r29, 0x00	; 0
    325a:	02 c0       	rjmp	.+4      	; 0x3260 <__vector_47+0x584>
    325c:	c2 e3       	ldi	r28, 0x32	; 50
    325e:	d0 e0       	ldi	r29, 0x00	; 0
    3260:	c0 93 f4 23 	sts	0x23F4, r28	; 0x8023f4 <midiNote5>
    3264:	c0 93 05 23 	sts	0x2305, r28	; 0x802305 <note_for_trigger+0x4>
    3268:	23 c0       	rjmp	.+70     	; 0x32b0 <__vector_47+0x5d4>
    326a:	80 91 f3 23 	lds	r24, 0x23F3	; 0x8023f3 <midiNote6>
    326e:	c8 0f       	add	r28, r24
    3270:	d1 1d       	adc	r29, r1
    3272:	c2 33       	cpi	r28, 0x32	; 50
    3274:	d1 05       	cpc	r29, r1
    3276:	34 f0       	brlt	.+12     	; 0x3284 <__vector_47+0x5a8>
    3278:	c1 35       	cpi	r28, 0x51	; 81
    327a:	d1 05       	cpc	r29, r1
    327c:	2c f0       	brlt	.+10     	; 0x3288 <__vector_47+0x5ac>
    327e:	c0 e5       	ldi	r28, 0x50	; 80
    3280:	d0 e0       	ldi	r29, 0x00	; 0
    3282:	02 c0       	rjmp	.+4      	; 0x3288 <__vector_47+0x5ac>
    3284:	c2 e3       	ldi	r28, 0x32	; 50
    3286:	d0 e0       	ldi	r29, 0x00	; 0
    3288:	c0 93 f3 23 	sts	0x23F3, r28	; 0x8023f3 <midiNote6>
    328c:	c0 93 06 23 	sts	0x2306, r28	; 0x802306 <note_for_trigger+0x5>
    3290:	0f c0       	rjmp	.+30     	; 0x32b0 <__vector_47+0x5d4>
    3292:	80 91 6c 30 	lds	r24, 0x306C	; 0x80306c <releaseCurve>
    3296:	c8 0f       	add	r28, r24
    3298:	d1 1d       	adc	r29, r1
    329a:	c4 30       	cpi	r28, 0x04	; 4
    329c:	d1 05       	cpc	r29, r1
    329e:	14 f0       	brlt	.+4      	; 0x32a4 <__vector_47+0x5c8>
    32a0:	c3 e0       	ldi	r28, 0x03	; 3
    32a2:	d0 e0       	ldi	r29, 0x00	; 0
    32a4:	dd 23       	and	r29, r29
    32a6:	14 f4       	brge	.+4      	; 0x32ac <__vector_47+0x5d0>
    32a8:	c0 e0       	ldi	r28, 0x00	; 0
    32aa:	d0 e0       	ldi	r29, 0x00	; 0
    32ac:	c0 93 6c 30 	sts	0x306C, r28	; 0x80306c <releaseCurve>
    32b0:	10 92 6f 30 	sts	0x306F, r1	; 0x80306f <processingEncoder>
    32b4:	10 92 70 30 	sts	0x3070, r1	; 0x803070 <processingEncoder+0x1>
    32b8:	ff 91       	pop	r31
    32ba:	ef 91       	pop	r30
    32bc:	df 91       	pop	r29
    32be:	cf 91       	pop	r28
    32c0:	bf 91       	pop	r27
    32c2:	af 91       	pop	r26
    32c4:	9f 91       	pop	r25
    32c6:	8f 91       	pop	r24
    32c8:	7f 91       	pop	r23
    32ca:	6f 91       	pop	r22
    32cc:	5f 91       	pop	r21
    32ce:	4f 91       	pop	r20
    32d0:	3f 91       	pop	r19
    32d2:	2f 91       	pop	r18
    32d4:	1f 91       	pop	r17
    32d6:	0f 91       	pop	r16
    32d8:	0f 90       	pop	r0
    32da:	0b be       	out	0x3b, r0	; 59
    32dc:	0f 90       	pop	r0
    32de:	0f be       	out	0x3f, r0	; 63
    32e0:	0f 90       	pop	r0
    32e2:	1f 90       	pop	r1
    32e4:	18 95       	reti

000032e6 <loadPresetFactory>:
    32e6:	ef 92       	push	r14
    32e8:	ff 92       	push	r15
    32ea:	0f 93       	push	r16
    32ec:	1f 93       	push	r17
    32ee:	cf 93       	push	r28
    32f0:	df 93       	push	r29
    32f2:	cd b7       	in	r28, 0x3d	; 61
    32f4:	de b7       	in	r29, 0x3e	; 62
    32f6:	2b 97       	sbiw	r28, 0x0b	; 11
    32f8:	cd bf       	out	0x3d, r28	; 61
    32fa:	de bf       	out	0x3e, r29	; 62
    32fc:	20 93 0d 24 	sts	0x240D, r18	; 0x80240d <colorR1>
    3300:	30 93 0c 24 	sts	0x240C, r19	; 0x80240c <colorG1>
    3304:	40 93 0b 24 	sts	0x240B, r20	; 0x80240b <colorB1>
    3308:	50 93 0a 24 	sts	0x240A, r21	; 0x80240a <colorR2>
    330c:	60 93 09 24 	sts	0x2409, r22	; 0x802409 <colorG2>
    3310:	70 93 08 24 	sts	0x2408, r23	; 0x802408 <colorB2>
    3314:	00 93 0e 24 	sts	0x240E, r16	; 0x80240e <release>
    3318:	f0 92 6d 30 	sts	0x306D, r15	; 0x80306d <animationTrigger>
    331c:	e0 92 0f 24 	sts	0x240F, r14	; 0x80240f <animation>
    3320:	11 50       	subi	r17, 0x01	; 1
    3322:	10 93 6c 30 	sts	0x306C, r17	; 0x80306c <releaseCurve>
    3326:	80 93 07 24 	sts	0x2407, r24	; 0x802407 <dimmer>
    332a:	61 e0       	ldi	r22, 0x01	; 1
    332c:	80 e0       	ldi	r24, 0x00	; 0
    332e:	0e 94 e9 08 	call	0x11d2	; 0x11d2 <i2c_lcd_set_cursor>
    3332:	8d e9       	ldi	r24, 0x9D	; 157
    3334:	9b e2       	ldi	r25, 0x2B	; 43
    3336:	0e 94 11 09 	call	0x1222	; 0x1222 <i2c_lcd_write_text>
    333a:	61 da       	rcall	.-2878   	; 0x27fe <WriteConfigToNVM>
    333c:	2b 96       	adiw	r28, 0x0b	; 11
    333e:	cd bf       	out	0x3d, r28	; 61
    3340:	de bf       	out	0x3e, r29	; 62
    3342:	df 91       	pop	r29
    3344:	cf 91       	pop	r28
    3346:	1f 91       	pop	r17
    3348:	0f 91       	pop	r16
    334a:	ff 90       	pop	r15
    334c:	ef 90       	pop	r14
    334e:	08 95       	ret

00003350 <__vector_4>:
	_delay_ms(250);
	BOX_LED_PORT.OUTCLR |= BOX_LED1_PIN | BOX_LED2_PIN;
	sei();*/
 }
 
 ISR(BUTTON_PRESSED12){
    3350:	1f 92       	push	r1
    3352:	0f 92       	push	r0
    3354:	0f b6       	in	r0, 0x3f	; 63
    3356:	0f 92       	push	r0
    3358:	11 24       	eor	r1, r1
    335a:	0b b6       	in	r0, 0x3b	; 59
    335c:	0f 92       	push	r0
    335e:	2f 93       	push	r18
    3360:	3f 93       	push	r19
    3362:	4f 93       	push	r20
    3364:	5f 93       	push	r21
    3366:	6f 93       	push	r22
    3368:	7f 93       	push	r23
    336a:	8f 93       	push	r24
    336c:	9f 93       	push	r25
    336e:	af 93       	push	r26
    3370:	bf 93       	push	r27
    3372:	ef 93       	push	r30
    3374:	ff 93       	push	r31

	if (!editingValue && menuLevel != 0){
    3376:	80 91 71 30 	lds	r24, 0x3071	; 0x803071 <editingValue>
    337a:	81 11       	cpse	r24, r1
    337c:	0f c0       	rjmp	.+30     	; 0x339c <__vector_4+0x4c>
    337e:	80 91 7c 30 	lds	r24, 0x307C	; 0x80307c <menuLevel>
    3382:	90 91 7d 30 	lds	r25, 0x307D	; 0x80307d <menuLevel+0x1>
    3386:	00 97       	sbiw	r24, 0x00	; 0
    3388:	91 f0       	breq	.+36     	; 0x33ae <__vector_4+0x5e>
	
		menuLevel--;
    338a:	01 97       	sbiw	r24, 0x01	; 1
    338c:	80 93 7c 30 	sts	0x307C, r24	; 0x80307c <menuLevel>
    3390:	90 93 7d 30 	sts	0x307D, r25	; 0x80307d <menuLevel+0x1>
		updateMenuState(0);
    3394:	80 e0       	ldi	r24, 0x00	; 0
    3396:	90 e0       	ldi	r25, 0x00	; 0
    3398:	7b db       	rcall	.-2314   	; 0x2a90 <updateMenuState>
		return;
    339a:	09 c0       	rjmp	.+18     	; 0x33ae <__vector_4+0x5e>
		
	} else {
	
		if (editingValue == 1){
    339c:	81 30       	cpi	r24, 0x01	; 1
			WriteConfigToNVM();
    339e:	39 f4       	brne	.+14     	; 0x33ae <__vector_4+0x5e>
    33a0:	2e da       	rcall	.-2980   	; 0x27fe <WriteConfigToNVM>
		} else {
			return;
		}
		
		editingValue ^= 1;
    33a2:	90 91 71 30 	lds	r25, 0x3071	; 0x803071 <editingValue>
    33a6:	81 e0       	ldi	r24, 0x01	; 1
    33a8:	89 27       	eor	r24, r25
    33aa:	80 93 71 30 	sts	0x3071, r24	; 0x803071 <editingValue>
	}
 }
    33ae:	ff 91       	pop	r31
    33b0:	ef 91       	pop	r30
    33b2:	bf 91       	pop	r27
    33b4:	af 91       	pop	r26
    33b6:	9f 91       	pop	r25
    33b8:	8f 91       	pop	r24
    33ba:	7f 91       	pop	r23
    33bc:	6f 91       	pop	r22
    33be:	5f 91       	pop	r21
    33c0:	4f 91       	pop	r20
    33c2:	3f 91       	pop	r19
    33c4:	2f 91       	pop	r18
    33c6:	0f 90       	pop	r0
    33c8:	0b be       	out	0x3b, r0	; 59
    33ca:	0f 90       	pop	r0
    33cc:	0f be       	out	0x3f, r0	; 63
    33ce:	0f 90       	pop	r0
    33d0:	1f 90       	pop	r1
    33d2:	18 95       	reti

000033d4 <__vector_64>:
 
 int lastCounterButton = 0;
 
 ISR(BUTTON_PRESSED34ENC){
    33d4:	1f 92       	push	r1
    33d6:	0f 92       	push	r0
    33d8:	0f b6       	in	r0, 0x3f	; 63
    33da:	0f 92       	push	r0
    33dc:	11 24       	eor	r1, r1
    33de:	0b b6       	in	r0, 0x3b	; 59
    33e0:	0f 92       	push	r0
    33e2:	ef 92       	push	r14
    33e4:	ff 92       	push	r15
    33e6:	0f 93       	push	r16
    33e8:	1f 93       	push	r17
    33ea:	2f 93       	push	r18
    33ec:	3f 93       	push	r19
    33ee:	4f 93       	push	r20
    33f0:	5f 93       	push	r21
    33f2:	6f 93       	push	r22
    33f4:	7f 93       	push	r23
    33f6:	8f 93       	push	r24
    33f8:	9f 93       	push	r25
    33fa:	af 93       	push	r26
    33fc:	bf 93       	push	r27
    33fe:	cf 93       	push	r28
    3400:	df 93       	push	r29
    3402:	ef 93       	push	r30
    3404:	ff 93       	push	r31

	if ((countTCF0 - lastCounterButton) < 10){
    3406:	40 91 7e 30 	lds	r20, 0x307E	; 0x80307e <countTCF0>
    340a:	50 91 7f 30 	lds	r21, 0x307F	; 0x80307f <countTCF0+0x1>
    340e:	60 91 80 30 	lds	r22, 0x3080	; 0x803080 <countTCF0+0x2>
    3412:	70 91 81 30 	lds	r23, 0x3081	; 0x803081 <countTCF0+0x3>
    3416:	80 91 50 30 	lds	r24, 0x3050	; 0x803050 <lastCounterButton>
    341a:	90 91 51 30 	lds	r25, 0x3051	; 0x803051 <lastCounterButton+0x1>
    341e:	09 2e       	mov	r0, r25
    3420:	00 0c       	add	r0, r0
    3422:	aa 0b       	sbc	r26, r26
    3424:	bb 0b       	sbc	r27, r27
    3426:	8a 01       	movw	r16, r20
    3428:	9b 01       	movw	r18, r22
    342a:	08 1b       	sub	r16, r24
    342c:	19 0b       	sbc	r17, r25
    342e:	2a 0b       	sbc	r18, r26
    3430:	3b 0b       	sbc	r19, r27
    3432:	0a 30       	cpi	r16, 0x0A	; 10
    3434:	11 05       	cpc	r17, r1
    3436:	21 05       	cpc	r18, r1
    3438:	31 05       	cpc	r19, r1
    343a:	08 f4       	brcc	.+2      	; 0x343e <__vector_64+0x6a>
    343c:	27 c1       	rjmp	.+590    	; 0x368c <__vector_64+0x2b8>
		return;
	}

	lastCounterButton = countTCF0;
    343e:	40 93 50 30 	sts	0x3050, r20	; 0x803050 <lastCounterButton>
    3442:	50 93 51 30 	sts	0x3051, r21	; 0x803051 <lastCounterButton+0x1>
	 
	 if (menuState == MENU_STATE_BACK){
    3446:	c0 91 7a 30 	lds	r28, 0x307A	; 0x80307a <menuState>
    344a:	d0 91 7b 30 	lds	r29, 0x307B	; 0x80307b <menuState+0x1>
    344e:	c7 32       	cpi	r28, 0x27	; 39
    3450:	d1 05       	cpc	r29, r1
    3452:	69 f4       	brne	.+26     	; 0x346e <__vector_64+0x9a>
		
		menuLevel--;
    3454:	80 91 7c 30 	lds	r24, 0x307C	; 0x80307c <menuLevel>
    3458:	90 91 7d 30 	lds	r25, 0x307D	; 0x80307d <menuLevel+0x1>
    345c:	01 97       	sbiw	r24, 0x01	; 1
    345e:	80 93 7c 30 	sts	0x307C, r24	; 0x80307c <menuLevel>
    3462:	90 93 7d 30 	sts	0x307D, r25	; 0x80307d <menuLevel+0x1>
		updateMenuState(0);
    3466:	80 e0       	ldi	r24, 0x00	; 0
    3468:	90 e0       	ldi	r25, 0x00	; 0
    346a:	12 db       	rcall	.-2524   	; 0x2a90 <updateMenuState>
		
		return;
    346c:	0f c1       	rjmp	.+542    	; 0x368c <__vector_64+0x2b8>
	 }

	 if (menuState == MENU_L1_ACTIVATION ||
    346e:	ce 01       	movw	r24, r28
    3470:	87 56       	subi	r24, 0x67	; 103
    3472:	91 09       	sbc	r25, r1
    3474:	85 30       	cpi	r24, 0x05	; 5
    3476:	91 05       	cpc	r25, r1
    3478:	50 f0       	brcs	.+20     	; 0x348e <__vector_64+0xba>
		 menuState == MENU_L1_COLORS ||
		 menuState == MENU_L1_SETUP ||
    347a:	cd 36       	cpi	r28, 0x6D	; 109
    347c:	d1 05       	cpc	r29, r1
    347e:	39 f0       	breq	.+14     	; 0x348e <__vector_64+0xba>
		 menuState == MENU_L1_MIDI ||
		 menuState == MENU_L1_UPRESETS ||
		 menuState == MENU_L1_FPRESETS ||
    3480:	cf 96       	adiw	r24, 0x3f	; 63
    3482:	82 30       	cpi	r24, 0x02	; 2
    3484:	91 05       	cpc	r25, r1
    3486:	18 f0       	brcs	.+6      	; 0x348e <__vector_64+0xba>
		 menuState == MENU_STATE_FACTORY_PRESET ||
		 menuState == MENU_STATE_USER_PRESET ||
		 menuState == MENU_STATE_USE_USER_PRESET ||
    3488:	04 96       	adiw	r24, 0x04	; 4
    348a:	02 97       	sbiw	r24, 0x02	; 2
    348c:	a0 f4       	brcc	.+40     	; 0x34b6 <__vector_64+0xe2>
		 menuState == MENU_STATE_SAVE_USER_PRESET){
		
		menuLevel++;
    348e:	80 91 7c 30 	lds	r24, 0x307C	; 0x80307c <menuLevel>
    3492:	90 91 7d 30 	lds	r25, 0x307D	; 0x80307d <menuLevel+0x1>
    3496:	01 96       	adiw	r24, 0x01	; 1
    3498:	80 93 7c 30 	sts	0x307C, r24	; 0x80307c <menuLevel>
    349c:	90 93 7d 30 	sts	0x307D, r25	; 0x80307d <menuLevel+0x1>
		menuStates[menuLevel] = 0;
    34a0:	88 0f       	add	r24, r24
    34a2:	99 1f       	adc	r25, r25
    34a4:	fc 01       	movw	r30, r24
    34a6:	ee 58       	subi	r30, 0x8E	; 142
    34a8:	ff 4c       	sbci	r31, 0xCF	; 207
    34aa:	10 82       	st	Z, r1
    34ac:	11 82       	std	Z+1, r1	; 0x01
		updateMenuState(0);
    34ae:	80 e0       	ldi	r24, 0x00	; 0
    34b0:	90 e0       	ldi	r25, 0x00	; 0
    34b2:	ee da       	rcall	.-2596   	; 0x2a90 <updateMenuState>
	
		return;
    34b4:	eb c0       	rjmp	.+470    	; 0x368c <__vector_64+0x2b8>
	 }

	 // use user preset
	 if (menuStates[menuLevel-1] == 0 && menuState > 300){
    34b6:	e0 91 7c 30 	lds	r30, 0x307C	; 0x80307c <menuLevel>
    34ba:	f0 91 7d 30 	lds	r31, 0x307D	; 0x80307d <menuLevel+0x1>
    34be:	ee 0f       	add	r30, r30
    34c0:	ff 1f       	adc	r31, r31
    34c2:	e0 59       	subi	r30, 0x90	; 144
    34c4:	ff 4c       	sbci	r31, 0xCF	; 207
    34c6:	80 81       	ld	r24, Z
    34c8:	91 81       	ldd	r25, Z+1	; 0x01
    34ca:	00 97       	sbiw	r24, 0x00	; 0
    34cc:	09 f0       	breq	.+2      	; 0x34d0 <__vector_64+0xfc>
    34ce:	73 c0       	rjmp	.+230    	; 0x35b6 <__vector_64+0x1e2>
    34d0:	cd 32       	cpi	r28, 0x2D	; 45
    34d2:	11 e0       	ldi	r17, 0x01	; 1
    34d4:	d1 07       	cpc	r29, r17
    34d6:	0c f4       	brge	.+2      	; 0x34da <__vector_64+0x106>
    34d8:	c3 c0       	rjmp	.+390    	; 0x3660 <__vector_64+0x28c>

 inline void loadPreset(int presetNb, bool isUserPreset) {

	if (isUserPreset){

		nvm_eeprom_read_buffer((USER_PRESETS_PAGE_OFFSET + presetNb) * EEPROM_PAGE_SIZE, preset_page, EEPROM_PAGE_SIZE);
    34da:	ce 01       	movw	r24, r28
    34dc:	8b 52       	subi	r24, 0x2B	; 43
    34de:	91 40       	sbci	r25, 0x01	; 1
    34e0:	40 e2       	ldi	r20, 0x20	; 32
    34e2:	50 e0       	ldi	r21, 0x00	; 0
    34e4:	62 ec       	ldi	r22, 0xC2	; 194
    34e6:	70 e3       	ldi	r23, 0x30	; 48
    34e8:	88 0f       	add	r24, r24
    34ea:	99 1f       	adc	r25, r25
    34ec:	82 95       	swap	r24
    34ee:	92 95       	swap	r25
    34f0:	90 7f       	andi	r25, 0xF0	; 240
    34f2:	98 27       	eor	r25, r24
    34f4:	80 7f       	andi	r24, 0xF0	; 240
    34f6:	98 27       	eor	r25, r24
    34f8:	57 d1       	rcall	.+686    	; 0x37a8 <nvm_eeprom_read_buffer>
		
		if (preset_page[MENU_STATE_CURVE] == 255){
    34fa:	90 91 cf 30 	lds	r25, 0x30CF	; 0x8030cf <preset_page+0xd>
    34fe:	9f 3f       	cpi	r25, 0xFF	; 255
    3500:	49 f4       	brne	.+18     	; 0x3514 <__vector_64+0x140>

			i2c_lcd_set_cursor(0,1);
    3502:	61 e0       	ldi	r22, 0x01	; 1
    3504:	80 e0       	ldi	r24, 0x00	; 0
    3506:	0e 94 e9 08 	call	0x11d2	; 0x11d2 <i2c_lcd_set_cursor>
			i2c_lcd_write_text("empty preset!");
    350a:	8c ea       	ldi	r24, 0xAC	; 172
    350c:	9b e2       	ldi	r25, 0x2B	; 43
    350e:	0e 94 11 09 	call	0x1222	; 0x1222 <i2c_lcd_write_text>
    3512:	bc c0       	rjmp	.+376    	; 0x368c <__vector_64+0x2b8>
			return;
		}

		colorR1 = 255;
    3514:	8f ef       	ldi	r24, 0xFF	; 255
    3516:	80 93 0d 24 	sts	0x240D, r24	; 0x80240d <colorR1>
		colorG1 = 255;
    351a:	80 93 0c 24 	sts	0x240C, r24	; 0x80240c <colorG1>
		colorB1 = 255;
    351e:	80 93 0b 24 	sts	0x240B, r24	; 0x80240b <colorB1>
		colorR2 = 255;
    3522:	80 93 0a 24 	sts	0x240A, r24	; 0x80240a <colorR2>
		colorG2 = 255;
    3526:	80 93 09 24 	sts	0x2409, r24	; 0x802409 <colorG2>
		colorB2 = 255;
    352a:	80 93 08 24 	sts	0x2408, r24	; 0x802408 <colorB2>

		if (preset_page[MENU_STATE_COLOR_R1] != 255){
    352e:	80 91 c5 30 	lds	r24, 0x30C5	; 0x8030c5 <preset_page+0x3>
    3532:	8f 3f       	cpi	r24, 0xFF	; 255
    3534:	11 f0       	breq	.+4      	; 0x353a <__vector_64+0x166>
			colorR1 = preset_page[MENU_STATE_COLOR_R1];
    3536:	80 93 0d 24 	sts	0x240D, r24	; 0x80240d <colorR1>
		}
		
		if (preset_page[MENU_STATE_COLOR_G1] != 255){
    353a:	80 91 c6 30 	lds	r24, 0x30C6	; 0x8030c6 <preset_page+0x4>
    353e:	8f 3f       	cpi	r24, 0xFF	; 255
    3540:	11 f0       	breq	.+4      	; 0x3546 <__vector_64+0x172>
			colorG1 = preset_page[MENU_STATE_COLOR_G1];
    3542:	80 93 0c 24 	sts	0x240C, r24	; 0x80240c <colorG1>
		}
		
		if (preset_page[MENU_STATE_COLOR_B1] != 255){
    3546:	80 91 c7 30 	lds	r24, 0x30C7	; 0x8030c7 <preset_page+0x5>
    354a:	8f 3f       	cpi	r24, 0xFF	; 255
    354c:	11 f0       	breq	.+4      	; 0x3552 <__vector_64+0x17e>
			colorB1 = preset_page[MENU_STATE_COLOR_B1];
    354e:	80 93 0b 24 	sts	0x240B, r24	; 0x80240b <colorB1>
		}
		
		if (preset_page[MENU_STATE_COLOR_R2] != 255){
    3552:	80 91 c8 30 	lds	r24, 0x30C8	; 0x8030c8 <preset_page+0x6>
    3556:	8f 3f       	cpi	r24, 0xFF	; 255
    3558:	11 f0       	breq	.+4      	; 0x355e <__vector_64+0x18a>
			colorR2 = preset_page[MENU_STATE_COLOR_R2];
    355a:	80 93 0a 24 	sts	0x240A, r24	; 0x80240a <colorR2>
		}
		
		if (preset_page[MENU_STATE_COLOR_G2] != 255){
    355e:	80 91 c9 30 	lds	r24, 0x30C9	; 0x8030c9 <preset_page+0x7>
    3562:	8f 3f       	cpi	r24, 0xFF	; 255
    3564:	11 f0       	breq	.+4      	; 0x356a <__vector_64+0x196>
			colorG2 = preset_page[MENU_STATE_COLOR_G2];
    3566:	80 93 09 24 	sts	0x2409, r24	; 0x802409 <colorG2>
		}
		
		if (preset_page[MENU_STATE_COLOR_B2] != 255){
    356a:	80 91 ca 30 	lds	r24, 0x30CA	; 0x8030ca <preset_page+0x8>
    356e:	8f 3f       	cpi	r24, 0xFF	; 255
    3570:	11 f0       	breq	.+4      	; 0x3576 <__vector_64+0x1a2>
			colorB2 = preset_page[MENU_STATE_COLOR_B2];
    3572:	80 93 08 24 	sts	0x2408, r24	; 0x802408 <colorB2>
		}
		
		if (preset_page[MENU_STATE_RELEASE] != 255){
    3576:	80 91 cc 30 	lds	r24, 0x30CC	; 0x8030cc <preset_page+0xa>
    357a:	8f 3f       	cpi	r24, 0xFF	; 255
    357c:	11 f0       	breq	.+4      	; 0x3582 <__vector_64+0x1ae>
			release = preset_page[MENU_STATE_RELEASE];
    357e:	80 93 0e 24 	sts	0x240E, r24	; 0x80240e <release>
		}
		
		if (preset_page[MENU_STATE_ANIM_TRIG] != 255){
    3582:	80 91 ce 30 	lds	r24, 0x30CE	; 0x8030ce <preset_page+0xc>
    3586:	8f 3f       	cpi	r24, 0xFF	; 255
    3588:	11 f0       	breq	.+4      	; 0x358e <__vector_64+0x1ba>
			animationTrigger = preset_page[MENU_STATE_ANIM_TRIG];
    358a:	80 93 6d 30 	sts	0x306D, r24	; 0x80306d <animationTrigger>
		}
		
		if (preset_page[MENU_STATE_ANIMATION] != 255){
    358e:	80 91 cd 30 	lds	r24, 0x30CD	; 0x8030cd <preset_page+0xb>
    3592:	8f 3f       	cpi	r24, 0xFF	; 255
    3594:	09 f4       	brne	.+2      	; 0x3598 <__vector_64+0x1c4>
    3596:	72 c0       	rjmp	.+228    	; 0x367c <__vector_64+0x2a8>
			animation = preset_page[MENU_STATE_ANIMATION];
    3598:	80 93 0f 24 	sts	0x240F, r24	; 0x80240f <animation>
    359c:	6f c0       	rjmp	.+222    	; 0x367c <__vector_64+0x2a8>
		if (preset_page[MENU_STATE_CURVE] != 255){
			releaseCurve = preset_page[MENU_STATE_CURVE];
		}

		if (preset_page[MENU_STATE_DIMMER] != 255){
			dimmer = preset_page[MENU_STATE_DIMMER];
    359e:	80 93 07 24 	sts	0x2407, r24	; 0x802407 <dimmer>
		}

		i2c_lcd_set_cursor(0,1);
    35a2:	61 e0       	ldi	r22, 0x01	; 1
    35a4:	80 e0       	ldi	r24, 0x00	; 0
    35a6:	0e 94 e9 08 	call	0x11d2	; 0x11d2 <i2c_lcd_set_cursor>
		i2c_lcd_write_text("loaded preset!");
    35aa:	8d e9       	ldi	r24, 0x9D	; 157
    35ac:	9b e2       	ldi	r25, 0x2B	; 43
    35ae:	0e 94 11 09 	call	0x1222	; 0x1222 <i2c_lcd_write_text>

		WriteConfigToNVM();
    35b2:	25 d9       	rcall	.-3510   	; 0x27fe <WriteConfigToNVM>
    35b4:	6b c0       	rjmp	.+214    	; 0x368c <__vector_64+0x2b8>
	
		return;
	 }
	 
	 // save user preset
	 if (menuStates[menuLevel-1] == 1 && menuState > 300){
    35b6:	81 30       	cpi	r24, 0x01	; 1
    35b8:	91 05       	cpc	r25, r1
    35ba:	b1 f5       	brne	.+108    	; 0x3628 <__vector_64+0x254>
    35bc:	cd 32       	cpi	r28, 0x2D	; 45
    35be:	21 e0       	ldi	r18, 0x01	; 1
    35c0:	d2 07       	cpc	r29, r18
    35c2:	0c f4       	brge	.+2      	; 0x35c6 <__vector_64+0x1f2>
    35c4:	4d c0       	rjmp	.+154    	; 0x3660 <__vector_64+0x28c>
	processingEncoder = 0;
}

 inline void savePreset(int presetNb) {

	preset_page[MENU_STATE_COLOR_R1] = colorR1;
    35c6:	e2 ec       	ldi	r30, 0xC2	; 194
    35c8:	f0 e3       	ldi	r31, 0x30	; 48
    35ca:	80 91 0d 24 	lds	r24, 0x240D	; 0x80240d <colorR1>
    35ce:	83 83       	std	Z+3, r24	; 0x03
	preset_page[MENU_STATE_COLOR_G1] = colorG1;
    35d0:	80 91 0c 24 	lds	r24, 0x240C	; 0x80240c <colorG1>
    35d4:	84 83       	std	Z+4, r24	; 0x04
	preset_page[MENU_STATE_COLOR_B1] = colorB1;
    35d6:	80 91 0b 24 	lds	r24, 0x240B	; 0x80240b <colorB1>
    35da:	85 83       	std	Z+5, r24	; 0x05
	preset_page[MENU_STATE_COLOR_R2] = colorR2;
    35dc:	80 91 0a 24 	lds	r24, 0x240A	; 0x80240a <colorR2>
    35e0:	86 83       	std	Z+6, r24	; 0x06
	preset_page[MENU_STATE_COLOR_G2] = colorG2;
    35e2:	80 91 09 24 	lds	r24, 0x2409	; 0x802409 <colorG2>
    35e6:	87 83       	std	Z+7, r24	; 0x07
	preset_page[MENU_STATE_COLOR_B2] = colorB2;
    35e8:	80 91 08 24 	lds	r24, 0x2408	; 0x802408 <colorB2>
    35ec:	80 87       	std	Z+8, r24	; 0x08
	preset_page[MENU_STATE_RELEASE] = release;
    35ee:	80 91 0e 24 	lds	r24, 0x240E	; 0x80240e <release>
    35f2:	82 87       	std	Z+10, r24	; 0x0a
	preset_page[MENU_STATE_CURVE] = releaseCurve;
    35f4:	80 91 6c 30 	lds	r24, 0x306C	; 0x80306c <releaseCurve>
    35f8:	85 87       	std	Z+13, r24	; 0x0d
	preset_page[MENU_STATE_DIMMER] = dimmer;
    35fa:	80 91 07 24 	lds	r24, 0x2407	; 0x802407 <dimmer>
    35fe:	81 87       	std	Z+9, r24	; 0x09
	preset_page[MENU_STATE_ANIMATION] = animation;
    3600:	80 91 0f 24 	lds	r24, 0x240F	; 0x80240f <animation>
    3604:	83 87       	std	Z+11, r24	; 0x0b
	preset_page[MENU_STATE_ANIM_TRIG] = animationTrigger;
    3606:	80 91 6d 30 	lds	r24, 0x306D	; 0x80306d <animationTrigger>
	
	nvm_eeprom_load_page_to_buffer(preset_page);
    360a:	84 87       	std	Z+12, r24	; 0x0c
    360c:	cf 01       	movw	r24, r30
	nvm_eeprom_atomic_write_page((USER_PRESETS_PAGE_OFFSET + presetNb));
    360e:	f6 d0       	rcall	.+492    	; 0x37fc <nvm_eeprom_load_page_to_buffer>
    3610:	8c 2f       	mov	r24, r28
    3612:	8b 52       	subi	r24, 0x2B	; 43
    3614:	09 d1       	rcall	.+530    	; 0x3828 <nvm_eeprom_atomic_write_page>

	i2c_lcd_set_cursor(0,1);
    3616:	61 e0       	ldi	r22, 0x01	; 1
    3618:	80 e0       	ldi	r24, 0x00	; 0
    361a:	0e 94 e9 08 	call	0x11d2	; 0x11d2 <i2c_lcd_set_cursor>
	i2c_lcd_write_text("Saved preset!");
    361e:	8a eb       	ldi	r24, 0xBA	; 186
    3620:	9b e2       	ldi	r25, 0x2B	; 43
    3622:	0e 94 11 09 	call	0x1222	; 0x1222 <i2c_lcd_write_text>
	 // save user preset
	 if (menuStates[menuLevel-1] == 1 && menuState > 300){
		 savePreset(menuState-300);
		 flashMainLed();
		 
		 return;
    3626:	32 c0       	rjmp	.+100    	; 0x368c <__vector_64+0x2b8>
	 }

	 // use factory preset
	 if (menuStates[menuLevel-1] == 7 && menuState > 200){
    3628:	07 97       	sbiw	r24, 0x07	; 7
    362a:	d1 f4       	brne	.+52     	; 0x3660 <__vector_64+0x28c>
    362c:	c9 3c       	cpi	r28, 0xC9	; 201
    362e:	d1 05       	cpc	r29, r1
    3630:	bc f0       	brlt	.+46     	; 0x3660 <__vector_64+0x28c>
		 loadPresetFactory(FactoryPresets[menuState-201]);
    3632:	c9 5c       	subi	r28, 0xC9	; 201
    3634:	d1 09       	sbc	r29, r1
    3636:	8b e0       	ldi	r24, 0x0B	; 11
    3638:	8c 9f       	mul	r24, r28
    363a:	f0 01       	movw	r30, r0
    363c:	8d 9f       	mul	r24, r29
    363e:	f0 0d       	add	r31, r0
    3640:	11 24       	eor	r1, r1
    3642:	e9 5e       	subi	r30, 0xE9	; 233
    3644:	fc 4d       	sbci	r31, 0xDC	; 220
    3646:	e0 80       	ld	r14, Z
    3648:	f1 80       	ldd	r15, Z+1	; 0x01
    364a:	02 81       	ldd	r16, Z+2	; 0x02
    364c:	13 81       	ldd	r17, Z+3	; 0x03
    364e:	24 81       	ldd	r18, Z+4	; 0x04
    3650:	35 81       	ldd	r19, Z+5	; 0x05
    3652:	46 81       	ldd	r20, Z+6	; 0x06
    3654:	57 81       	ldd	r21, Z+7	; 0x07
    3656:	60 85       	ldd	r22, Z+8	; 0x08
    3658:	71 85       	ldd	r23, Z+9	; 0x09
    365a:	82 85       	ldd	r24, Z+10	; 0x0a
    365c:	44 de       	rcall	.-888    	; 0x32e6 <loadPresetFactory>
		 return;
	 }

	 

	 if (menuState != MENU_STATE_MONITOR && menuState != MENU_STATE_MONITOR){
    365e:	16 c0       	rjmp	.+44     	; 0x368c <__vector_64+0x2b8>
    3660:	a2 97       	sbiw	r28, 0x22	; 34
		 
		 if (editingValue == 1){
    3662:	a1 f0       	breq	.+40     	; 0x368c <__vector_64+0x2b8>
    3664:	80 91 71 30 	lds	r24, 0x3071	; 0x803071 <editingValue>
    3668:	81 30       	cpi	r24, 0x01	; 1
			 WriteConfigToNVM();
    366a:	09 f4       	brne	.+2      	; 0x366e <__vector_64+0x29a>
    366c:	c8 d8       	rcall	.-3696   	; 0x27fe <WriteConfigToNVM>
		 }
		 
		 editingValue ^= 1;
    366e:	90 91 71 30 	lds	r25, 0x3071	; 0x803071 <editingValue>
    3672:	81 e0       	ldi	r24, 0x01	; 1
    3674:	89 27       	eor	r24, r25
    3676:	80 93 71 30 	sts	0x3071, r24	; 0x803071 <editingValue>
    367a:	08 c0       	rjmp	.+16     	; 0x368c <__vector_64+0x2b8>
		if (preset_page[MENU_STATE_ANIMATION] != 255){
			animation = preset_page[MENU_STATE_ANIMATION];
		}
		
		if (preset_page[MENU_STATE_CURVE] != 255){
			releaseCurve = preset_page[MENU_STATE_CURVE];
    367c:	90 93 6c 30 	sts	0x306C, r25	; 0x80306c <releaseCurve>
		}

		if (preset_page[MENU_STATE_DIMMER] != 255){
    3680:	80 91 cb 30 	lds	r24, 0x30CB	; 0x8030cb <preset_page+0x9>
    3684:	8f 3f       	cpi	r24, 0xFF	; 255
    3686:	09 f0       	breq	.+2      	; 0x368a <__vector_64+0x2b6>
    3688:	8a cf       	rjmp	.-236    	; 0x359e <__vector_64+0x1ca>
    368a:	8b cf       	rjmp	.-234    	; 0x35a2 <__vector_64+0x1ce>
			 BOX_LED_PORT.OUTSET  |=  BOX_LED2_PIN;
		} else {
			 BOX_LED_PORT.OUTCLR |=  BOX_LED2_PIN;
		 }*/
	 }
}
    368c:	ff 91       	pop	r31
    368e:	ef 91       	pop	r30
    3690:	df 91       	pop	r29
    3692:	cf 91       	pop	r28
    3694:	bf 91       	pop	r27
    3696:	af 91       	pop	r26
    3698:	9f 91       	pop	r25
    369a:	8f 91       	pop	r24
    369c:	7f 91       	pop	r23
    369e:	6f 91       	pop	r22
    36a0:	5f 91       	pop	r21
    36a2:	4f 91       	pop	r20
    36a4:	3f 91       	pop	r19
    36a6:	2f 91       	pop	r18
    36a8:	1f 91       	pop	r17
    36aa:	0f 91       	pop	r16
    36ac:	ff 90       	pop	r15
    36ae:	ef 90       	pop	r14
    36b0:	0f 90       	pop	r0
    36b2:	0b be       	out	0x3b, r0	; 59
    36b4:	0f 90       	pop	r0
    36b6:	0f be       	out	0x3f, r0	; 63
    36b8:	0f 90       	pop	r0
    36ba:	1f 90       	pop	r1
    36bc:	18 95       	reti

000036be <sendPixel>:
    }         
} 

inline void sendPixel( unsigned char r, unsigned char g , unsigned char b, int channel )  {  
	
	cli();
    36be:	f8 94       	cli
    36c0:	98 e0       	ldi	r25, 0x08	; 8
		__builtin_avr_delay_cycles(T1L);
		//_delay_us(T1L);

	} else {						// 1 bit

		WS2812_PORT.OUT |= channel;
    36c2:	e0 e0       	ldi	r30, 0x00	; 0
    36c4:	f6 e0       	ldi	r31, 0x06	; 6
		//_delay_us(T0H);
		__builtin_avr_delay_cycles(T0H);
		WS2812_PORT.OUT &= ~channel;
    36c6:	52 2f       	mov	r21, r18
    36c8:	50 95       	com	r21
#include <stdlib.h>
#include <string.h>

inline void sendBit( bool bitVal, int channel ) {
  
	if (  bitVal ) {				// 0 bit
    36ca:	66 23       	and	r22, r22
    36cc:	74 f4       	brge	.+28     	; 0x36ea <sendPixel+0x2c>

		WS2812_PORT.OUT |= channel;
    36ce:	34 81       	ldd	r19, Z+4	; 0x04
    36d0:	32 2b       	or	r19, r18
    36d2:	34 83       	std	Z+4, r19	; 0x04
		__builtin_avr_delay_cycles(T1H);
    36d4:	35 e0       	ldi	r19, 0x05	; 5
    36d6:	3a 95       	dec	r19
    36d8:	f1 f7       	brne	.-4      	; 0x36d6 <sendPixel+0x18>
		//_delay_us(T1H);
		WS2812_PORT.OUT &= ~channel;
    36da:	34 81       	ldd	r19, Z+4	; 0x04
    36dc:	35 23       	and	r19, r21
    36de:	34 83       	std	Z+4, r19	; 0x04
		__builtin_avr_delay_cycles(T1L);
    36e0:	32 e0       	ldi	r19, 0x02	; 2
    36e2:	3a 95       	dec	r19
    36e4:	f1 f7       	brne	.-4      	; 0x36e2 <sendPixel+0x24>
    36e6:	00 c0       	rjmp	.+0      	; 0x36e8 <sendPixel+0x2a>
    36e8:	0e c0       	rjmp	.+28     	; 0x3706 <sendPixel+0x48>
		//_delay_us(T1L);

	} else {						// 1 bit

		WS2812_PORT.OUT |= channel;
    36ea:	34 81       	ldd	r19, Z+4	; 0x04
    36ec:	32 2b       	or	r19, r18
    36ee:	34 83       	std	Z+4, r19	; 0x04
		//_delay_us(T0H);
		__builtin_avr_delay_cycles(T0H);
    36f0:	32 e0       	ldi	r19, 0x02	; 2
    36f2:	3a 95       	dec	r19
    36f4:	f1 f7       	brne	.-4      	; 0x36f2 <sendPixel+0x34>
    36f6:	00 00       	nop
		WS2812_PORT.OUT &= ~channel;
    36f8:	34 81       	ldd	r19, Z+4	; 0x04
    36fa:	35 23       	and	r19, r21
    36fc:	34 83       	std	Z+4, r19	; 0x04
		//_delay_us(T0L);
		__builtin_avr_delay_cycles(T0L);
    36fe:	35 e0       	ldi	r19, 0x05	; 5
    3700:	3a 95       	dec	r19
    3702:	f1 f7       	brne	.-4      	; 0x3700 <sendPixel+0x42>
    3704:	00 00       	nop
    
    for( unsigned char bit = 0 ; bit < 8 ; bit++ ) {
      
      sendBit(  (byte>>7) & 0b1, channel  );                  // Neopixel wants bit in highest-to-lowest order
                                                     // so send highest bit (bit #7 in an 8-bit byte since they start at 0)
      byte <<= 1;                                    // and then shift left so bit 6 moves into 7, 5 moves into 6, etc      
    3706:	66 0f       	add	r22, r22
    3708:	91 50       	subi	r25, 0x01	; 1
	}
}  

inline void sendByte( unsigned char byte, int channel ) {
    
    for( unsigned char bit = 0 ; bit < 8 ; bit++ ) {
    370a:	f9 f6       	brne	.-66     	; 0x36ca <sendPixel+0xc>
    370c:	98 e0       	ldi	r25, 0x08	; 8
		__builtin_avr_delay_cycles(T1L);
		//_delay_us(T1L);

	} else {						// 1 bit

		WS2812_PORT.OUT |= channel;
    370e:	e0 e0       	ldi	r30, 0x00	; 0
    3710:	f6 e0       	ldi	r31, 0x06	; 6
		//_delay_us(T0H);
		__builtin_avr_delay_cycles(T0H);
		WS2812_PORT.OUT &= ~channel;
    3712:	52 2f       	mov	r21, r18
    3714:	50 95       	com	r21
#include <stdlib.h>
#include <string.h>

inline void sendBit( bool bitVal, int channel ) {
  
	if (  bitVal ) {				// 0 bit
    3716:	88 23       	and	r24, r24
    3718:	74 f4       	brge	.+28     	; 0x3736 <sendPixel+0x78>

		WS2812_PORT.OUT |= channel;
    371a:	34 81       	ldd	r19, Z+4	; 0x04
    371c:	32 2b       	or	r19, r18
    371e:	34 83       	std	Z+4, r19	; 0x04
		__builtin_avr_delay_cycles(T1H);
    3720:	35 e0       	ldi	r19, 0x05	; 5
    3722:	3a 95       	dec	r19
    3724:	f1 f7       	brne	.-4      	; 0x3722 <sendPixel+0x64>
		//_delay_us(T1H);
		WS2812_PORT.OUT &= ~channel;
    3726:	34 81       	ldd	r19, Z+4	; 0x04
    3728:	35 23       	and	r19, r21
    372a:	34 83       	std	Z+4, r19	; 0x04
		__builtin_avr_delay_cycles(T1L);
    372c:	32 e0       	ldi	r19, 0x02	; 2
    372e:	3a 95       	dec	r19
    3730:	f1 f7       	brne	.-4      	; 0x372e <sendPixel+0x70>
    3732:	00 c0       	rjmp	.+0      	; 0x3734 <sendPixel+0x76>
    3734:	0e c0       	rjmp	.+28     	; 0x3752 <sendPixel+0x94>
		//_delay_us(T1L);

	} else {						// 1 bit

		WS2812_PORT.OUT |= channel;
    3736:	34 81       	ldd	r19, Z+4	; 0x04
    3738:	32 2b       	or	r19, r18
    373a:	34 83       	std	Z+4, r19	; 0x04
		//_delay_us(T0H);
		__builtin_avr_delay_cycles(T0H);
    373c:	32 e0       	ldi	r19, 0x02	; 2
    373e:	3a 95       	dec	r19
    3740:	f1 f7       	brne	.-4      	; 0x373e <sendPixel+0x80>
    3742:	00 00       	nop
		WS2812_PORT.OUT &= ~channel;
    3744:	34 81       	ldd	r19, Z+4	; 0x04
    3746:	35 23       	and	r19, r21
    3748:	34 83       	std	Z+4, r19	; 0x04
		//_delay_us(T0L);
		__builtin_avr_delay_cycles(T0L);
    374a:	35 e0       	ldi	r19, 0x05	; 5
    374c:	3a 95       	dec	r19
    374e:	f1 f7       	brne	.-4      	; 0x374c <sendPixel+0x8e>
    3750:	00 00       	nop
    
    for( unsigned char bit = 0 ; bit < 8 ; bit++ ) {
      
      sendBit(  (byte>>7) & 0b1, channel  );                  // Neopixel wants bit in highest-to-lowest order
                                                     // so send highest bit (bit #7 in an 8-bit byte since they start at 0)
      byte <<= 1;                                    // and then shift left so bit 6 moves into 7, 5 moves into 6, etc      
    3752:	88 0f       	add	r24, r24
    3754:	91 50       	subi	r25, 0x01	; 1
	}
}  

inline void sendByte( unsigned char byte, int channel ) {
    
    for( unsigned char bit = 0 ; bit < 8 ; bit++ ) {
    3756:	f9 f6       	brne	.-66     	; 0x3716 <sendPixel+0x58>
    3758:	88 e0       	ldi	r24, 0x08	; 8
		__builtin_avr_delay_cycles(T1L);
		//_delay_us(T1L);

	} else {						// 1 bit

		WS2812_PORT.OUT |= channel;
    375a:	e0 e0       	ldi	r30, 0x00	; 0
    375c:	f6 e0       	ldi	r31, 0x06	; 6
		//_delay_us(T0H);
		__builtin_avr_delay_cycles(T0H);
		WS2812_PORT.OUT &= ~channel;
    375e:	32 2f       	mov	r19, r18
    3760:	30 95       	com	r19
#include <stdlib.h>
#include <string.h>

inline void sendBit( bool bitVal, int channel ) {
  
	if (  bitVal ) {				// 0 bit
    3762:	44 23       	and	r20, r20
    3764:	74 f4       	brge	.+28     	; 0x3782 <sendPixel+0xc4>

		WS2812_PORT.OUT |= channel;
    3766:	94 81       	ldd	r25, Z+4	; 0x04
    3768:	92 2b       	or	r25, r18
    376a:	94 83       	std	Z+4, r25	; 0x04
		__builtin_avr_delay_cycles(T1H);
    376c:	95 e0       	ldi	r25, 0x05	; 5
    376e:	9a 95       	dec	r25
    3770:	f1 f7       	brne	.-4      	; 0x376e <sendPixel+0xb0>
		//_delay_us(T1H);
		WS2812_PORT.OUT &= ~channel;
    3772:	94 81       	ldd	r25, Z+4	; 0x04
    3774:	93 23       	and	r25, r19
    3776:	94 83       	std	Z+4, r25	; 0x04
		__builtin_avr_delay_cycles(T1L);
    3778:	92 e0       	ldi	r25, 0x02	; 2
    377a:	9a 95       	dec	r25
    377c:	f1 f7       	brne	.-4      	; 0x377a <sendPixel+0xbc>
    377e:	00 c0       	rjmp	.+0      	; 0x3780 <sendPixel+0xc2>
    3780:	0e c0       	rjmp	.+28     	; 0x379e <sendPixel+0xe0>
		//_delay_us(T1L);

	} else {						// 1 bit

		WS2812_PORT.OUT |= channel;
    3782:	94 81       	ldd	r25, Z+4	; 0x04
    3784:	92 2b       	or	r25, r18
    3786:	94 83       	std	Z+4, r25	; 0x04
		//_delay_us(T0H);
		__builtin_avr_delay_cycles(T0H);
    3788:	92 e0       	ldi	r25, 0x02	; 2
    378a:	9a 95       	dec	r25
    378c:	f1 f7       	brne	.-4      	; 0x378a <sendPixel+0xcc>
    378e:	00 00       	nop
		WS2812_PORT.OUT &= ~channel;
    3790:	94 81       	ldd	r25, Z+4	; 0x04
    3792:	93 23       	and	r25, r19
    3794:	94 83       	std	Z+4, r25	; 0x04
		//_delay_us(T0L);
		__builtin_avr_delay_cycles(T0L);
    3796:	95 e0       	ldi	r25, 0x05	; 5
    3798:	9a 95       	dec	r25
    379a:	f1 f7       	brne	.-4      	; 0x3798 <sendPixel+0xda>
    379c:	00 00       	nop
    
    for( unsigned char bit = 0 ; bit < 8 ; bit++ ) {
      
      sendBit(  (byte>>7) & 0b1, channel  );                  // Neopixel wants bit in highest-to-lowest order
                                                     // so send highest bit (bit #7 in an 8-bit byte since they start at 0)
      byte <<= 1;                                    // and then shift left so bit 6 moves into 7, 5 moves into 6, etc      
    379e:	44 0f       	add	r20, r20
    37a0:	81 50       	subi	r24, 0x01	; 1
	}
}  

inline void sendByte( unsigned char byte, int channel ) {
    
    for( unsigned char bit = 0 ; bit < 8 ; bit++ ) {
    37a2:	f9 f6       	brne	.-66     	; 0x3762 <sendPixel+0xa4>

	sendByte(g, channel);          // Neopixel wants colors in green then red then blue order
	sendByte(r, channel);
	sendByte(b, channel);

	sei();  
    37a4:	78 94       	sei
    37a6:	08 95       	ret

000037a8 <nvm_eeprom_read_buffer>:
	 *  the protection signature and execute command.
	 */
	NVM.CMD = NVM_CMD_ERASE_WRITE_EEPROM_PAGE_gc;
	nvm_exec();
	NVM.CMD = old_cmd;
}
    37a8:	cf 93       	push	r28
    37aa:	df 93       	push	r29
    37ac:	9c 01       	movw	r18, r24
    37ae:	db 01       	movw	r26, r22
    37b0:	e0 ec       	ldi	r30, 0xC0	; 192
    37b2:	f1 e0       	ldi	r31, 0x01	; 1
    37b4:	97 85       	ldd	r25, Z+15	; 0x0f
    37b6:	99 23       	and	r25, r25
    37b8:	ec f3       	brlt	.-6      	; 0x37b4 <nvm_eeprom_read_buffer+0xc>
    37ba:	cc ec       	ldi	r28, 0xCC	; 204
    37bc:	d1 e0       	ldi	r29, 0x01	; 1
    37be:	98 81       	ld	r25, Y
    37c0:	98 60       	ori	r25, 0x08	; 8
    37c2:	98 83       	st	Y, r25
    37c4:	b9 01       	movw	r22, r18
    37c6:	70 5f       	subi	r23, 0xF0	; 240
    37c8:	cd 01       	movw	r24, r26
    37ca:	b2 d2       	rcall	.+1380   	; 0x3d30 <memcpy>
    37cc:	88 81       	ld	r24, Y
    37ce:	87 7f       	andi	r24, 0xF7	; 247
    37d0:	88 83       	st	Y, r24
    37d2:	df 91       	pop	r29
    37d4:	cf 91       	pop	r28
    37d6:	08 95       	ret

000037d8 <nvm_eeprom_load_byte_to_buffer>:
    37d8:	e0 ec       	ldi	r30, 0xC0	; 192
    37da:	f1 e0       	ldi	r31, 0x01	; 1
    37dc:	97 85       	ldd	r25, Z+15	; 0x0f
    37de:	99 23       	and	r25, r25
    37e0:	ec f3       	brlt	.-6      	; 0x37dc <nvm_eeprom_load_byte_to_buffer+0x4>
    37e2:	ac ec       	ldi	r26, 0xCC	; 204
    37e4:	b1 e0       	ldi	r27, 0x01	; 1
    37e6:	9c 91       	ld	r25, X
    37e8:	98 60       	ori	r25, 0x08	; 8
    37ea:	9c 93       	st	X, r25
    37ec:	e8 2f       	mov	r30, r24
    37ee:	f0 e0       	ldi	r31, 0x00	; 0
    37f0:	f0 5f       	subi	r31, 0xF0	; 240
    37f2:	60 83       	st	Z, r22
    37f4:	8c 91       	ld	r24, X
    37f6:	87 7f       	andi	r24, 0xF7	; 247
    37f8:	8c 93       	st	X, r24
    37fa:	08 95       	ret

000037fc <nvm_eeprom_load_page_to_buffer>:
 *       EEPROM write page operation.
 *
 * \param  values   Pointer to SRAM buffer containing an entire page.
 */
void nvm_eeprom_load_page_to_buffer(const uint8_t *values)
{
    37fc:	0f 93       	push	r16
    37fe:	1f 93       	push	r17
    3800:	cf 93       	push	r28
    3802:	8c 01       	movw	r16, r24
 */
static inline void nvm_wait_until_ready( void )
{
	do {
		// Block execution while waiting for the NVM to be ready
	} while ((NVM.STATUS & NVM_NVMBUSY_bm) == NVM_NVMBUSY_bm);
    3804:	e0 ec       	ldi	r30, 0xC0	; 192
    3806:	f1 e0       	ldi	r31, 0x01	; 1
    3808:	87 85       	ldd	r24, Z+15	; 0x0f
    380a:	88 23       	and	r24, r24
    380c:	ec f3       	brlt	.-6      	; 0x3808 <nvm_eeprom_load_page_to_buffer+0xc>
    380e:	c0 e0       	ldi	r28, 0x00	; 0
	nvm_wait_until_ready();

	// Load multiple bytes into page buffer
	uint8_t i;
	for (i = 0; i < EEPROM_PAGE_SIZE; ++i) {
		nvm_eeprom_load_byte_to_buffer(i, *values);
    3810:	f8 01       	movw	r30, r16
    3812:	61 91       	ld	r22, Z+
    3814:	8f 01       	movw	r16, r30
    3816:	8c 2f       	mov	r24, r28
    3818:	df df       	rcall	.-66     	; 0x37d8 <nvm_eeprom_load_byte_to_buffer>
	// Wait until NVM is ready
	nvm_wait_until_ready();

	// Load multiple bytes into page buffer
	uint8_t i;
	for (i = 0; i < EEPROM_PAGE_SIZE; ++i) {
    381a:	cf 5f       	subi	r28, 0xFF	; 255
    381c:	c0 32       	cpi	r28, 0x20	; 32
    381e:	c1 f7       	brne	.-16     	; 0x3810 <nvm_eeprom_load_page_to_buffer+0x14>
		nvm_eeprom_load_byte_to_buffer(i, *values);
		++values;
	}
}
    3820:	cf 91       	pop	r28
    3822:	1f 91       	pop	r17
    3824:	0f 91       	pop	r16
    3826:	08 95       	ret

00003828 <nvm_eeprom_atomic_write_page>:
 * locations that have not been loaded will be left untouched in EEPROM.
 *
 * \param  page_addr  EEPROM Page address, between 0 and EEPROM_SIZE/EEPROM_PAGE_SIZE
 */
void nvm_eeprom_atomic_write_page(uint8_t page_addr)
{
    3828:	1f 93       	push	r17
    382a:	cf 93       	push	r28
    382c:	df 93       	push	r29
    382e:	e0 ec       	ldi	r30, 0xC0	; 192
    3830:	f1 e0       	ldi	r31, 0x01	; 1
    3832:	97 85       	ldd	r25, Z+15	; 0x0f
    3834:	99 23       	and	r25, r25
    3836:	ec f3       	brlt	.-6      	; 0x3832 <nvm_eeprom_atomic_write_page+0xa>
	// Wait until NVM is ready
	nvm_wait_until_ready();

	// Calculate page address
	uint16_t address = (uint16_t)(page_addr * EEPROM_PAGE_SIZE);
    3838:	20 e2       	ldi	r18, 0x20	; 32
    383a:	82 9f       	mul	r24, r18
    383c:	c0 01       	movw	r24, r0
    383e:	11 24       	eor	r1, r1

	Assert(address <= EEPROM_SIZE);

	// Set address
	NVM.ADDR2 = 0x00;
    3840:	c0 ec       	ldi	r28, 0xC0	; 192
    3842:	d1 e0       	ldi	r29, 0x01	; 1
    3844:	1a 82       	std	Y+2, r1	; 0x02
	NVM.ADDR1 = (address >> 8) & 0xFF;
    3846:	99 83       	std	Y+1, r25	; 0x01
	NVM.ADDR0 = address & 0xFF;
    3848:	88 83       	st	Y, r24
 */
static inline void nvm_issue_command(NVM_CMD_t nvm_command)
{
	uint8_t old_cmd;

	old_cmd = NVM.CMD;
    384a:	1a 85       	ldd	r17, Y+10	; 0x0a
	NVM.CMD = nvm_command;
    384c:	85 e3       	ldi	r24, 0x35	; 53
    384e:	8a 87       	std	Y+10, r24	; 0x0a
	ccp_write_io((uint8_t *)&NVM.CTRLA, NVM_CMDEX_bm);
    3850:	61 e0       	ldi	r22, 0x01	; 1
    3852:	8b ec       	ldi	r24, 0xCB	; 203
    3854:	91 e0       	ldi	r25, 0x01	; 1
    3856:	05 d0       	rcall	.+10     	; 0x3862 <ccp_write_io>
	NVM.CMD = old_cmd;
    3858:	1a 87       	std	Y+10, r17	; 0x0a

	// Issue EEPROM Atomic Write (Erase&Write) command
	nvm_issue_command(NVM_CMD_ERASE_WRITE_EEPROM_PAGE_gc);
}
    385a:	df 91       	pop	r29
    385c:	cf 91       	pop	r28
    385e:	1f 91       	pop	r17
    3860:	08 95       	ret

00003862 <ccp_write_io>:

	PUBLIC_FUNCTION(ccp_write_io)

#if defined(__GNUC__)

	out     RAMPZ, r1               // Reset bits 23:16 of Z
    3862:	1b be       	out	0x3b, r1	; 59
	movw    r30, r24                // Load addr into Z
    3864:	fc 01       	movw	r30, r24
	ldi     r18, CCP_IOREG          // Load magic CCP value
    3866:	28 ed       	ldi	r18, 0xD8	; 216
	out     CCP, r18                // Start CCP handshake
    3868:	24 bf       	out	0x34, r18	; 52
	st      Z, r22                  // Write value to I/O register
    386a:	60 83       	st	Z, r22
	ret                             // Return to caller
    386c:	08 95       	ret

0000386e <__divsf3>:
    386e:	0c d0       	rcall	.+24     	; 0x3888 <__divsf3x>
    3870:	27 c1       	rjmp	.+590    	; 0x3ac0 <__fp_round>
    3872:	1f d1       	rcall	.+574    	; 0x3ab2 <__fp_pscB>
    3874:	40 f0       	brcs	.+16     	; 0x3886 <__divsf3+0x18>
    3876:	16 d1       	rcall	.+556    	; 0x3aa4 <__fp_pscA>
    3878:	30 f0       	brcs	.+12     	; 0x3886 <__divsf3+0x18>
    387a:	21 f4       	brne	.+8      	; 0x3884 <__divsf3+0x16>
    387c:	5f 3f       	cpi	r21, 0xFF	; 255
    387e:	19 f0       	breq	.+6      	; 0x3886 <__divsf3+0x18>
    3880:	df c0       	rjmp	.+446    	; 0x3a40 <__fp_inf>
    3882:	51 11       	cpse	r21, r1
    3884:	68 c1       	rjmp	.+720    	; 0x3b56 <__fp_szero>
    3886:	0b c1       	rjmp	.+534    	; 0x3a9e <__fp_nan>

00003888 <__divsf3x>:
    3888:	2c d1       	rcall	.+600    	; 0x3ae2 <__fp_split3>
    388a:	98 f3       	brcs	.-26     	; 0x3872 <__divsf3+0x4>

0000388c <__divsf3_pse>:
    388c:	99 23       	and	r25, r25
    388e:	c9 f3       	breq	.-14     	; 0x3882 <__divsf3+0x14>
    3890:	55 23       	and	r21, r21
    3892:	b1 f3       	breq	.-20     	; 0x3880 <__divsf3+0x12>
    3894:	95 1b       	sub	r25, r21
    3896:	55 0b       	sbc	r21, r21
    3898:	bb 27       	eor	r27, r27
    389a:	aa 27       	eor	r26, r26
    389c:	62 17       	cp	r22, r18
    389e:	73 07       	cpc	r23, r19
    38a0:	84 07       	cpc	r24, r20
    38a2:	38 f0       	brcs	.+14     	; 0x38b2 <__divsf3_pse+0x26>
    38a4:	9f 5f       	subi	r25, 0xFF	; 255
    38a6:	5f 4f       	sbci	r21, 0xFF	; 255
    38a8:	22 0f       	add	r18, r18
    38aa:	33 1f       	adc	r19, r19
    38ac:	44 1f       	adc	r20, r20
    38ae:	aa 1f       	adc	r26, r26
    38b0:	a9 f3       	breq	.-22     	; 0x389c <__divsf3_pse+0x10>
    38b2:	33 d0       	rcall	.+102    	; 0x391a <__divsf3_pse+0x8e>
    38b4:	0e 2e       	mov	r0, r30
    38b6:	3a f0       	brmi	.+14     	; 0x38c6 <__divsf3_pse+0x3a>
    38b8:	e0 e8       	ldi	r30, 0x80	; 128
    38ba:	30 d0       	rcall	.+96     	; 0x391c <__divsf3_pse+0x90>
    38bc:	91 50       	subi	r25, 0x01	; 1
    38be:	50 40       	sbci	r21, 0x00	; 0
    38c0:	e6 95       	lsr	r30
    38c2:	00 1c       	adc	r0, r0
    38c4:	ca f7       	brpl	.-14     	; 0x38b8 <__divsf3_pse+0x2c>
    38c6:	29 d0       	rcall	.+82     	; 0x391a <__divsf3_pse+0x8e>
    38c8:	fe 2f       	mov	r31, r30
    38ca:	27 d0       	rcall	.+78     	; 0x391a <__divsf3_pse+0x8e>
    38cc:	66 0f       	add	r22, r22
    38ce:	77 1f       	adc	r23, r23
    38d0:	88 1f       	adc	r24, r24
    38d2:	bb 1f       	adc	r27, r27
    38d4:	26 17       	cp	r18, r22
    38d6:	37 07       	cpc	r19, r23
    38d8:	48 07       	cpc	r20, r24
    38da:	ab 07       	cpc	r26, r27
    38dc:	b0 e8       	ldi	r27, 0x80	; 128
    38de:	09 f0       	breq	.+2      	; 0x38e2 <__divsf3_pse+0x56>
    38e0:	bb 0b       	sbc	r27, r27
    38e2:	80 2d       	mov	r24, r0
    38e4:	bf 01       	movw	r22, r30
    38e6:	ff 27       	eor	r31, r31
    38e8:	93 58       	subi	r25, 0x83	; 131
    38ea:	5f 4f       	sbci	r21, 0xFF	; 255
    38ec:	2a f0       	brmi	.+10     	; 0x38f8 <__divsf3_pse+0x6c>
    38ee:	9e 3f       	cpi	r25, 0xFE	; 254
    38f0:	51 05       	cpc	r21, r1
    38f2:	68 f0       	brcs	.+26     	; 0x390e <__divsf3_pse+0x82>
    38f4:	a5 c0       	rjmp	.+330    	; 0x3a40 <__fp_inf>
    38f6:	2f c1       	rjmp	.+606    	; 0x3b56 <__fp_szero>
    38f8:	5f 3f       	cpi	r21, 0xFF	; 255
    38fa:	ec f3       	brlt	.-6      	; 0x38f6 <__divsf3_pse+0x6a>
    38fc:	98 3e       	cpi	r25, 0xE8	; 232
    38fe:	dc f3       	brlt	.-10     	; 0x38f6 <__divsf3_pse+0x6a>
    3900:	86 95       	lsr	r24
    3902:	77 95       	ror	r23
    3904:	67 95       	ror	r22
    3906:	b7 95       	ror	r27
    3908:	f7 95       	ror	r31
    390a:	9f 5f       	subi	r25, 0xFF	; 255
    390c:	c9 f7       	brne	.-14     	; 0x3900 <__divsf3_pse+0x74>
    390e:	88 0f       	add	r24, r24
    3910:	91 1d       	adc	r25, r1
    3912:	96 95       	lsr	r25
    3914:	87 95       	ror	r24
    3916:	97 f9       	bld	r25, 7
    3918:	08 95       	ret
    391a:	e1 e0       	ldi	r30, 0x01	; 1
    391c:	66 0f       	add	r22, r22
    391e:	77 1f       	adc	r23, r23
    3920:	88 1f       	adc	r24, r24
    3922:	bb 1f       	adc	r27, r27
    3924:	62 17       	cp	r22, r18
    3926:	73 07       	cpc	r23, r19
    3928:	84 07       	cpc	r24, r20
    392a:	ba 07       	cpc	r27, r26
    392c:	20 f0       	brcs	.+8      	; 0x3936 <__divsf3_pse+0xaa>
    392e:	62 1b       	sub	r22, r18
    3930:	73 0b       	sbc	r23, r19
    3932:	84 0b       	sbc	r24, r20
    3934:	ba 0b       	sbc	r27, r26
    3936:	ee 1f       	adc	r30, r30
    3938:	88 f7       	brcc	.-30     	; 0x391c <__divsf3_pse+0x90>
    393a:	e0 95       	com	r30
    393c:	08 95       	ret

0000393e <__fixsfsi>:
    393e:	04 d0       	rcall	.+8      	; 0x3948 <__fixunssfsi>
    3940:	68 94       	set
    3942:	b1 11       	cpse	r27, r1
    3944:	08 c1       	rjmp	.+528    	; 0x3b56 <__fp_szero>
    3946:	08 95       	ret

00003948 <__fixunssfsi>:
    3948:	d4 d0       	rcall	.+424    	; 0x3af2 <__fp_splitA>
    394a:	88 f0       	brcs	.+34     	; 0x396e <__fixunssfsi+0x26>
    394c:	9f 57       	subi	r25, 0x7F	; 127
    394e:	90 f0       	brcs	.+36     	; 0x3974 <__fixunssfsi+0x2c>
    3950:	b9 2f       	mov	r27, r25
    3952:	99 27       	eor	r25, r25
    3954:	b7 51       	subi	r27, 0x17	; 23
    3956:	a0 f0       	brcs	.+40     	; 0x3980 <__fixunssfsi+0x38>
    3958:	d1 f0       	breq	.+52     	; 0x398e <__fixunssfsi+0x46>
    395a:	66 0f       	add	r22, r22
    395c:	77 1f       	adc	r23, r23
    395e:	88 1f       	adc	r24, r24
    3960:	99 1f       	adc	r25, r25
    3962:	1a f0       	brmi	.+6      	; 0x396a <__fixunssfsi+0x22>
    3964:	ba 95       	dec	r27
    3966:	c9 f7       	brne	.-14     	; 0x395a <__fixunssfsi+0x12>
    3968:	12 c0       	rjmp	.+36     	; 0x398e <__fixunssfsi+0x46>
    396a:	b1 30       	cpi	r27, 0x01	; 1
    396c:	81 f0       	breq	.+32     	; 0x398e <__fixunssfsi+0x46>
    396e:	f2 d0       	rcall	.+484    	; 0x3b54 <__fp_zero>
    3970:	b1 e0       	ldi	r27, 0x01	; 1
    3972:	08 95       	ret
    3974:	ef c0       	rjmp	.+478    	; 0x3b54 <__fp_zero>
    3976:	67 2f       	mov	r22, r23
    3978:	78 2f       	mov	r23, r24
    397a:	88 27       	eor	r24, r24
    397c:	b8 5f       	subi	r27, 0xF8	; 248
    397e:	39 f0       	breq	.+14     	; 0x398e <__fixunssfsi+0x46>
    3980:	b9 3f       	cpi	r27, 0xF9	; 249
    3982:	cc f3       	brlt	.-14     	; 0x3976 <__fixunssfsi+0x2e>
    3984:	86 95       	lsr	r24
    3986:	77 95       	ror	r23
    3988:	67 95       	ror	r22
    398a:	b3 95       	inc	r27
    398c:	d9 f7       	brne	.-10     	; 0x3984 <__fixunssfsi+0x3c>
    398e:	3e f4       	brtc	.+14     	; 0x399e <__fixunssfsi+0x56>
    3990:	90 95       	com	r25
    3992:	80 95       	com	r24
    3994:	70 95       	com	r23
    3996:	61 95       	neg	r22
    3998:	7f 4f       	sbci	r23, 0xFF	; 255
    399a:	8f 4f       	sbci	r24, 0xFF	; 255
    399c:	9f 4f       	sbci	r25, 0xFF	; 255
    399e:	08 95       	ret

000039a0 <__floatunsisf>:
    39a0:	e8 94       	clt
    39a2:	09 c0       	rjmp	.+18     	; 0x39b6 <__floatsisf+0x12>

000039a4 <__floatsisf>:
    39a4:	97 fb       	bst	r25, 7
    39a6:	3e f4       	brtc	.+14     	; 0x39b6 <__floatsisf+0x12>
    39a8:	90 95       	com	r25
    39aa:	80 95       	com	r24
    39ac:	70 95       	com	r23
    39ae:	61 95       	neg	r22
    39b0:	7f 4f       	sbci	r23, 0xFF	; 255
    39b2:	8f 4f       	sbci	r24, 0xFF	; 255
    39b4:	9f 4f       	sbci	r25, 0xFF	; 255
    39b6:	99 23       	and	r25, r25
    39b8:	a9 f0       	breq	.+42     	; 0x39e4 <__floatsisf+0x40>
    39ba:	f9 2f       	mov	r31, r25
    39bc:	96 e9       	ldi	r25, 0x96	; 150
    39be:	bb 27       	eor	r27, r27
    39c0:	93 95       	inc	r25
    39c2:	f6 95       	lsr	r31
    39c4:	87 95       	ror	r24
    39c6:	77 95       	ror	r23
    39c8:	67 95       	ror	r22
    39ca:	b7 95       	ror	r27
    39cc:	f1 11       	cpse	r31, r1
    39ce:	f8 cf       	rjmp	.-16     	; 0x39c0 <__floatsisf+0x1c>
    39d0:	fa f4       	brpl	.+62     	; 0x3a10 <__floatsisf+0x6c>
    39d2:	bb 0f       	add	r27, r27
    39d4:	11 f4       	brne	.+4      	; 0x39da <__floatsisf+0x36>
    39d6:	60 ff       	sbrs	r22, 0
    39d8:	1b c0       	rjmp	.+54     	; 0x3a10 <__floatsisf+0x6c>
    39da:	6f 5f       	subi	r22, 0xFF	; 255
    39dc:	7f 4f       	sbci	r23, 0xFF	; 255
    39de:	8f 4f       	sbci	r24, 0xFF	; 255
    39e0:	9f 4f       	sbci	r25, 0xFF	; 255
    39e2:	16 c0       	rjmp	.+44     	; 0x3a10 <__floatsisf+0x6c>
    39e4:	88 23       	and	r24, r24
    39e6:	11 f0       	breq	.+4      	; 0x39ec <__floatsisf+0x48>
    39e8:	96 e9       	ldi	r25, 0x96	; 150
    39ea:	11 c0       	rjmp	.+34     	; 0x3a0e <__floatsisf+0x6a>
    39ec:	77 23       	and	r23, r23
    39ee:	21 f0       	breq	.+8      	; 0x39f8 <__floatsisf+0x54>
    39f0:	9e e8       	ldi	r25, 0x8E	; 142
    39f2:	87 2f       	mov	r24, r23
    39f4:	76 2f       	mov	r23, r22
    39f6:	05 c0       	rjmp	.+10     	; 0x3a02 <__floatsisf+0x5e>
    39f8:	66 23       	and	r22, r22
    39fa:	71 f0       	breq	.+28     	; 0x3a18 <__floatsisf+0x74>
    39fc:	96 e8       	ldi	r25, 0x86	; 134
    39fe:	86 2f       	mov	r24, r22
    3a00:	70 e0       	ldi	r23, 0x00	; 0
    3a02:	60 e0       	ldi	r22, 0x00	; 0
    3a04:	2a f0       	brmi	.+10     	; 0x3a10 <__floatsisf+0x6c>
    3a06:	9a 95       	dec	r25
    3a08:	66 0f       	add	r22, r22
    3a0a:	77 1f       	adc	r23, r23
    3a0c:	88 1f       	adc	r24, r24
    3a0e:	da f7       	brpl	.-10     	; 0x3a06 <__floatsisf+0x62>
    3a10:	88 0f       	add	r24, r24
    3a12:	96 95       	lsr	r25
    3a14:	87 95       	ror	r24
    3a16:	97 f9       	bld	r25, 7
    3a18:	08 95       	ret

00003a1a <floor>:
    3a1a:	85 d0       	rcall	.+266    	; 0x3b26 <__fp_trunc>
    3a1c:	80 f0       	brcs	.+32     	; 0x3a3e <floor+0x24>
    3a1e:	9f 37       	cpi	r25, 0x7F	; 127
    3a20:	40 f4       	brcc	.+16     	; 0x3a32 <floor+0x18>
    3a22:	91 11       	cpse	r25, r1
    3a24:	0e f0       	brts	.+2      	; 0x3a28 <floor+0xe>
    3a26:	97 c0       	rjmp	.+302    	; 0x3b56 <__fp_szero>
    3a28:	60 e0       	ldi	r22, 0x00	; 0
    3a2a:	70 e0       	ldi	r23, 0x00	; 0
    3a2c:	80 e8       	ldi	r24, 0x80	; 128
    3a2e:	9f eb       	ldi	r25, 0xBF	; 191
    3a30:	08 95       	ret
    3a32:	26 f4       	brtc	.+8      	; 0x3a3c <floor+0x22>
    3a34:	1b 16       	cp	r1, r27
    3a36:	61 1d       	adc	r22, r1
    3a38:	71 1d       	adc	r23, r1
    3a3a:	81 1d       	adc	r24, r1
    3a3c:	07 c0       	rjmp	.+14     	; 0x3a4c <__fp_mintl>
    3a3e:	21 c0       	rjmp	.+66     	; 0x3a82 <__fp_mpack>

00003a40 <__fp_inf>:
    3a40:	97 f9       	bld	r25, 7
    3a42:	9f 67       	ori	r25, 0x7F	; 127
    3a44:	80 e8       	ldi	r24, 0x80	; 128
    3a46:	70 e0       	ldi	r23, 0x00	; 0
    3a48:	60 e0       	ldi	r22, 0x00	; 0
    3a4a:	08 95       	ret

00003a4c <__fp_mintl>:
    3a4c:	88 23       	and	r24, r24
    3a4e:	71 f4       	brne	.+28     	; 0x3a6c <__fp_mintl+0x20>
    3a50:	77 23       	and	r23, r23
    3a52:	21 f0       	breq	.+8      	; 0x3a5c <__fp_mintl+0x10>
    3a54:	98 50       	subi	r25, 0x08	; 8
    3a56:	87 2b       	or	r24, r23
    3a58:	76 2f       	mov	r23, r22
    3a5a:	07 c0       	rjmp	.+14     	; 0x3a6a <__fp_mintl+0x1e>
    3a5c:	66 23       	and	r22, r22
    3a5e:	11 f4       	brne	.+4      	; 0x3a64 <__fp_mintl+0x18>
    3a60:	99 27       	eor	r25, r25
    3a62:	0d c0       	rjmp	.+26     	; 0x3a7e <__fp_mintl+0x32>
    3a64:	90 51       	subi	r25, 0x10	; 16
    3a66:	86 2b       	or	r24, r22
    3a68:	70 e0       	ldi	r23, 0x00	; 0
    3a6a:	60 e0       	ldi	r22, 0x00	; 0
    3a6c:	2a f0       	brmi	.+10     	; 0x3a78 <__fp_mintl+0x2c>
    3a6e:	9a 95       	dec	r25
    3a70:	66 0f       	add	r22, r22
    3a72:	77 1f       	adc	r23, r23
    3a74:	88 1f       	adc	r24, r24
    3a76:	da f7       	brpl	.-10     	; 0x3a6e <__fp_mintl+0x22>
    3a78:	88 0f       	add	r24, r24
    3a7a:	96 95       	lsr	r25
    3a7c:	87 95       	ror	r24
    3a7e:	97 f9       	bld	r25, 7
    3a80:	08 95       	ret

00003a82 <__fp_mpack>:
    3a82:	9f 3f       	cpi	r25, 0xFF	; 255
    3a84:	31 f0       	breq	.+12     	; 0x3a92 <__fp_mpack_finite+0xc>

00003a86 <__fp_mpack_finite>:
    3a86:	91 50       	subi	r25, 0x01	; 1
    3a88:	20 f4       	brcc	.+8      	; 0x3a92 <__fp_mpack_finite+0xc>
    3a8a:	87 95       	ror	r24
    3a8c:	77 95       	ror	r23
    3a8e:	67 95       	ror	r22
    3a90:	b7 95       	ror	r27
    3a92:	88 0f       	add	r24, r24
    3a94:	91 1d       	adc	r25, r1
    3a96:	96 95       	lsr	r25
    3a98:	87 95       	ror	r24
    3a9a:	97 f9       	bld	r25, 7
    3a9c:	08 95       	ret

00003a9e <__fp_nan>:
    3a9e:	9f ef       	ldi	r25, 0xFF	; 255
    3aa0:	80 ec       	ldi	r24, 0xC0	; 192
    3aa2:	08 95       	ret

00003aa4 <__fp_pscA>:
    3aa4:	00 24       	eor	r0, r0
    3aa6:	0a 94       	dec	r0
    3aa8:	16 16       	cp	r1, r22
    3aaa:	17 06       	cpc	r1, r23
    3aac:	18 06       	cpc	r1, r24
    3aae:	09 06       	cpc	r0, r25
    3ab0:	08 95       	ret

00003ab2 <__fp_pscB>:
    3ab2:	00 24       	eor	r0, r0
    3ab4:	0a 94       	dec	r0
    3ab6:	12 16       	cp	r1, r18
    3ab8:	13 06       	cpc	r1, r19
    3aba:	14 06       	cpc	r1, r20
    3abc:	05 06       	cpc	r0, r21
    3abe:	08 95       	ret

00003ac0 <__fp_round>:
    3ac0:	09 2e       	mov	r0, r25
    3ac2:	03 94       	inc	r0
    3ac4:	00 0c       	add	r0, r0
    3ac6:	11 f4       	brne	.+4      	; 0x3acc <__fp_round+0xc>
    3ac8:	88 23       	and	r24, r24
    3aca:	52 f0       	brmi	.+20     	; 0x3ae0 <__fp_round+0x20>
    3acc:	bb 0f       	add	r27, r27
    3ace:	40 f4       	brcc	.+16     	; 0x3ae0 <__fp_round+0x20>
    3ad0:	bf 2b       	or	r27, r31
    3ad2:	11 f4       	brne	.+4      	; 0x3ad8 <__fp_round+0x18>
    3ad4:	60 ff       	sbrs	r22, 0
    3ad6:	04 c0       	rjmp	.+8      	; 0x3ae0 <__fp_round+0x20>
    3ad8:	6f 5f       	subi	r22, 0xFF	; 255
    3ada:	7f 4f       	sbci	r23, 0xFF	; 255
    3adc:	8f 4f       	sbci	r24, 0xFF	; 255
    3ade:	9f 4f       	sbci	r25, 0xFF	; 255
    3ae0:	08 95       	ret

00003ae2 <__fp_split3>:
    3ae2:	57 fd       	sbrc	r21, 7
    3ae4:	90 58       	subi	r25, 0x80	; 128
    3ae6:	44 0f       	add	r20, r20
    3ae8:	55 1f       	adc	r21, r21
    3aea:	59 f0       	breq	.+22     	; 0x3b02 <__fp_splitA+0x10>
    3aec:	5f 3f       	cpi	r21, 0xFF	; 255
    3aee:	71 f0       	breq	.+28     	; 0x3b0c <__fp_splitA+0x1a>
    3af0:	47 95       	ror	r20

00003af2 <__fp_splitA>:
    3af2:	88 0f       	add	r24, r24
    3af4:	97 fb       	bst	r25, 7
    3af6:	99 1f       	adc	r25, r25
    3af8:	61 f0       	breq	.+24     	; 0x3b12 <__fp_splitA+0x20>
    3afa:	9f 3f       	cpi	r25, 0xFF	; 255
    3afc:	79 f0       	breq	.+30     	; 0x3b1c <__fp_splitA+0x2a>
    3afe:	87 95       	ror	r24
    3b00:	08 95       	ret
    3b02:	12 16       	cp	r1, r18
    3b04:	13 06       	cpc	r1, r19
    3b06:	14 06       	cpc	r1, r20
    3b08:	55 1f       	adc	r21, r21
    3b0a:	f2 cf       	rjmp	.-28     	; 0x3af0 <__fp_split3+0xe>
    3b0c:	46 95       	lsr	r20
    3b0e:	f1 df       	rcall	.-30     	; 0x3af2 <__fp_splitA>
    3b10:	08 c0       	rjmp	.+16     	; 0x3b22 <__fp_splitA+0x30>
    3b12:	16 16       	cp	r1, r22
    3b14:	17 06       	cpc	r1, r23
    3b16:	18 06       	cpc	r1, r24
    3b18:	99 1f       	adc	r25, r25
    3b1a:	f1 cf       	rjmp	.-30     	; 0x3afe <__fp_splitA+0xc>
    3b1c:	86 95       	lsr	r24
    3b1e:	71 05       	cpc	r23, r1
    3b20:	61 05       	cpc	r22, r1
    3b22:	08 94       	sec
    3b24:	08 95       	ret

00003b26 <__fp_trunc>:
    3b26:	e5 df       	rcall	.-54     	; 0x3af2 <__fp_splitA>
    3b28:	a0 f0       	brcs	.+40     	; 0x3b52 <__fp_trunc+0x2c>
    3b2a:	be e7       	ldi	r27, 0x7E	; 126
    3b2c:	b9 17       	cp	r27, r25
    3b2e:	88 f4       	brcc	.+34     	; 0x3b52 <__fp_trunc+0x2c>
    3b30:	bb 27       	eor	r27, r27
    3b32:	9f 38       	cpi	r25, 0x8F	; 143
    3b34:	60 f4       	brcc	.+24     	; 0x3b4e <__fp_trunc+0x28>
    3b36:	16 16       	cp	r1, r22
    3b38:	b1 1d       	adc	r27, r1
    3b3a:	67 2f       	mov	r22, r23
    3b3c:	78 2f       	mov	r23, r24
    3b3e:	88 27       	eor	r24, r24
    3b40:	98 5f       	subi	r25, 0xF8	; 248
    3b42:	f7 cf       	rjmp	.-18     	; 0x3b32 <__fp_trunc+0xc>
    3b44:	86 95       	lsr	r24
    3b46:	77 95       	ror	r23
    3b48:	67 95       	ror	r22
    3b4a:	b1 1d       	adc	r27, r1
    3b4c:	93 95       	inc	r25
    3b4e:	96 39       	cpi	r25, 0x96	; 150
    3b50:	c8 f3       	brcs	.-14     	; 0x3b44 <__fp_trunc+0x1e>
    3b52:	08 95       	ret

00003b54 <__fp_zero>:
    3b54:	e8 94       	clt

00003b56 <__fp_szero>:
    3b56:	bb 27       	eor	r27, r27
    3b58:	66 27       	eor	r22, r22
    3b5a:	77 27       	eor	r23, r23
    3b5c:	cb 01       	movw	r24, r22
    3b5e:	97 f9       	bld	r25, 7
    3b60:	08 95       	ret

00003b62 <__mulsf3>:
    3b62:	0b d0       	rcall	.+22     	; 0x3b7a <__mulsf3x>
    3b64:	ad cf       	rjmp	.-166    	; 0x3ac0 <__fp_round>
    3b66:	9e df       	rcall	.-196    	; 0x3aa4 <__fp_pscA>
    3b68:	28 f0       	brcs	.+10     	; 0x3b74 <__mulsf3+0x12>
    3b6a:	a3 df       	rcall	.-186    	; 0x3ab2 <__fp_pscB>
    3b6c:	18 f0       	brcs	.+6      	; 0x3b74 <__mulsf3+0x12>
    3b6e:	95 23       	and	r25, r21
    3b70:	09 f0       	breq	.+2      	; 0x3b74 <__mulsf3+0x12>
    3b72:	66 cf       	rjmp	.-308    	; 0x3a40 <__fp_inf>
    3b74:	94 cf       	rjmp	.-216    	; 0x3a9e <__fp_nan>
    3b76:	11 24       	eor	r1, r1
    3b78:	ee cf       	rjmp	.-36     	; 0x3b56 <__fp_szero>

00003b7a <__mulsf3x>:
    3b7a:	b3 df       	rcall	.-154    	; 0x3ae2 <__fp_split3>
    3b7c:	a0 f3       	brcs	.-24     	; 0x3b66 <__mulsf3+0x4>

00003b7e <__mulsf3_pse>:
    3b7e:	95 9f       	mul	r25, r21
    3b80:	d1 f3       	breq	.-12     	; 0x3b76 <__mulsf3+0x14>
    3b82:	95 0f       	add	r25, r21
    3b84:	50 e0       	ldi	r21, 0x00	; 0
    3b86:	55 1f       	adc	r21, r21
    3b88:	62 9f       	mul	r22, r18
    3b8a:	f0 01       	movw	r30, r0
    3b8c:	72 9f       	mul	r23, r18
    3b8e:	bb 27       	eor	r27, r27
    3b90:	f0 0d       	add	r31, r0
    3b92:	b1 1d       	adc	r27, r1
    3b94:	63 9f       	mul	r22, r19
    3b96:	aa 27       	eor	r26, r26
    3b98:	f0 0d       	add	r31, r0
    3b9a:	b1 1d       	adc	r27, r1
    3b9c:	aa 1f       	adc	r26, r26
    3b9e:	64 9f       	mul	r22, r20
    3ba0:	66 27       	eor	r22, r22
    3ba2:	b0 0d       	add	r27, r0
    3ba4:	a1 1d       	adc	r26, r1
    3ba6:	66 1f       	adc	r22, r22
    3ba8:	82 9f       	mul	r24, r18
    3baa:	22 27       	eor	r18, r18
    3bac:	b0 0d       	add	r27, r0
    3bae:	a1 1d       	adc	r26, r1
    3bb0:	62 1f       	adc	r22, r18
    3bb2:	73 9f       	mul	r23, r19
    3bb4:	b0 0d       	add	r27, r0
    3bb6:	a1 1d       	adc	r26, r1
    3bb8:	62 1f       	adc	r22, r18
    3bba:	83 9f       	mul	r24, r19
    3bbc:	a0 0d       	add	r26, r0
    3bbe:	61 1d       	adc	r22, r1
    3bc0:	22 1f       	adc	r18, r18
    3bc2:	74 9f       	mul	r23, r20
    3bc4:	33 27       	eor	r19, r19
    3bc6:	a0 0d       	add	r26, r0
    3bc8:	61 1d       	adc	r22, r1
    3bca:	23 1f       	adc	r18, r19
    3bcc:	84 9f       	mul	r24, r20
    3bce:	60 0d       	add	r22, r0
    3bd0:	21 1d       	adc	r18, r1
    3bd2:	82 2f       	mov	r24, r18
    3bd4:	76 2f       	mov	r23, r22
    3bd6:	6a 2f       	mov	r22, r26
    3bd8:	11 24       	eor	r1, r1
    3bda:	9f 57       	subi	r25, 0x7F	; 127
    3bdc:	50 40       	sbci	r21, 0x00	; 0
    3bde:	8a f0       	brmi	.+34     	; 0x3c02 <__mulsf3_pse+0x84>
    3be0:	e1 f0       	breq	.+56     	; 0x3c1a <__mulsf3_pse+0x9c>
    3be2:	88 23       	and	r24, r24
    3be4:	4a f0       	brmi	.+18     	; 0x3bf8 <__mulsf3_pse+0x7a>
    3be6:	ee 0f       	add	r30, r30
    3be8:	ff 1f       	adc	r31, r31
    3bea:	bb 1f       	adc	r27, r27
    3bec:	66 1f       	adc	r22, r22
    3bee:	77 1f       	adc	r23, r23
    3bf0:	88 1f       	adc	r24, r24
    3bf2:	91 50       	subi	r25, 0x01	; 1
    3bf4:	50 40       	sbci	r21, 0x00	; 0
    3bf6:	a9 f7       	brne	.-22     	; 0x3be2 <__mulsf3_pse+0x64>
    3bf8:	9e 3f       	cpi	r25, 0xFE	; 254
    3bfa:	51 05       	cpc	r21, r1
    3bfc:	70 f0       	brcs	.+28     	; 0x3c1a <__mulsf3_pse+0x9c>
    3bfe:	20 cf       	rjmp	.-448    	; 0x3a40 <__fp_inf>
    3c00:	aa cf       	rjmp	.-172    	; 0x3b56 <__fp_szero>
    3c02:	5f 3f       	cpi	r21, 0xFF	; 255
    3c04:	ec f3       	brlt	.-6      	; 0x3c00 <__mulsf3_pse+0x82>
    3c06:	98 3e       	cpi	r25, 0xE8	; 232
    3c08:	dc f3       	brlt	.-10     	; 0x3c00 <__mulsf3_pse+0x82>
    3c0a:	86 95       	lsr	r24
    3c0c:	77 95       	ror	r23
    3c0e:	67 95       	ror	r22
    3c10:	b7 95       	ror	r27
    3c12:	f7 95       	ror	r31
    3c14:	e7 95       	ror	r30
    3c16:	9f 5f       	subi	r25, 0xFF	; 255
    3c18:	c1 f7       	brne	.-16     	; 0x3c0a <__mulsf3_pse+0x8c>
    3c1a:	fe 2b       	or	r31, r30
    3c1c:	88 0f       	add	r24, r24
    3c1e:	91 1d       	adc	r25, r1
    3c20:	96 95       	lsr	r25
    3c22:	87 95       	ror	r24
    3c24:	97 f9       	bld	r25, 7
    3c26:	08 95       	ret

00003c28 <__udivmodhi4>:
    3c28:	aa 1b       	sub	r26, r26
    3c2a:	bb 1b       	sub	r27, r27
    3c2c:	51 e1       	ldi	r21, 0x11	; 17
    3c2e:	07 c0       	rjmp	.+14     	; 0x3c3e <__udivmodhi4_ep>

00003c30 <__udivmodhi4_loop>:
    3c30:	aa 1f       	adc	r26, r26
    3c32:	bb 1f       	adc	r27, r27
    3c34:	a6 17       	cp	r26, r22
    3c36:	b7 07       	cpc	r27, r23
    3c38:	10 f0       	brcs	.+4      	; 0x3c3e <__udivmodhi4_ep>
    3c3a:	a6 1b       	sub	r26, r22
    3c3c:	b7 0b       	sbc	r27, r23

00003c3e <__udivmodhi4_ep>:
    3c3e:	88 1f       	adc	r24, r24
    3c40:	99 1f       	adc	r25, r25
    3c42:	5a 95       	dec	r21
    3c44:	a9 f7       	brne	.-22     	; 0x3c30 <__udivmodhi4_loop>
    3c46:	80 95       	com	r24
    3c48:	90 95       	com	r25
    3c4a:	bc 01       	movw	r22, r24
    3c4c:	cd 01       	movw	r24, r26
    3c4e:	08 95       	ret

00003c50 <__divmodhi4>:
    3c50:	97 fb       	bst	r25, 7
    3c52:	07 2e       	mov	r0, r23
    3c54:	16 f4       	brtc	.+4      	; 0x3c5a <__divmodhi4+0xa>
    3c56:	00 94       	com	r0
    3c58:	06 d0       	rcall	.+12     	; 0x3c66 <__divmodhi4_neg1>
    3c5a:	77 fd       	sbrc	r23, 7
    3c5c:	08 d0       	rcall	.+16     	; 0x3c6e <__divmodhi4_neg2>
    3c5e:	e4 df       	rcall	.-56     	; 0x3c28 <__udivmodhi4>
    3c60:	07 fc       	sbrc	r0, 7
    3c62:	05 d0       	rcall	.+10     	; 0x3c6e <__divmodhi4_neg2>
    3c64:	3e f4       	brtc	.+14     	; 0x3c74 <__divmodhi4_exit>

00003c66 <__divmodhi4_neg1>:
    3c66:	90 95       	com	r25
    3c68:	81 95       	neg	r24
    3c6a:	9f 4f       	sbci	r25, 0xFF	; 255
    3c6c:	08 95       	ret

00003c6e <__divmodhi4_neg2>:
    3c6e:	70 95       	com	r23
    3c70:	61 95       	neg	r22
    3c72:	7f 4f       	sbci	r23, 0xFF	; 255

00003c74 <__divmodhi4_exit>:
    3c74:	08 95       	ret

00003c76 <__tablejump2__>:
    3c76:	ee 0f       	add	r30, r30
    3c78:	ff 1f       	adc	r31, r31
    3c7a:	88 1f       	adc	r24, r24
    3c7c:	8b bf       	out	0x3b, r24	; 59
    3c7e:	07 90       	elpm	r0, Z+
    3c80:	f6 91       	elpm	r31, Z
    3c82:	e0 2d       	mov	r30, r0
    3c84:	19 94       	eijmp

00003c86 <do_rand>:
    3c86:	8f 92       	push	r8
    3c88:	9f 92       	push	r9
    3c8a:	af 92       	push	r10
    3c8c:	bf 92       	push	r11
    3c8e:	cf 92       	push	r12
    3c90:	df 92       	push	r13
    3c92:	ef 92       	push	r14
    3c94:	ff 92       	push	r15
    3c96:	cf 93       	push	r28
    3c98:	df 93       	push	r29
    3c9a:	ec 01       	movw	r28, r24
    3c9c:	68 81       	ld	r22, Y
    3c9e:	79 81       	ldd	r23, Y+1	; 0x01
    3ca0:	8a 81       	ldd	r24, Y+2	; 0x02
    3ca2:	9b 81       	ldd	r25, Y+3	; 0x03
    3ca4:	61 15       	cp	r22, r1
    3ca6:	71 05       	cpc	r23, r1
    3ca8:	81 05       	cpc	r24, r1
    3caa:	91 05       	cpc	r25, r1
    3cac:	21 f4       	brne	.+8      	; 0x3cb6 <do_rand+0x30>
    3cae:	64 e2       	ldi	r22, 0x24	; 36
    3cb0:	79 ed       	ldi	r23, 0xD9	; 217
    3cb2:	8b e5       	ldi	r24, 0x5B	; 91
    3cb4:	97 e0       	ldi	r25, 0x07	; 7
    3cb6:	2d e1       	ldi	r18, 0x1D	; 29
    3cb8:	33 ef       	ldi	r19, 0xF3	; 243
    3cba:	41 e0       	ldi	r20, 0x01	; 1
    3cbc:	50 e0       	ldi	r21, 0x00	; 0
    3cbe:	25 d3       	rcall	.+1610   	; 0x430a <__divmodsi4>
    3cc0:	49 01       	movw	r8, r18
    3cc2:	5a 01       	movw	r10, r20
    3cc4:	9b 01       	movw	r18, r22
    3cc6:	ac 01       	movw	r20, r24
    3cc8:	a7 ea       	ldi	r26, 0xA7	; 167
    3cca:	b1 e4       	ldi	r27, 0x41	; 65
    3ccc:	3a d3       	rcall	.+1652   	; 0x4342 <__muluhisi3>
    3cce:	6b 01       	movw	r12, r22
    3cd0:	7c 01       	movw	r14, r24
    3cd2:	ac ee       	ldi	r26, 0xEC	; 236
    3cd4:	b4 ef       	ldi	r27, 0xF4	; 244
    3cd6:	a5 01       	movw	r20, r10
    3cd8:	94 01       	movw	r18, r8
    3cda:	3f d3       	rcall	.+1662   	; 0x435a <__mulohisi3>
    3cdc:	dc 01       	movw	r26, r24
    3cde:	cb 01       	movw	r24, r22
    3ce0:	8c 0d       	add	r24, r12
    3ce2:	9d 1d       	adc	r25, r13
    3ce4:	ae 1d       	adc	r26, r14
    3ce6:	bf 1d       	adc	r27, r15
    3ce8:	b7 ff       	sbrs	r27, 7
    3cea:	03 c0       	rjmp	.+6      	; 0x3cf2 <do_rand+0x6c>
    3cec:	01 97       	sbiw	r24, 0x01	; 1
    3cee:	a1 09       	sbc	r26, r1
    3cf0:	b0 48       	sbci	r27, 0x80	; 128
    3cf2:	88 83       	st	Y, r24
    3cf4:	99 83       	std	Y+1, r25	; 0x01
    3cf6:	aa 83       	std	Y+2, r26	; 0x02
    3cf8:	bb 83       	std	Y+3, r27	; 0x03
    3cfa:	9f 77       	andi	r25, 0x7F	; 127
    3cfc:	df 91       	pop	r29
    3cfe:	cf 91       	pop	r28
    3d00:	ff 90       	pop	r15
    3d02:	ef 90       	pop	r14
    3d04:	df 90       	pop	r13
    3d06:	cf 90       	pop	r12
    3d08:	bf 90       	pop	r11
    3d0a:	af 90       	pop	r10
    3d0c:	9f 90       	pop	r9
    3d0e:	8f 90       	pop	r8
    3d10:	08 95       	ret

00003d12 <rand_r>:
    3d12:	b9 cf       	rjmp	.-142    	; 0x3c86 <do_rand>

00003d14 <rand>:
    3d14:	80 e0       	ldi	r24, 0x00	; 0
    3d16:	90 e2       	ldi	r25, 0x20	; 32
    3d18:	b6 cf       	rjmp	.-148    	; 0x3c86 <do_rand>

00003d1a <srand>:
    3d1a:	a0 e0       	ldi	r26, 0x00	; 0
    3d1c:	b0 e0       	ldi	r27, 0x00	; 0
    3d1e:	80 93 00 20 	sts	0x2000, r24	; 0x802000 <__DATA_REGION_ORIGIN__>
    3d22:	90 93 01 20 	sts	0x2001, r25	; 0x802001 <__DATA_REGION_ORIGIN__+0x1>
    3d26:	a0 93 02 20 	sts	0x2002, r26	; 0x802002 <__DATA_REGION_ORIGIN__+0x2>
    3d2a:	b0 93 03 20 	sts	0x2003, r27	; 0x802003 <__DATA_REGION_ORIGIN__+0x3>
    3d2e:	08 95       	ret

00003d30 <memcpy>:
    3d30:	fb 01       	movw	r30, r22
    3d32:	dc 01       	movw	r26, r24
    3d34:	02 c0       	rjmp	.+4      	; 0x3d3a <memcpy+0xa>
    3d36:	01 90       	ld	r0, Z+
    3d38:	0d 92       	st	X+, r0
    3d3a:	41 50       	subi	r20, 0x01	; 1
    3d3c:	50 40       	sbci	r21, 0x00	; 0
    3d3e:	d8 f7       	brcc	.-10     	; 0x3d36 <memcpy+0x6>
    3d40:	08 95       	ret

00003d42 <strcpy>:
    3d42:	fb 01       	movw	r30, r22
    3d44:	dc 01       	movw	r26, r24
    3d46:	01 90       	ld	r0, Z+
    3d48:	0d 92       	st	X+, r0
    3d4a:	00 20       	and	r0, r0
    3d4c:	e1 f7       	brne	.-8      	; 0x3d46 <strcpy+0x4>
    3d4e:	08 95       	ret

00003d50 <snprintf>:
    3d50:	0f 93       	push	r16
    3d52:	1f 93       	push	r17
    3d54:	cf 93       	push	r28
    3d56:	df 93       	push	r29
    3d58:	cd b7       	in	r28, 0x3d	; 61
    3d5a:	de b7       	in	r29, 0x3e	; 62
    3d5c:	2e 97       	sbiw	r28, 0x0e	; 14
    3d5e:	cd bf       	out	0x3d, r28	; 61
    3d60:	de bf       	out	0x3e, r29	; 62
    3d62:	0e 89       	ldd	r16, Y+22	; 0x16
    3d64:	1f 89       	ldd	r17, Y+23	; 0x17
    3d66:	88 8d       	ldd	r24, Y+24	; 0x18
    3d68:	99 8d       	ldd	r25, Y+25	; 0x19
    3d6a:	26 e0       	ldi	r18, 0x06	; 6
    3d6c:	2c 83       	std	Y+4, r18	; 0x04
    3d6e:	09 83       	std	Y+1, r16	; 0x01
    3d70:	1a 83       	std	Y+2, r17	; 0x02
    3d72:	97 ff       	sbrs	r25, 7
    3d74:	02 c0       	rjmp	.+4      	; 0x3d7a <snprintf+0x2a>
    3d76:	80 e0       	ldi	r24, 0x00	; 0
    3d78:	90 e8       	ldi	r25, 0x80	; 128
    3d7a:	01 97       	sbiw	r24, 0x01	; 1
    3d7c:	8d 83       	std	Y+5, r24	; 0x05
    3d7e:	9e 83       	std	Y+6, r25	; 0x06
    3d80:	ae 01       	movw	r20, r28
    3d82:	44 5e       	subi	r20, 0xE4	; 228
    3d84:	5f 4f       	sbci	r21, 0xFF	; 255
    3d86:	6a 8d       	ldd	r22, Y+26	; 0x1a
    3d88:	7b 8d       	ldd	r23, Y+27	; 0x1b
    3d8a:	ce 01       	movw	r24, r28
    3d8c:	01 96       	adiw	r24, 0x01	; 1
    3d8e:	16 d0       	rcall	.+44     	; 0x3dbc <vfprintf>
    3d90:	4d 81       	ldd	r20, Y+5	; 0x05
    3d92:	5e 81       	ldd	r21, Y+6	; 0x06
    3d94:	57 fd       	sbrc	r21, 7
    3d96:	0a c0       	rjmp	.+20     	; 0x3dac <snprintf+0x5c>
    3d98:	2f 81       	ldd	r18, Y+7	; 0x07
    3d9a:	38 85       	ldd	r19, Y+8	; 0x08
    3d9c:	42 17       	cp	r20, r18
    3d9e:	53 07       	cpc	r21, r19
    3da0:	0c f4       	brge	.+2      	; 0x3da4 <snprintf+0x54>
    3da2:	9a 01       	movw	r18, r20
    3da4:	f8 01       	movw	r30, r16
    3da6:	e2 0f       	add	r30, r18
    3da8:	f3 1f       	adc	r31, r19
    3daa:	10 82       	st	Z, r1
    3dac:	2e 96       	adiw	r28, 0x0e	; 14
    3dae:	cd bf       	out	0x3d, r28	; 61
    3db0:	de bf       	out	0x3e, r29	; 62
    3db2:	df 91       	pop	r29
    3db4:	cf 91       	pop	r28
    3db6:	1f 91       	pop	r17
    3db8:	0f 91       	pop	r16
    3dba:	08 95       	ret

00003dbc <vfprintf>:
    3dbc:	2f 92       	push	r2
    3dbe:	3f 92       	push	r3
    3dc0:	4f 92       	push	r4
    3dc2:	5f 92       	push	r5
    3dc4:	6f 92       	push	r6
    3dc6:	7f 92       	push	r7
    3dc8:	8f 92       	push	r8
    3dca:	9f 92       	push	r9
    3dcc:	af 92       	push	r10
    3dce:	bf 92       	push	r11
    3dd0:	cf 92       	push	r12
    3dd2:	df 92       	push	r13
    3dd4:	ef 92       	push	r14
    3dd6:	ff 92       	push	r15
    3dd8:	0f 93       	push	r16
    3dda:	1f 93       	push	r17
    3ddc:	cf 93       	push	r28
    3dde:	df 93       	push	r29
    3de0:	cd b7       	in	r28, 0x3d	; 61
    3de2:	de b7       	in	r29, 0x3e	; 62
    3de4:	2b 97       	sbiw	r28, 0x0b	; 11
    3de6:	cd bf       	out	0x3d, r28	; 61
    3de8:	de bf       	out	0x3e, r29	; 62
    3dea:	6c 01       	movw	r12, r24
    3dec:	7b 01       	movw	r14, r22
    3dee:	8a 01       	movw	r16, r20
    3df0:	fc 01       	movw	r30, r24
    3df2:	16 82       	std	Z+6, r1	; 0x06
    3df4:	17 82       	std	Z+7, r1	; 0x07
    3df6:	83 81       	ldd	r24, Z+3	; 0x03
    3df8:	81 ff       	sbrs	r24, 1
    3dfa:	bf c1       	rjmp	.+894    	; 0x417a <__DATA_REGION_LENGTH__+0x17a>
    3dfc:	ce 01       	movw	r24, r28
    3dfe:	01 96       	adiw	r24, 0x01	; 1
    3e00:	3c 01       	movw	r6, r24
    3e02:	f6 01       	movw	r30, r12
    3e04:	93 81       	ldd	r25, Z+3	; 0x03
    3e06:	f7 01       	movw	r30, r14
    3e08:	93 fd       	sbrc	r25, 3
    3e0a:	85 91       	lpm	r24, Z+
    3e0c:	93 ff       	sbrs	r25, 3
    3e0e:	81 91       	ld	r24, Z+
    3e10:	7f 01       	movw	r14, r30
    3e12:	88 23       	and	r24, r24
    3e14:	09 f4       	brne	.+2      	; 0x3e18 <vfprintf+0x5c>
    3e16:	ad c1       	rjmp	.+858    	; 0x4172 <__DATA_REGION_LENGTH__+0x172>
    3e18:	85 32       	cpi	r24, 0x25	; 37
    3e1a:	39 f4       	brne	.+14     	; 0x3e2a <vfprintf+0x6e>
    3e1c:	93 fd       	sbrc	r25, 3
    3e1e:	85 91       	lpm	r24, Z+
    3e20:	93 ff       	sbrs	r25, 3
    3e22:	81 91       	ld	r24, Z+
    3e24:	7f 01       	movw	r14, r30
    3e26:	85 32       	cpi	r24, 0x25	; 37
    3e28:	21 f4       	brne	.+8      	; 0x3e32 <vfprintf+0x76>
    3e2a:	b6 01       	movw	r22, r12
    3e2c:	90 e0       	ldi	r25, 0x00	; 0
    3e2e:	d3 d1       	rcall	.+934    	; 0x41d6 <fputc>
    3e30:	e8 cf       	rjmp	.-48     	; 0x3e02 <vfprintf+0x46>
    3e32:	91 2c       	mov	r9, r1
    3e34:	21 2c       	mov	r2, r1
    3e36:	31 2c       	mov	r3, r1
    3e38:	ff e1       	ldi	r31, 0x1F	; 31
    3e3a:	f3 15       	cp	r31, r3
    3e3c:	d8 f0       	brcs	.+54     	; 0x3e74 <vfprintf+0xb8>
    3e3e:	8b 32       	cpi	r24, 0x2B	; 43
    3e40:	79 f0       	breq	.+30     	; 0x3e60 <vfprintf+0xa4>
    3e42:	38 f4       	brcc	.+14     	; 0x3e52 <vfprintf+0x96>
    3e44:	80 32       	cpi	r24, 0x20	; 32
    3e46:	79 f0       	breq	.+30     	; 0x3e66 <vfprintf+0xaa>
    3e48:	83 32       	cpi	r24, 0x23	; 35
    3e4a:	a1 f4       	brne	.+40     	; 0x3e74 <vfprintf+0xb8>
    3e4c:	23 2d       	mov	r18, r3
    3e4e:	20 61       	ori	r18, 0x10	; 16
    3e50:	1d c0       	rjmp	.+58     	; 0x3e8c <vfprintf+0xd0>
    3e52:	8d 32       	cpi	r24, 0x2D	; 45
    3e54:	61 f0       	breq	.+24     	; 0x3e6e <vfprintf+0xb2>
    3e56:	80 33       	cpi	r24, 0x30	; 48
    3e58:	69 f4       	brne	.+26     	; 0x3e74 <vfprintf+0xb8>
    3e5a:	23 2d       	mov	r18, r3
    3e5c:	21 60       	ori	r18, 0x01	; 1
    3e5e:	16 c0       	rjmp	.+44     	; 0x3e8c <vfprintf+0xd0>
    3e60:	83 2d       	mov	r24, r3
    3e62:	82 60       	ori	r24, 0x02	; 2
    3e64:	38 2e       	mov	r3, r24
    3e66:	e3 2d       	mov	r30, r3
    3e68:	e4 60       	ori	r30, 0x04	; 4
    3e6a:	3e 2e       	mov	r3, r30
    3e6c:	2a c0       	rjmp	.+84     	; 0x3ec2 <vfprintf+0x106>
    3e6e:	f3 2d       	mov	r31, r3
    3e70:	f8 60       	ori	r31, 0x08	; 8
    3e72:	1d c0       	rjmp	.+58     	; 0x3eae <vfprintf+0xf2>
    3e74:	37 fc       	sbrc	r3, 7
    3e76:	2d c0       	rjmp	.+90     	; 0x3ed2 <vfprintf+0x116>
    3e78:	20 ed       	ldi	r18, 0xD0	; 208
    3e7a:	28 0f       	add	r18, r24
    3e7c:	2a 30       	cpi	r18, 0x0A	; 10
    3e7e:	40 f0       	brcs	.+16     	; 0x3e90 <vfprintf+0xd4>
    3e80:	8e 32       	cpi	r24, 0x2E	; 46
    3e82:	b9 f4       	brne	.+46     	; 0x3eb2 <vfprintf+0xf6>
    3e84:	36 fc       	sbrc	r3, 6
    3e86:	75 c1       	rjmp	.+746    	; 0x4172 <__DATA_REGION_LENGTH__+0x172>
    3e88:	23 2d       	mov	r18, r3
    3e8a:	20 64       	ori	r18, 0x40	; 64
    3e8c:	32 2e       	mov	r3, r18
    3e8e:	19 c0       	rjmp	.+50     	; 0x3ec2 <vfprintf+0x106>
    3e90:	36 fe       	sbrs	r3, 6
    3e92:	06 c0       	rjmp	.+12     	; 0x3ea0 <vfprintf+0xe4>
    3e94:	8a e0       	ldi	r24, 0x0A	; 10
    3e96:	98 9e       	mul	r9, r24
    3e98:	20 0d       	add	r18, r0
    3e9a:	11 24       	eor	r1, r1
    3e9c:	92 2e       	mov	r9, r18
    3e9e:	11 c0       	rjmp	.+34     	; 0x3ec2 <vfprintf+0x106>
    3ea0:	ea e0       	ldi	r30, 0x0A	; 10
    3ea2:	2e 9e       	mul	r2, r30
    3ea4:	20 0d       	add	r18, r0
    3ea6:	11 24       	eor	r1, r1
    3ea8:	22 2e       	mov	r2, r18
    3eaa:	f3 2d       	mov	r31, r3
    3eac:	f0 62       	ori	r31, 0x20	; 32
    3eae:	3f 2e       	mov	r3, r31
    3eb0:	08 c0       	rjmp	.+16     	; 0x3ec2 <vfprintf+0x106>
    3eb2:	8c 36       	cpi	r24, 0x6C	; 108
    3eb4:	21 f4       	brne	.+8      	; 0x3ebe <vfprintf+0x102>
    3eb6:	83 2d       	mov	r24, r3
    3eb8:	80 68       	ori	r24, 0x80	; 128
    3eba:	38 2e       	mov	r3, r24
    3ebc:	02 c0       	rjmp	.+4      	; 0x3ec2 <vfprintf+0x106>
    3ebe:	88 36       	cpi	r24, 0x68	; 104
    3ec0:	41 f4       	brne	.+16     	; 0x3ed2 <vfprintf+0x116>
    3ec2:	f7 01       	movw	r30, r14
    3ec4:	93 fd       	sbrc	r25, 3
    3ec6:	85 91       	lpm	r24, Z+
    3ec8:	93 ff       	sbrs	r25, 3
    3eca:	81 91       	ld	r24, Z+
    3ecc:	7f 01       	movw	r14, r30
    3ece:	81 11       	cpse	r24, r1
    3ed0:	b3 cf       	rjmp	.-154    	; 0x3e38 <vfprintf+0x7c>
    3ed2:	98 2f       	mov	r25, r24
    3ed4:	9f 7d       	andi	r25, 0xDF	; 223
    3ed6:	95 54       	subi	r25, 0x45	; 69
    3ed8:	93 30       	cpi	r25, 0x03	; 3
    3eda:	28 f4       	brcc	.+10     	; 0x3ee6 <vfprintf+0x12a>
    3edc:	0c 5f       	subi	r16, 0xFC	; 252
    3ede:	1f 4f       	sbci	r17, 0xFF	; 255
    3ee0:	9f e3       	ldi	r25, 0x3F	; 63
    3ee2:	99 83       	std	Y+1, r25	; 0x01
    3ee4:	0d c0       	rjmp	.+26     	; 0x3f00 <vfprintf+0x144>
    3ee6:	83 36       	cpi	r24, 0x63	; 99
    3ee8:	31 f0       	breq	.+12     	; 0x3ef6 <vfprintf+0x13a>
    3eea:	83 37       	cpi	r24, 0x73	; 115
    3eec:	71 f0       	breq	.+28     	; 0x3f0a <vfprintf+0x14e>
    3eee:	83 35       	cpi	r24, 0x53	; 83
    3ef0:	09 f0       	breq	.+2      	; 0x3ef4 <vfprintf+0x138>
    3ef2:	55 c0       	rjmp	.+170    	; 0x3f9e <vfprintf+0x1e2>
    3ef4:	20 c0       	rjmp	.+64     	; 0x3f36 <vfprintf+0x17a>
    3ef6:	f8 01       	movw	r30, r16
    3ef8:	80 81       	ld	r24, Z
    3efa:	89 83       	std	Y+1, r24	; 0x01
    3efc:	0e 5f       	subi	r16, 0xFE	; 254
    3efe:	1f 4f       	sbci	r17, 0xFF	; 255
    3f00:	88 24       	eor	r8, r8
    3f02:	83 94       	inc	r8
    3f04:	91 2c       	mov	r9, r1
    3f06:	53 01       	movw	r10, r6
    3f08:	12 c0       	rjmp	.+36     	; 0x3f2e <vfprintf+0x172>
    3f0a:	28 01       	movw	r4, r16
    3f0c:	f2 e0       	ldi	r31, 0x02	; 2
    3f0e:	4f 0e       	add	r4, r31
    3f10:	51 1c       	adc	r5, r1
    3f12:	f8 01       	movw	r30, r16
    3f14:	a0 80       	ld	r10, Z
    3f16:	b1 80       	ldd	r11, Z+1	; 0x01
    3f18:	36 fe       	sbrs	r3, 6
    3f1a:	03 c0       	rjmp	.+6      	; 0x3f22 <vfprintf+0x166>
    3f1c:	69 2d       	mov	r22, r9
    3f1e:	70 e0       	ldi	r23, 0x00	; 0
    3f20:	02 c0       	rjmp	.+4      	; 0x3f26 <vfprintf+0x16a>
    3f22:	6f ef       	ldi	r22, 0xFF	; 255
    3f24:	7f ef       	ldi	r23, 0xFF	; 255
    3f26:	c5 01       	movw	r24, r10
    3f28:	4b d1       	rcall	.+662    	; 0x41c0 <strnlen>
    3f2a:	4c 01       	movw	r8, r24
    3f2c:	82 01       	movw	r16, r4
    3f2e:	f3 2d       	mov	r31, r3
    3f30:	ff 77       	andi	r31, 0x7F	; 127
    3f32:	3f 2e       	mov	r3, r31
    3f34:	15 c0       	rjmp	.+42     	; 0x3f60 <vfprintf+0x1a4>
    3f36:	28 01       	movw	r4, r16
    3f38:	22 e0       	ldi	r18, 0x02	; 2
    3f3a:	42 0e       	add	r4, r18
    3f3c:	51 1c       	adc	r5, r1
    3f3e:	f8 01       	movw	r30, r16
    3f40:	a0 80       	ld	r10, Z
    3f42:	b1 80       	ldd	r11, Z+1	; 0x01
    3f44:	36 fe       	sbrs	r3, 6
    3f46:	03 c0       	rjmp	.+6      	; 0x3f4e <vfprintf+0x192>
    3f48:	69 2d       	mov	r22, r9
    3f4a:	70 e0       	ldi	r23, 0x00	; 0
    3f4c:	02 c0       	rjmp	.+4      	; 0x3f52 <vfprintf+0x196>
    3f4e:	6f ef       	ldi	r22, 0xFF	; 255
    3f50:	7f ef       	ldi	r23, 0xFF	; 255
    3f52:	c5 01       	movw	r24, r10
    3f54:	2a d1       	rcall	.+596    	; 0x41aa <strnlen_P>
    3f56:	4c 01       	movw	r8, r24
    3f58:	f3 2d       	mov	r31, r3
    3f5a:	f0 68       	ori	r31, 0x80	; 128
    3f5c:	3f 2e       	mov	r3, r31
    3f5e:	82 01       	movw	r16, r4
    3f60:	33 fc       	sbrc	r3, 3
    3f62:	19 c0       	rjmp	.+50     	; 0x3f96 <vfprintf+0x1da>
    3f64:	82 2d       	mov	r24, r2
    3f66:	90 e0       	ldi	r25, 0x00	; 0
    3f68:	88 16       	cp	r8, r24
    3f6a:	99 06       	cpc	r9, r25
    3f6c:	a0 f4       	brcc	.+40     	; 0x3f96 <vfprintf+0x1da>
    3f6e:	b6 01       	movw	r22, r12
    3f70:	80 e2       	ldi	r24, 0x20	; 32
    3f72:	90 e0       	ldi	r25, 0x00	; 0
    3f74:	30 d1       	rcall	.+608    	; 0x41d6 <fputc>
    3f76:	2a 94       	dec	r2
    3f78:	f5 cf       	rjmp	.-22     	; 0x3f64 <vfprintf+0x1a8>
    3f7a:	f5 01       	movw	r30, r10
    3f7c:	37 fc       	sbrc	r3, 7
    3f7e:	85 91       	lpm	r24, Z+
    3f80:	37 fe       	sbrs	r3, 7
    3f82:	81 91       	ld	r24, Z+
    3f84:	5f 01       	movw	r10, r30
    3f86:	b6 01       	movw	r22, r12
    3f88:	90 e0       	ldi	r25, 0x00	; 0
    3f8a:	25 d1       	rcall	.+586    	; 0x41d6 <fputc>
    3f8c:	21 10       	cpse	r2, r1
    3f8e:	2a 94       	dec	r2
    3f90:	21 e0       	ldi	r18, 0x01	; 1
    3f92:	82 1a       	sub	r8, r18
    3f94:	91 08       	sbc	r9, r1
    3f96:	81 14       	cp	r8, r1
    3f98:	91 04       	cpc	r9, r1
    3f9a:	79 f7       	brne	.-34     	; 0x3f7a <vfprintf+0x1be>
    3f9c:	e1 c0       	rjmp	.+450    	; 0x4160 <__DATA_REGION_LENGTH__+0x160>
    3f9e:	84 36       	cpi	r24, 0x64	; 100
    3fa0:	11 f0       	breq	.+4      	; 0x3fa6 <vfprintf+0x1ea>
    3fa2:	89 36       	cpi	r24, 0x69	; 105
    3fa4:	39 f5       	brne	.+78     	; 0x3ff4 <vfprintf+0x238>
    3fa6:	f8 01       	movw	r30, r16
    3fa8:	37 fe       	sbrs	r3, 7
    3faa:	07 c0       	rjmp	.+14     	; 0x3fba <vfprintf+0x1fe>
    3fac:	60 81       	ld	r22, Z
    3fae:	71 81       	ldd	r23, Z+1	; 0x01
    3fb0:	82 81       	ldd	r24, Z+2	; 0x02
    3fb2:	93 81       	ldd	r25, Z+3	; 0x03
    3fb4:	0c 5f       	subi	r16, 0xFC	; 252
    3fb6:	1f 4f       	sbci	r17, 0xFF	; 255
    3fb8:	08 c0       	rjmp	.+16     	; 0x3fca <vfprintf+0x20e>
    3fba:	60 81       	ld	r22, Z
    3fbc:	71 81       	ldd	r23, Z+1	; 0x01
    3fbe:	07 2e       	mov	r0, r23
    3fc0:	00 0c       	add	r0, r0
    3fc2:	88 0b       	sbc	r24, r24
    3fc4:	99 0b       	sbc	r25, r25
    3fc6:	0e 5f       	subi	r16, 0xFE	; 254
    3fc8:	1f 4f       	sbci	r17, 0xFF	; 255
    3fca:	f3 2d       	mov	r31, r3
    3fcc:	ff 76       	andi	r31, 0x6F	; 111
    3fce:	3f 2e       	mov	r3, r31
    3fd0:	97 ff       	sbrs	r25, 7
    3fd2:	09 c0       	rjmp	.+18     	; 0x3fe6 <vfprintf+0x22a>
    3fd4:	90 95       	com	r25
    3fd6:	80 95       	com	r24
    3fd8:	70 95       	com	r23
    3fda:	61 95       	neg	r22
    3fdc:	7f 4f       	sbci	r23, 0xFF	; 255
    3fde:	8f 4f       	sbci	r24, 0xFF	; 255
    3fe0:	9f 4f       	sbci	r25, 0xFF	; 255
    3fe2:	f0 68       	ori	r31, 0x80	; 128
    3fe4:	3f 2e       	mov	r3, r31
    3fe6:	2a e0       	ldi	r18, 0x0A	; 10
    3fe8:	30 e0       	ldi	r19, 0x00	; 0
    3fea:	a3 01       	movw	r20, r6
    3fec:	30 d1       	rcall	.+608    	; 0x424e <__ultoa_invert>
    3fee:	88 2e       	mov	r8, r24
    3ff0:	86 18       	sub	r8, r6
    3ff2:	44 c0       	rjmp	.+136    	; 0x407c <__DATA_REGION_LENGTH__+0x7c>
    3ff4:	85 37       	cpi	r24, 0x75	; 117
    3ff6:	31 f4       	brne	.+12     	; 0x4004 <__DATA_REGION_LENGTH__+0x4>
    3ff8:	23 2d       	mov	r18, r3
    3ffa:	2f 7e       	andi	r18, 0xEF	; 239
    3ffc:	b2 2e       	mov	r11, r18
    3ffe:	2a e0       	ldi	r18, 0x0A	; 10
    4000:	30 e0       	ldi	r19, 0x00	; 0
    4002:	25 c0       	rjmp	.+74     	; 0x404e <__DATA_REGION_LENGTH__+0x4e>
    4004:	93 2d       	mov	r25, r3
    4006:	99 7f       	andi	r25, 0xF9	; 249
    4008:	b9 2e       	mov	r11, r25
    400a:	8f 36       	cpi	r24, 0x6F	; 111
    400c:	c1 f0       	breq	.+48     	; 0x403e <__DATA_REGION_LENGTH__+0x3e>
    400e:	18 f4       	brcc	.+6      	; 0x4016 <__DATA_REGION_LENGTH__+0x16>
    4010:	88 35       	cpi	r24, 0x58	; 88
    4012:	79 f0       	breq	.+30     	; 0x4032 <__DATA_REGION_LENGTH__+0x32>
    4014:	ae c0       	rjmp	.+348    	; 0x4172 <__DATA_REGION_LENGTH__+0x172>
    4016:	80 37       	cpi	r24, 0x70	; 112
    4018:	19 f0       	breq	.+6      	; 0x4020 <__DATA_REGION_LENGTH__+0x20>
    401a:	88 37       	cpi	r24, 0x78	; 120
    401c:	21 f0       	breq	.+8      	; 0x4026 <__DATA_REGION_LENGTH__+0x26>
    401e:	a9 c0       	rjmp	.+338    	; 0x4172 <__DATA_REGION_LENGTH__+0x172>
    4020:	e9 2f       	mov	r30, r25
    4022:	e0 61       	ori	r30, 0x10	; 16
    4024:	be 2e       	mov	r11, r30
    4026:	b4 fe       	sbrs	r11, 4
    4028:	0d c0       	rjmp	.+26     	; 0x4044 <__DATA_REGION_LENGTH__+0x44>
    402a:	fb 2d       	mov	r31, r11
    402c:	f4 60       	ori	r31, 0x04	; 4
    402e:	bf 2e       	mov	r11, r31
    4030:	09 c0       	rjmp	.+18     	; 0x4044 <__DATA_REGION_LENGTH__+0x44>
    4032:	34 fe       	sbrs	r3, 4
    4034:	0a c0       	rjmp	.+20     	; 0x404a <__DATA_REGION_LENGTH__+0x4a>
    4036:	29 2f       	mov	r18, r25
    4038:	26 60       	ori	r18, 0x06	; 6
    403a:	b2 2e       	mov	r11, r18
    403c:	06 c0       	rjmp	.+12     	; 0x404a <__DATA_REGION_LENGTH__+0x4a>
    403e:	28 e0       	ldi	r18, 0x08	; 8
    4040:	30 e0       	ldi	r19, 0x00	; 0
    4042:	05 c0       	rjmp	.+10     	; 0x404e <__DATA_REGION_LENGTH__+0x4e>
    4044:	20 e1       	ldi	r18, 0x10	; 16
    4046:	30 e0       	ldi	r19, 0x00	; 0
    4048:	02 c0       	rjmp	.+4      	; 0x404e <__DATA_REGION_LENGTH__+0x4e>
    404a:	20 e1       	ldi	r18, 0x10	; 16
    404c:	32 e0       	ldi	r19, 0x02	; 2
    404e:	f8 01       	movw	r30, r16
    4050:	b7 fe       	sbrs	r11, 7
    4052:	07 c0       	rjmp	.+14     	; 0x4062 <__DATA_REGION_LENGTH__+0x62>
    4054:	60 81       	ld	r22, Z
    4056:	71 81       	ldd	r23, Z+1	; 0x01
    4058:	82 81       	ldd	r24, Z+2	; 0x02
    405a:	93 81       	ldd	r25, Z+3	; 0x03
    405c:	0c 5f       	subi	r16, 0xFC	; 252
    405e:	1f 4f       	sbci	r17, 0xFF	; 255
    4060:	06 c0       	rjmp	.+12     	; 0x406e <__DATA_REGION_LENGTH__+0x6e>
    4062:	60 81       	ld	r22, Z
    4064:	71 81       	ldd	r23, Z+1	; 0x01
    4066:	80 e0       	ldi	r24, 0x00	; 0
    4068:	90 e0       	ldi	r25, 0x00	; 0
    406a:	0e 5f       	subi	r16, 0xFE	; 254
    406c:	1f 4f       	sbci	r17, 0xFF	; 255
    406e:	a3 01       	movw	r20, r6
    4070:	ee d0       	rcall	.+476    	; 0x424e <__ultoa_invert>
    4072:	88 2e       	mov	r8, r24
    4074:	86 18       	sub	r8, r6
    4076:	fb 2d       	mov	r31, r11
    4078:	ff 77       	andi	r31, 0x7F	; 127
    407a:	3f 2e       	mov	r3, r31
    407c:	36 fe       	sbrs	r3, 6
    407e:	0d c0       	rjmp	.+26     	; 0x409a <__DATA_REGION_LENGTH__+0x9a>
    4080:	23 2d       	mov	r18, r3
    4082:	2e 7f       	andi	r18, 0xFE	; 254
    4084:	a2 2e       	mov	r10, r18
    4086:	89 14       	cp	r8, r9
    4088:	58 f4       	brcc	.+22     	; 0x40a0 <__DATA_REGION_LENGTH__+0xa0>
    408a:	34 fe       	sbrs	r3, 4
    408c:	0b c0       	rjmp	.+22     	; 0x40a4 <__DATA_REGION_LENGTH__+0xa4>
    408e:	32 fc       	sbrc	r3, 2
    4090:	09 c0       	rjmp	.+18     	; 0x40a4 <__DATA_REGION_LENGTH__+0xa4>
    4092:	83 2d       	mov	r24, r3
    4094:	8e 7e       	andi	r24, 0xEE	; 238
    4096:	a8 2e       	mov	r10, r24
    4098:	05 c0       	rjmp	.+10     	; 0x40a4 <__DATA_REGION_LENGTH__+0xa4>
    409a:	b8 2c       	mov	r11, r8
    409c:	a3 2c       	mov	r10, r3
    409e:	03 c0       	rjmp	.+6      	; 0x40a6 <__DATA_REGION_LENGTH__+0xa6>
    40a0:	b8 2c       	mov	r11, r8
    40a2:	01 c0       	rjmp	.+2      	; 0x40a6 <__DATA_REGION_LENGTH__+0xa6>
    40a4:	b9 2c       	mov	r11, r9
    40a6:	a4 fe       	sbrs	r10, 4
    40a8:	0f c0       	rjmp	.+30     	; 0x40c8 <__DATA_REGION_LENGTH__+0xc8>
    40aa:	fe 01       	movw	r30, r28
    40ac:	e8 0d       	add	r30, r8
    40ae:	f1 1d       	adc	r31, r1
    40b0:	80 81       	ld	r24, Z
    40b2:	80 33       	cpi	r24, 0x30	; 48
    40b4:	21 f4       	brne	.+8      	; 0x40be <__DATA_REGION_LENGTH__+0xbe>
    40b6:	9a 2d       	mov	r25, r10
    40b8:	99 7e       	andi	r25, 0xE9	; 233
    40ba:	a9 2e       	mov	r10, r25
    40bc:	09 c0       	rjmp	.+18     	; 0x40d0 <__DATA_REGION_LENGTH__+0xd0>
    40be:	a2 fe       	sbrs	r10, 2
    40c0:	06 c0       	rjmp	.+12     	; 0x40ce <__DATA_REGION_LENGTH__+0xce>
    40c2:	b3 94       	inc	r11
    40c4:	b3 94       	inc	r11
    40c6:	04 c0       	rjmp	.+8      	; 0x40d0 <__DATA_REGION_LENGTH__+0xd0>
    40c8:	8a 2d       	mov	r24, r10
    40ca:	86 78       	andi	r24, 0x86	; 134
    40cc:	09 f0       	breq	.+2      	; 0x40d0 <__DATA_REGION_LENGTH__+0xd0>
    40ce:	b3 94       	inc	r11
    40d0:	a3 fc       	sbrc	r10, 3
    40d2:	10 c0       	rjmp	.+32     	; 0x40f4 <__DATA_REGION_LENGTH__+0xf4>
    40d4:	a0 fe       	sbrs	r10, 0
    40d6:	06 c0       	rjmp	.+12     	; 0x40e4 <__DATA_REGION_LENGTH__+0xe4>
    40d8:	b2 14       	cp	r11, r2
    40da:	80 f4       	brcc	.+32     	; 0x40fc <__DATA_REGION_LENGTH__+0xfc>
    40dc:	28 0c       	add	r2, r8
    40de:	92 2c       	mov	r9, r2
    40e0:	9b 18       	sub	r9, r11
    40e2:	0d c0       	rjmp	.+26     	; 0x40fe <__DATA_REGION_LENGTH__+0xfe>
    40e4:	b2 14       	cp	r11, r2
    40e6:	58 f4       	brcc	.+22     	; 0x40fe <__DATA_REGION_LENGTH__+0xfe>
    40e8:	b6 01       	movw	r22, r12
    40ea:	80 e2       	ldi	r24, 0x20	; 32
    40ec:	90 e0       	ldi	r25, 0x00	; 0
    40ee:	73 d0       	rcall	.+230    	; 0x41d6 <fputc>
    40f0:	b3 94       	inc	r11
    40f2:	f8 cf       	rjmp	.-16     	; 0x40e4 <__DATA_REGION_LENGTH__+0xe4>
    40f4:	b2 14       	cp	r11, r2
    40f6:	18 f4       	brcc	.+6      	; 0x40fe <__DATA_REGION_LENGTH__+0xfe>
    40f8:	2b 18       	sub	r2, r11
    40fa:	02 c0       	rjmp	.+4      	; 0x4100 <__DATA_REGION_LENGTH__+0x100>
    40fc:	98 2c       	mov	r9, r8
    40fe:	21 2c       	mov	r2, r1
    4100:	a4 fe       	sbrs	r10, 4
    4102:	0f c0       	rjmp	.+30     	; 0x4122 <__DATA_REGION_LENGTH__+0x122>
    4104:	b6 01       	movw	r22, r12
    4106:	80 e3       	ldi	r24, 0x30	; 48
    4108:	90 e0       	ldi	r25, 0x00	; 0
    410a:	65 d0       	rcall	.+202    	; 0x41d6 <fputc>
    410c:	a2 fe       	sbrs	r10, 2
    410e:	16 c0       	rjmp	.+44     	; 0x413c <__DATA_REGION_LENGTH__+0x13c>
    4110:	a1 fc       	sbrc	r10, 1
    4112:	03 c0       	rjmp	.+6      	; 0x411a <__DATA_REGION_LENGTH__+0x11a>
    4114:	88 e7       	ldi	r24, 0x78	; 120
    4116:	90 e0       	ldi	r25, 0x00	; 0
    4118:	02 c0       	rjmp	.+4      	; 0x411e <__DATA_REGION_LENGTH__+0x11e>
    411a:	88 e5       	ldi	r24, 0x58	; 88
    411c:	90 e0       	ldi	r25, 0x00	; 0
    411e:	b6 01       	movw	r22, r12
    4120:	0c c0       	rjmp	.+24     	; 0x413a <__DATA_REGION_LENGTH__+0x13a>
    4122:	8a 2d       	mov	r24, r10
    4124:	86 78       	andi	r24, 0x86	; 134
    4126:	51 f0       	breq	.+20     	; 0x413c <__DATA_REGION_LENGTH__+0x13c>
    4128:	a1 fe       	sbrs	r10, 1
    412a:	02 c0       	rjmp	.+4      	; 0x4130 <__DATA_REGION_LENGTH__+0x130>
    412c:	8b e2       	ldi	r24, 0x2B	; 43
    412e:	01 c0       	rjmp	.+2      	; 0x4132 <__DATA_REGION_LENGTH__+0x132>
    4130:	80 e2       	ldi	r24, 0x20	; 32
    4132:	a7 fc       	sbrc	r10, 7
    4134:	8d e2       	ldi	r24, 0x2D	; 45
    4136:	b6 01       	movw	r22, r12
    4138:	90 e0       	ldi	r25, 0x00	; 0
    413a:	4d d0       	rcall	.+154    	; 0x41d6 <fputc>
    413c:	89 14       	cp	r8, r9
    413e:	30 f4       	brcc	.+12     	; 0x414c <__DATA_REGION_LENGTH__+0x14c>
    4140:	b6 01       	movw	r22, r12
    4142:	80 e3       	ldi	r24, 0x30	; 48
    4144:	90 e0       	ldi	r25, 0x00	; 0
    4146:	47 d0       	rcall	.+142    	; 0x41d6 <fputc>
    4148:	9a 94       	dec	r9
    414a:	f8 cf       	rjmp	.-16     	; 0x413c <__DATA_REGION_LENGTH__+0x13c>
    414c:	8a 94       	dec	r8
    414e:	f3 01       	movw	r30, r6
    4150:	e8 0d       	add	r30, r8
    4152:	f1 1d       	adc	r31, r1
    4154:	80 81       	ld	r24, Z
    4156:	b6 01       	movw	r22, r12
    4158:	90 e0       	ldi	r25, 0x00	; 0
    415a:	3d d0       	rcall	.+122    	; 0x41d6 <fputc>
    415c:	81 10       	cpse	r8, r1
    415e:	f6 cf       	rjmp	.-20     	; 0x414c <__DATA_REGION_LENGTH__+0x14c>
    4160:	22 20       	and	r2, r2
    4162:	09 f4       	brne	.+2      	; 0x4166 <__DATA_REGION_LENGTH__+0x166>
    4164:	4e ce       	rjmp	.-868    	; 0x3e02 <vfprintf+0x46>
    4166:	b6 01       	movw	r22, r12
    4168:	80 e2       	ldi	r24, 0x20	; 32
    416a:	90 e0       	ldi	r25, 0x00	; 0
    416c:	34 d0       	rcall	.+104    	; 0x41d6 <fputc>
    416e:	2a 94       	dec	r2
    4170:	f7 cf       	rjmp	.-18     	; 0x4160 <__DATA_REGION_LENGTH__+0x160>
    4172:	f6 01       	movw	r30, r12
    4174:	86 81       	ldd	r24, Z+6	; 0x06
    4176:	97 81       	ldd	r25, Z+7	; 0x07
    4178:	02 c0       	rjmp	.+4      	; 0x417e <__DATA_REGION_LENGTH__+0x17e>
    417a:	8f ef       	ldi	r24, 0xFF	; 255
    417c:	9f ef       	ldi	r25, 0xFF	; 255
    417e:	2b 96       	adiw	r28, 0x0b	; 11
    4180:	cd bf       	out	0x3d, r28	; 61
    4182:	de bf       	out	0x3e, r29	; 62
    4184:	df 91       	pop	r29
    4186:	cf 91       	pop	r28
    4188:	1f 91       	pop	r17
    418a:	0f 91       	pop	r16
    418c:	ff 90       	pop	r15
    418e:	ef 90       	pop	r14
    4190:	df 90       	pop	r13
    4192:	cf 90       	pop	r12
    4194:	bf 90       	pop	r11
    4196:	af 90       	pop	r10
    4198:	9f 90       	pop	r9
    419a:	8f 90       	pop	r8
    419c:	7f 90       	pop	r7
    419e:	6f 90       	pop	r6
    41a0:	5f 90       	pop	r5
    41a2:	4f 90       	pop	r4
    41a4:	3f 90       	pop	r3
    41a6:	2f 90       	pop	r2
    41a8:	08 95       	ret

000041aa <strnlen_P>:
    41aa:	fc 01       	movw	r30, r24
    41ac:	05 90       	lpm	r0, Z+
    41ae:	61 50       	subi	r22, 0x01	; 1
    41b0:	70 40       	sbci	r23, 0x00	; 0
    41b2:	01 10       	cpse	r0, r1
    41b4:	d8 f7       	brcc	.-10     	; 0x41ac <strnlen_P+0x2>
    41b6:	80 95       	com	r24
    41b8:	90 95       	com	r25
    41ba:	8e 0f       	add	r24, r30
    41bc:	9f 1f       	adc	r25, r31
    41be:	08 95       	ret

000041c0 <strnlen>:
    41c0:	fc 01       	movw	r30, r24
    41c2:	61 50       	subi	r22, 0x01	; 1
    41c4:	70 40       	sbci	r23, 0x00	; 0
    41c6:	01 90       	ld	r0, Z+
    41c8:	01 10       	cpse	r0, r1
    41ca:	d8 f7       	brcc	.-10     	; 0x41c2 <strnlen+0x2>
    41cc:	80 95       	com	r24
    41ce:	90 95       	com	r25
    41d0:	8e 0f       	add	r24, r30
    41d2:	9f 1f       	adc	r25, r31
    41d4:	08 95       	ret

000041d6 <fputc>:
    41d6:	0f 93       	push	r16
    41d8:	1f 93       	push	r17
    41da:	cf 93       	push	r28
    41dc:	df 93       	push	r29
    41de:	fb 01       	movw	r30, r22
    41e0:	23 81       	ldd	r18, Z+3	; 0x03
    41e2:	21 fd       	sbrc	r18, 1
    41e4:	03 c0       	rjmp	.+6      	; 0x41ec <fputc+0x16>
    41e6:	8f ef       	ldi	r24, 0xFF	; 255
    41e8:	9f ef       	ldi	r25, 0xFF	; 255
    41ea:	2c c0       	rjmp	.+88     	; 0x4244 <fputc+0x6e>
    41ec:	22 ff       	sbrs	r18, 2
    41ee:	16 c0       	rjmp	.+44     	; 0x421c <fputc+0x46>
    41f0:	46 81       	ldd	r20, Z+6	; 0x06
    41f2:	57 81       	ldd	r21, Z+7	; 0x07
    41f4:	24 81       	ldd	r18, Z+4	; 0x04
    41f6:	35 81       	ldd	r19, Z+5	; 0x05
    41f8:	42 17       	cp	r20, r18
    41fa:	53 07       	cpc	r21, r19
    41fc:	44 f4       	brge	.+16     	; 0x420e <fputc+0x38>
    41fe:	a0 81       	ld	r26, Z
    4200:	b1 81       	ldd	r27, Z+1	; 0x01
    4202:	9d 01       	movw	r18, r26
    4204:	2f 5f       	subi	r18, 0xFF	; 255
    4206:	3f 4f       	sbci	r19, 0xFF	; 255
    4208:	20 83       	st	Z, r18
    420a:	31 83       	std	Z+1, r19	; 0x01
    420c:	8c 93       	st	X, r24
    420e:	26 81       	ldd	r18, Z+6	; 0x06
    4210:	37 81       	ldd	r19, Z+7	; 0x07
    4212:	2f 5f       	subi	r18, 0xFF	; 255
    4214:	3f 4f       	sbci	r19, 0xFF	; 255
    4216:	26 83       	std	Z+6, r18	; 0x06
    4218:	37 83       	std	Z+7, r19	; 0x07
    421a:	14 c0       	rjmp	.+40     	; 0x4244 <fputc+0x6e>
    421c:	8b 01       	movw	r16, r22
    421e:	ec 01       	movw	r28, r24
    4220:	fb 01       	movw	r30, r22
    4222:	00 84       	ldd	r0, Z+8	; 0x08
    4224:	f1 85       	ldd	r31, Z+9	; 0x09
    4226:	e0 2d       	mov	r30, r0
    4228:	19 95       	eicall
    422a:	89 2b       	or	r24, r25
    422c:	e1 f6       	brne	.-72     	; 0x41e6 <fputc+0x10>
    422e:	d8 01       	movw	r26, r16
    4230:	16 96       	adiw	r26, 0x06	; 6
    4232:	8d 91       	ld	r24, X+
    4234:	9c 91       	ld	r25, X
    4236:	17 97       	sbiw	r26, 0x07	; 7
    4238:	01 96       	adiw	r24, 0x01	; 1
    423a:	16 96       	adiw	r26, 0x06	; 6
    423c:	8d 93       	st	X+, r24
    423e:	9c 93       	st	X, r25
    4240:	17 97       	sbiw	r26, 0x07	; 7
    4242:	ce 01       	movw	r24, r28
    4244:	df 91       	pop	r29
    4246:	cf 91       	pop	r28
    4248:	1f 91       	pop	r17
    424a:	0f 91       	pop	r16
    424c:	08 95       	ret

0000424e <__ultoa_invert>:
    424e:	fa 01       	movw	r30, r20
    4250:	aa 27       	eor	r26, r26
    4252:	28 30       	cpi	r18, 0x08	; 8
    4254:	51 f1       	breq	.+84     	; 0x42aa <__ultoa_invert+0x5c>
    4256:	20 31       	cpi	r18, 0x10	; 16
    4258:	81 f1       	breq	.+96     	; 0x42ba <__ultoa_invert+0x6c>
    425a:	e8 94       	clt
    425c:	6f 93       	push	r22
    425e:	6e 7f       	andi	r22, 0xFE	; 254
    4260:	6e 5f       	subi	r22, 0xFE	; 254
    4262:	7f 4f       	sbci	r23, 0xFF	; 255
    4264:	8f 4f       	sbci	r24, 0xFF	; 255
    4266:	9f 4f       	sbci	r25, 0xFF	; 255
    4268:	af 4f       	sbci	r26, 0xFF	; 255
    426a:	b1 e0       	ldi	r27, 0x01	; 1
    426c:	3e d0       	rcall	.+124    	; 0x42ea <__ultoa_invert+0x9c>
    426e:	b4 e0       	ldi	r27, 0x04	; 4
    4270:	3c d0       	rcall	.+120    	; 0x42ea <__ultoa_invert+0x9c>
    4272:	67 0f       	add	r22, r23
    4274:	78 1f       	adc	r23, r24
    4276:	89 1f       	adc	r24, r25
    4278:	9a 1f       	adc	r25, r26
    427a:	a1 1d       	adc	r26, r1
    427c:	68 0f       	add	r22, r24
    427e:	79 1f       	adc	r23, r25
    4280:	8a 1f       	adc	r24, r26
    4282:	91 1d       	adc	r25, r1
    4284:	a1 1d       	adc	r26, r1
    4286:	6a 0f       	add	r22, r26
    4288:	71 1d       	adc	r23, r1
    428a:	81 1d       	adc	r24, r1
    428c:	91 1d       	adc	r25, r1
    428e:	a1 1d       	adc	r26, r1
    4290:	20 d0       	rcall	.+64     	; 0x42d2 <__ultoa_invert+0x84>
    4292:	09 f4       	brne	.+2      	; 0x4296 <__ultoa_invert+0x48>
    4294:	68 94       	set
    4296:	3f 91       	pop	r19
    4298:	2a e0       	ldi	r18, 0x0A	; 10
    429a:	26 9f       	mul	r18, r22
    429c:	11 24       	eor	r1, r1
    429e:	30 19       	sub	r19, r0
    42a0:	30 5d       	subi	r19, 0xD0	; 208
    42a2:	31 93       	st	Z+, r19
    42a4:	de f6       	brtc	.-74     	; 0x425c <__ultoa_invert+0xe>
    42a6:	cf 01       	movw	r24, r30
    42a8:	08 95       	ret
    42aa:	46 2f       	mov	r20, r22
    42ac:	47 70       	andi	r20, 0x07	; 7
    42ae:	40 5d       	subi	r20, 0xD0	; 208
    42b0:	41 93       	st	Z+, r20
    42b2:	b3 e0       	ldi	r27, 0x03	; 3
    42b4:	0f d0       	rcall	.+30     	; 0x42d4 <__ultoa_invert+0x86>
    42b6:	c9 f7       	brne	.-14     	; 0x42aa <__ultoa_invert+0x5c>
    42b8:	f6 cf       	rjmp	.-20     	; 0x42a6 <__ultoa_invert+0x58>
    42ba:	46 2f       	mov	r20, r22
    42bc:	4f 70       	andi	r20, 0x0F	; 15
    42be:	40 5d       	subi	r20, 0xD0	; 208
    42c0:	4a 33       	cpi	r20, 0x3A	; 58
    42c2:	18 f0       	brcs	.+6      	; 0x42ca <__ultoa_invert+0x7c>
    42c4:	49 5d       	subi	r20, 0xD9	; 217
    42c6:	31 fd       	sbrc	r19, 1
    42c8:	40 52       	subi	r20, 0x20	; 32
    42ca:	41 93       	st	Z+, r20
    42cc:	02 d0       	rcall	.+4      	; 0x42d2 <__ultoa_invert+0x84>
    42ce:	a9 f7       	brne	.-22     	; 0x42ba <__ultoa_invert+0x6c>
    42d0:	ea cf       	rjmp	.-44     	; 0x42a6 <__ultoa_invert+0x58>
    42d2:	b4 e0       	ldi	r27, 0x04	; 4
    42d4:	a6 95       	lsr	r26
    42d6:	97 95       	ror	r25
    42d8:	87 95       	ror	r24
    42da:	77 95       	ror	r23
    42dc:	67 95       	ror	r22
    42de:	ba 95       	dec	r27
    42e0:	c9 f7       	brne	.-14     	; 0x42d4 <__ultoa_invert+0x86>
    42e2:	00 97       	sbiw	r24, 0x00	; 0
    42e4:	61 05       	cpc	r22, r1
    42e6:	71 05       	cpc	r23, r1
    42e8:	08 95       	ret
    42ea:	9b 01       	movw	r18, r22
    42ec:	ac 01       	movw	r20, r24
    42ee:	0a 2e       	mov	r0, r26
    42f0:	06 94       	lsr	r0
    42f2:	57 95       	ror	r21
    42f4:	47 95       	ror	r20
    42f6:	37 95       	ror	r19
    42f8:	27 95       	ror	r18
    42fa:	ba 95       	dec	r27
    42fc:	c9 f7       	brne	.-14     	; 0x42f0 <__ultoa_invert+0xa2>
    42fe:	62 0f       	add	r22, r18
    4300:	73 1f       	adc	r23, r19
    4302:	84 1f       	adc	r24, r20
    4304:	95 1f       	adc	r25, r21
    4306:	a0 1d       	adc	r26, r0
    4308:	08 95       	ret

0000430a <__divmodsi4>:
    430a:	05 2e       	mov	r0, r21
    430c:	97 fb       	bst	r25, 7
    430e:	16 f4       	brtc	.+4      	; 0x4314 <__divmodsi4+0xa>
    4310:	00 94       	com	r0
    4312:	0f d0       	rcall	.+30     	; 0x4332 <__negsi2>
    4314:	57 fd       	sbrc	r21, 7
    4316:	05 d0       	rcall	.+10     	; 0x4322 <__divmodsi4_neg2>
    4318:	24 d0       	rcall	.+72     	; 0x4362 <__udivmodsi4>
    431a:	07 fc       	sbrc	r0, 7
    431c:	02 d0       	rcall	.+4      	; 0x4322 <__divmodsi4_neg2>
    431e:	46 f4       	brtc	.+16     	; 0x4330 <__divmodsi4_exit>
    4320:	08 c0       	rjmp	.+16     	; 0x4332 <__negsi2>

00004322 <__divmodsi4_neg2>:
    4322:	50 95       	com	r21
    4324:	40 95       	com	r20
    4326:	30 95       	com	r19
    4328:	21 95       	neg	r18
    432a:	3f 4f       	sbci	r19, 0xFF	; 255
    432c:	4f 4f       	sbci	r20, 0xFF	; 255
    432e:	5f 4f       	sbci	r21, 0xFF	; 255

00004330 <__divmodsi4_exit>:
    4330:	08 95       	ret

00004332 <__negsi2>:
    4332:	90 95       	com	r25
    4334:	80 95       	com	r24
    4336:	70 95       	com	r23
    4338:	61 95       	neg	r22
    433a:	7f 4f       	sbci	r23, 0xFF	; 255
    433c:	8f 4f       	sbci	r24, 0xFF	; 255
    433e:	9f 4f       	sbci	r25, 0xFF	; 255
    4340:	08 95       	ret

00004342 <__muluhisi3>:
    4342:	31 d0       	rcall	.+98     	; 0x43a6 <__umulhisi3>
    4344:	a5 9f       	mul	r26, r21
    4346:	90 0d       	add	r25, r0
    4348:	b4 9f       	mul	r27, r20
    434a:	90 0d       	add	r25, r0
    434c:	a4 9f       	mul	r26, r20
    434e:	80 0d       	add	r24, r0
    4350:	91 1d       	adc	r25, r1
    4352:	11 24       	eor	r1, r1
    4354:	08 95       	ret

00004356 <__mulshisi3>:
    4356:	b7 ff       	sbrs	r27, 7
    4358:	f4 cf       	rjmp	.-24     	; 0x4342 <__muluhisi3>

0000435a <__mulohisi3>:
    435a:	f3 df       	rcall	.-26     	; 0x4342 <__muluhisi3>
    435c:	82 1b       	sub	r24, r18
    435e:	93 0b       	sbc	r25, r19
    4360:	08 95       	ret

00004362 <__udivmodsi4>:
    4362:	a1 e2       	ldi	r26, 0x21	; 33
    4364:	1a 2e       	mov	r1, r26
    4366:	aa 1b       	sub	r26, r26
    4368:	bb 1b       	sub	r27, r27
    436a:	fd 01       	movw	r30, r26
    436c:	0d c0       	rjmp	.+26     	; 0x4388 <__udivmodsi4_ep>

0000436e <__udivmodsi4_loop>:
    436e:	aa 1f       	adc	r26, r26
    4370:	bb 1f       	adc	r27, r27
    4372:	ee 1f       	adc	r30, r30
    4374:	ff 1f       	adc	r31, r31
    4376:	a2 17       	cp	r26, r18
    4378:	b3 07       	cpc	r27, r19
    437a:	e4 07       	cpc	r30, r20
    437c:	f5 07       	cpc	r31, r21
    437e:	20 f0       	brcs	.+8      	; 0x4388 <__udivmodsi4_ep>
    4380:	a2 1b       	sub	r26, r18
    4382:	b3 0b       	sbc	r27, r19
    4384:	e4 0b       	sbc	r30, r20
    4386:	f5 0b       	sbc	r31, r21

00004388 <__udivmodsi4_ep>:
    4388:	66 1f       	adc	r22, r22
    438a:	77 1f       	adc	r23, r23
    438c:	88 1f       	adc	r24, r24
    438e:	99 1f       	adc	r25, r25
    4390:	1a 94       	dec	r1
    4392:	69 f7       	brne	.-38     	; 0x436e <__udivmodsi4_loop>
    4394:	60 95       	com	r22
    4396:	70 95       	com	r23
    4398:	80 95       	com	r24
    439a:	90 95       	com	r25
    439c:	9b 01       	movw	r18, r22
    439e:	ac 01       	movw	r20, r24
    43a0:	bd 01       	movw	r22, r26
    43a2:	cf 01       	movw	r24, r30
    43a4:	08 95       	ret

000043a6 <__umulhisi3>:
    43a6:	a2 9f       	mul	r26, r18
    43a8:	b0 01       	movw	r22, r0
    43aa:	b3 9f       	mul	r27, r19
    43ac:	c0 01       	movw	r24, r0
    43ae:	a3 9f       	mul	r26, r19
    43b0:	70 0d       	add	r23, r0
    43b2:	81 1d       	adc	r24, r1
    43b4:	11 24       	eor	r1, r1
    43b6:	91 1d       	adc	r25, r1
    43b8:	b2 9f       	mul	r27, r18
    43ba:	70 0d       	add	r23, r0
    43bc:	81 1d       	adc	r24, r1
    43be:	11 24       	eor	r1, r1
    43c0:	91 1d       	adc	r25, r1
    43c2:	08 95       	ret

000043c4 <_exit>:
    43c4:	f8 94       	cli

000043c6 <__stop_program>:
    43c6:	ff cf       	rjmp	.-2      	; 0x43c6 <__stop_program>
